#include "lvgl/lvgl.h"

static const LV_ATTRIBUTE_MEM_ALIGN LV_ATTRIBUTE_LARGE_CONST uint8_t timer_icon_map[] = {
    0xff,0xff,0xff,0x00,0xff,0xff,0xff,0x00,0xff,0xff,0xff,0x00,0xff,0xff,0xff,0x00,
    0xff,0xff,0xff,0x00,0xff,0xff,0xff,0x00,0xff,0xff,0xff,0x00,0xff,0xff,0xff,0x00,
    0xff,0xff,0xff,0x00,0xff,0xff,0xff,0x00,0xff,0xff,0xff,0x00,0xff,0xff,0xff,0x00,
    0xff,0xff,0xff,0x00,0xff,0xff,0xff,0x00,0xff,0xff,0xff,0x00,0xff,0xff,0xff,0x00,
    0xff,0xff,0xff,0x00,0xff,0xff,0xff,0x00,0xff,0xff,0xff,0x00,0xff,0xff,0xff,0x00,
    0xff,0xff,0xff,0x00,0xff,0xff,0xff,0x00,0xff,0xff,0xff,0x00,0xff,0xff,0xff,0x00,
    0xff,0xff,0xff,0x00,0xff,0xff,0xff,0x00,0xff,0xff,0xff,0x00,0xff,0xff,0xff,0x00,
    0xff,0xff,0xff,0x00,0xff,0xff,0xff,0x00,0xff,0xff,0xff,0x00,0xff,0xff,0xff,0x00,
    0xff,0xff,0xff,0x00,0xff,0xff,0xff,0x00,0xff,0xff,0xff,0x00,0xff,0xff,0xff,0x00,
    0xff,0xff,0xff,0x00,0xff,0xff,0xff,0x00,0xff,0xff,0xff,0x00,0xff,0xff,0xff,0x00,
    0xff,0xff,0xff,0x00,0xff,0xff,0xff,0x00,0xff,0xff,0xff,0x00,0xff,0xff,0xff,0x00,
    0xff,0xff,0xff,0x00,0xff,0xff,0xff,0x00,0xff,0xff,0xff,0x00,0xff,0xff,0xff,0x00,
    0xff,0xff,0xff,0x00,0xff,0xff,0xff,0x00,0xff,0xff,0xff,0x00,0xff,0xff,0xff,0x00,
    0xff,0xff,0xff,0x00,0xff,0xff,0xff,0x00,0xff,0xff,0xff,0x00,0xff,0xff,0xff,0x00,
    0xff,0xff,0xff,0x00,0xff,0xff,0xff,0x00,0xff,0xff,0xff,0x00,0xff,0xff,0xff,0x00,
    0xff,0xff,0xff,0x00,0xff,0xff,0xff,0x00,0xff,0xff,0xff,0x00,0xff,0xff,0xff,0x00,
    0xff,0xff,0xff,0x00,0xff,0xff,0xff,0x00,0xff,0xff,0xff,0x00,0xff,0xff,0xff,0x00,
    0xff,0xff,0xff,0x00,0xff,0xff,0xff,0x00,0xff,0xff,0xff,0x00,0xff,0xff,0xff,0x00,
    0xff,0xff,0xff,0x00,0xff,0xff,0xff,0x00,0xff,0xff,0xff,0x00,0xff,0xff,0xff,0x00,
    0xff,0xff,0xff,0x00,0xff,0xff,0xff,0x00,0xff,0xff,0xff,0x00,0xff,0xff,0xff,0x00,
    0xff,0xff,0xff,0x00,0xff,0xff,0xff,0x00,0xff,0xff,0xff,0x00,0xff,0xff,0xff,0x00,
    0xff,0xff,0xff,0x00,0xff,0xff,0xff,0x00,0xff,0xff,0xff,0x00,0xff,0xff,0xff,0x00,
    0xff,0xff,0xff,0x00,0xff,0xff,0xff,0x00,0xff,0xff,0xff,0x00,0xff,0xff,0xff,0x00,
    0xff,0xff,0xff,0x00,0xff,0xff,0xff,0x00,0xff,0xff,0xff,0x00,0xff,0xff,0xff,0x00,
    0xff,0xff,0xff,0x00,0xff,0xff,0xff,0x00,0xff,0xff,0xff,0x00,0xff,0xff,0xff,0x00,
    0xff,0xff,0xff,0x00,0xff,0xff,0xff,0x00,0xff,0xff,0xff,0x00,0xff,0xff,0xff,0x00,
    0xff,0xff,0xff,0x00,0xff,0xff,0xff,0x00,0xff,0xff,0xff,0x00,0xff,0xff,0xff,0x00,
    0xff,0xff,0xff,0x00,0xff,0xff,0xff,0x00,0xff,0xff,0xff,0x00,0xff,0xff,0xff,0x00,
    0xff,0xff,0xff,0x00,0xff,0xff,0xff,0x00,0xff,0xff,0xff,0x00,0xff,0xff,0xff,0x00,
    0xff,0xff,0xff,0x00,0xff,0xff,0xff,0x00,0xff,0xff,0xff,0x00,0xff,0xff,0xff,0x00,
    0xff,0xff,0xff,0x00,0xff,0xff,0xff,0x00,0xff,0xff,0xff,0x00,0xff,0xff,0xff,0x00,
    0xff,0xff,0xff,0x00,0xff,0xff,0xff,0x00,0xff,0xff,0xff,0x00,0xff,0xff,0xff,0x00,
    0xff,0xff,0xff,0x00,0xff,0xff,0xff,0x00,0xff,0xff,0xff,0x00,0xff,0xff,0xff,0x00,
    0xff,0xff,0xff,0x00,0xff,0xff,0xff,0x00,0xff,0xff,0xff,0x00,0xff,0xff,0xff,0x00,
    0xff,0xff,0xff,0x00,0xff,0xff,0xff,0x00,0xff,0xff,0xff,0x00,0xff,0xff,0xff,0x00,
    0xff,0xff,0xff,0x00,0xff,0xff,0xff,0x00,0xff,0xff,0xff,0x00,0xff,0xff,0xff,0x00,
    0xff,0xff,0xff,0x00,0xff,0xff,0xff,0x00,0xff,0xff,0xff,0x00,0xff,0xff,0xff,0x00,
    0xff,0xff,0xff,0x00,0xff,0xff,0xff,0x00,0xff,0xff,0xff,0x00,0xff,0xff,0xff,0x00,
    0xff,0xff,0xff,0x00,0xff,0xff,0xff,0x00,0xff,0xff,0xff,0x00,0xff,0xff,0xff,0x00,
    0xff,0xff,0xff,0x00,0xff,0xff,0xff,0x00,0xff,0xff,0xff,0x00,0xff,0xff,0xff,0x00,
    0xff,0xff,0xff,0x00,0xff,0xff,0xff,0x00,0xff,0xff,0xff,0x00,0xff,0xff,0xff,0x00,
    0xff,0xff,0xff,0x00,0xff,0xff,0xff,0x00,0xff,0xff,0xff,0x00,0xff,0xff,0xff,0x00,
    0xff,0xff,0xff,0x00,0xff,0xff,0xff,0x00,0xff,0xff,0xff,0x00,0xff,0xff,0xff,0x00,
    0xff,0xff,0xff,0x00,0xff,0xff,0xff,0x00,0xff,0xff,0xff,0x00,0xff,0xff,0xff,0x00,
    0xff,0xff,0xff,0x00,0xff,0xff,0xff,0x00,0xff,0xff,0xff,0x00,0xff,0xff,0xff,0x00,
    0xff,0xff,0xff,0x00,0xff,0xff,0xff,0x00,0xff,0xff,0xff,0x00,0xff,0xff,0xff,0x00,
    0xff,0xff,0xff,0x00,0xff,0xff,0xff,0x00,0xff,0xff,0xff,0x00,0xff,0xff,0xff,0x00,
    0xff,0xff,0xff,0x00,0xff,0xff,0xff,0x00,0xff,0xff,0xff,0x00,0xff,0xff,0xff,0x00,
    0xff,0xff,0xff,0x00,0xff,0xff,0xff,0x00,0xff,0xff,0xff,0x00,0xff,0xff,0xff,0x00,
    0xff,0xff,0xff,0x00,0xff,0xff,0xff,0x00,0xff,0xff,0xff,0x00,0xff,0xff,0xff,0x00,
    0xff,0xff,0xff,0x00,0xff,0xff,0xff,0x00,0xff,0xff,0xff,0x00,0xff,0xff,0xff,0x00,
    0xff,0xff,0xff,0x00,0xff,0xff,0xff,0x00,0xff,0xff,0xff,0x00,0xff,0xff,0xff,0x00,
    0xff,0xff,0xff,0x00,0xff,0xff,0xff,0x00,0xff,0xff,0xff,0x00,0xff,0xff,0xff,0x00,
    0xff,0xff,0xff,0x00,0xff,0xff,0xff,0x00,0xff,0xff,0xff,0x00,0xff,0xff,0xff,0x00,
    0xff,0xff,0xff,0x00,0xff,0xff,0xff,0x00,0xff,0xff,0xff,0x00,0xff,0xff,0xff,0x00,
    0xff,0xff,0xff,0x00,0xff,0xff,0xff,0x00,0xff,0xff,0xff,0x00,0xff,0xff,0xff,0x00,
    0xff,0xff,0xff,0x00,0xff,0xff,0xff,0x00,0xff,0xff,0xff,0x00,0xff,0xff,0xff,0x00,
    0xff,0xff,0xff,0x00,0xff,0xff,0xff,0x00,0xff,0xff,0xff,0x00,0xff,0xff,0xff,0x00,
    0xff,0xff,0xff,0x00,0xff,0xff,0xff,0x00,0xff,0xff,0xff,0x00,0xff,0xff,0xff,0x00,
    0xff,0xff,0xff,0x00,0xff,0xff,0xff,0x00,0xff,0xff,0xff,0x00,0xff,0xff,0xff,0x00,
    0xff,0xff,0xff,0x00,0xff,0xff,0xff,0x00,0xff,0xff,0xff,0x00,0xff,0xff,0xff,0x00,
    0xff,0xff,0xff,0x00,0xff,0xff,0xff,0x00,0xff,0xff,0xff,0x00,0xff,0xff,0xff,0x00,
    0xff,0xff,0xff,0x00,0xff,0xff,0xff,0x00,0xff,0xff,0xff,0x00,0xff,0xff,0xff,0x00,
    0xff,0xff,0xff,0x00,0xff,0xff,0xff,0x00,0xff,0xff,0xff,0x00,0xff,0xff,0xff,0x00,
    0xff,0xff,0xff,0x00,0xff,0xff,0xff,0x00,0xff,0xff,0xff,0x00,0xff,0xff,0xff,0x00,
    0xff,0xff,0xff,0x00,0xff,0xff,0xff,0x00,0xff,0xff,0xff,0x00,0xff,0xff,0xff,0x00,
    0xff,0xff,0xff,0x00,0xff,0xff,0xff,0x00,0xff,0xff,0xff,0x00,0xff,0xff,0xff,0x00,
    0xff,0xff,0xff,0x00,0xff,0xff,0xff,0x00,0xff,0xff,0xff,0x00,0xff,0xff,0xff,0x00,
    0xff,0xff,0xff,0x00,0xff,0xff,0xff,0x00,0xff,0xff,0xff,0x00,0xff,0xff,0xff,0x00,
    0xff,0xff,0xff,0x00,0xff,0xff,0xff,0x00,0xff,0xff,0xff,0x00,0xff,0xff,0xff,0x00,
    0xff,0xff,0xff,0x00,0xff,0xff,0xff,0x00,0xff,0xff,0xff,0x00,0xff,0xff,0xff,0x00,
    0xff,0xff,0xff,0x00,0xff,0xff,0xff,0x00,0xff,0xff,0xff,0x00,0xff,0xff,0xff,0x00,
    0xff,0xff,0xff,0x00,0xff,0xff,0xff,0x00,0xff,0xff,0xff,0x00,0xff,0xff,0xff,0x00,
    0xff,0xff,0xff,0x00,0xff,0xff,0xff,0x00,0xff,0xff,0xff,0x00,0xff,0xff,0xff,0x00,
    0xff,0xff,0xff,0x00,0xff,0xff,0xff,0x00,0xff,0xff,0xff,0x00,0xff,0xff,0xff,0x00,
    0xff,0xff,0xff,0x00,0xff,0xff,0xff,0x00,0xff,0xff,0xff,0x00,0xff,0xff,0xff,0x00,
    0xff,0xff,0xff,0x00,0xff,0xff,0xff,0x00,0xff,0xff,0xff,0x00,0xff,0xff,0xff,0x00,
    0xff,0xff,0xff,0x00,0xff,0xff,0xff,0x00,0xff,0xff,0xff,0x00,0xff,0xff,0xff,0x00,
    0xff,0xff,0xff,0x00,0xff,0xff,0xff,0x00,0xff,0xff,0xff,0x00,0xff,0xff,0xff,0x00,
    0xff,0xff,0xff,0x00,0xff,0xff,0xff,0x00,0xff,0xff,0xff,0x00,0xff,0xff,0xff,0x00,
    0xff,0xff,0xff,0x00,0xff,0xff,0xff,0x00,0xff,0xff,0xff,0x00,0xff,0xff,0xff,0x00,
    0xff,0xff,0xff,0x00,0xff,0xff,0xff,0x00,0xff,0xff,0xff,0x00,0xff,0xff,0xff,0x00,
    0xff,0xff,0xff,0x00,0xff,0xff,0xff,0x00,0xff,0xff,0xff,0x00,0xff,0xff,0xff,0x00,
    0xff,0xff,0xff,0x00,0xff,0xff,0xff,0x00,0xff,0xff,0xff,0x00,0xff,0xff,0xff,0x00,
    0xff,0xff,0xff,0x00,0xff,0xff,0xff,0x00,0xff,0xff,0xff,0x00,0xff,0xff,0xff,0x00,
    0xff,0xff,0xff,0x00,0xff,0xff,0xff,0x00,0xff,0xff,0xff,0x00,0xff,0xff,0xff,0x00,
    0xff,0xff,0xff,0x00,0xff,0xff,0xff,0x00,0xff,0xff,0xff,0x00,0xff,0xff,0xff,0x00,
    0xff,0xff,0xff,0x00,0xff,0xff,0xff,0x00,0xff,0xff,0xff,0x00,0xff,0xff,0xff,0x00,
    0xff,0xff,0xff,0x00,0xff,0xff,0xff,0x00,0xff,0xff,0xff,0x00,0xff,0xff,0xff,0x00,
    0xff,0xff,0xff,0x00,0xff,0xff,0xff,0x00,0xff,0xff,0xff,0x00,0xff,0xff,0xff,0x00,
    0xff,0xff,0xff,0x00,0xff,0xff,0xff,0x00,0xff,0xff,0xff,0x00,0xff,0xff,0xff,0x00,
    0xff,0xff,0xff,0x00,0xff,0xff,0xff,0x00,0xff,0xff,0xff,0x00,0xff,0xff,0xff,0x00,
    0xff,0xff,0xff,0x00,0xff,0xff,0xff,0x00,0xff,0xff,0xff,0x00,0xff,0xff,0xff,0x00,
    0xff,0xff,0xff,0x00,0xff,0xff,0xff,0x00,0xff,0xff,0xff,0x00,0xff,0xff,0xff,0x00,
    0xff,0xff,0xff,0x00,0xff,0xff,0xff,0x00,0xff,0xff,0xff,0x00,0xff,0xff,0xff,0x00,
    0xff,0xff,0xff,0x00,0xff,0xff,0xff,0x00,0xff,0xff,0xff,0x00,0xff,0xff,0xff,0x00,
    0xff,0xff,0xff,0x00,0xff,0xff,0xff,0x00,0xff,0xff,0xff,0x00,0xff,0xff,0xff,0x00,
    0xff,0xff,0xff,0x00,0xff,0xff,0xff,0x00,0xff,0xff,0xff,0x00,0xff,0xff,0xff,0x00,
    0xff,0xff,0xff,0x00,0xff,0xff,0xff,0x00,0xff,0xff,0xff,0x00,0xff,0xff,0xff,0x00,
    0xff,0xff,0xff,0x00,0xff,0xff,0xff,0x00,0xff,0xff,0xff,0x00,0xff,0xff,0xff,0x00,
    0xff,0xff,0xff,0x00,0xff,0xff,0xff,0x00,0xff,0xff,0xff,0x00,0xff,0xff,0xff,0x00,
    0xff,0xff,0xff,0x00,0xff,0xff,0xff,0x00,0xff,0xff,0xff,0x00,0xff,0xff,0xff,0x00,
    0xff,0xff,0xff,0x00,0xff,0xff,0xff,0x00,0xff,0xff,0xff,0x00,0xff,0xff,0xff,0x00,
    0xff,0xff,0xff,0x00,0xff,0xff,0xff,0x00,0xff,0xff,0xff,0x00,0xff,0xff,0xff,0x00,
    0xff,0xff,0xff,0x00,0xff,0xff,0xff,0x00,0xff,0xff,0xff,0x00,0xff,0xff,0xff,0x00,
    0xff,0xff,0xff,0x00,0xff,0xff,0xff,0x00,0xff,0xff,0xff,0x00,0xff,0xff,0xff,0x00,
    0xff,0xff,0xff,0x00,0xff,0xff,0xff,0x00,0xff,0xff,0xff,0x00,0xff,0xff,0xff,0x00,
    0xff,0xff,0xff,0x00,0xff,0xff,0xff,0x00,0xff,0xff,0xff,0x00,0xff,0xff,0xff,0x00,
    0xff,0xff,0xff,0x00,0xff,0xff,0xff,0x00,0xff,0xff,0xff,0x00,0xff,0xff,0xff,0x00,
    0xff,0xff,0xff,0x00,0xff,0xff,0xff,0x00,0xff,0xff,0xff,0x00,0xff,0xff,0xff,0x00,
    0xff,0xff,0xff,0x00,0xff,0xff,0xff,0x00,0xff,0xff,0xff,0x00,0xff,0xff,0xff,0x00,
    0xff,0xff,0xff,0x00,0xff,0xff,0xff,0x00,0xff,0xff,0xff,0x00,0xff,0xff,0xff,0x00,
    0xff,0xff,0xff,0x00,0xff,0xff,0xff,0x00,0xff,0xff,0xff,0x00,0xff,0xff,0xff,0x00,
    0xff,0xff,0xff,0x00,0xff,0xff,0xff,0x00,0xff,0xff,0xff,0x00,0xff,0xff,0xff,0x00,
    0xff,0xff,0xff,0x00,0xff,0xff,0xff,0x00,0xff,0xff,0xff,0x00,0xff,0xff,0xff,0x00,
    0xff,0xff,0xff,0x00,0xff,0xff,0xff,0x00,0xff,0xff,0xff,0x00,0xff,0xff,0xff,0x00,
    0xff,0xff,0xff,0x00,0xff,0xff,0xff,0x00,0xff,0xff,0xff,0x00,0xff,0xff,0xff,0x00,
    0xff,0xff,0xff,0x00,0xff,0xff,0xff,0x00,0xff,0xff,0xff,0x00,0xff,0xff,0xff,0x00,
    0xff,0xff,0xff,0x00,0xff,0xff,0xff,0x00,0xff,0xff,0xff,0x00,0xff,0xff,0xff,0x00,
    0xff,0xff,0xff,0x00,0xff,0xff,0xff,0x00,0xff,0xff,0xff,0x00,0xff,0xff,0xff,0x00,
    0xff,0xff,0xff,0x00,0xff,0xff,0xff,0x00,0xff,0xff,0xff,0x00,0xff,0xff,0xff,0x00,
    0xff,0xff,0xff,0x00,0xff,0xff,0xff,0x00,0xff,0xff,0xff,0x00,0xff,0xff,0xff,0x00,
    0xff,0xff,0xff,0x00,0xff,0xff,0xff,0x00,0xff,0xff,0xff,0x00,0xff,0xff,0xff,0x00,
    0xff,0xff,0xff,0x00,0xff,0xff,0xff,0x00,0xff,0xff,0xff,0x00,0xff,0xff,0xff,0x00,
    0xff,0xff,0xff,0x00,0xff,0xff,0xff,0x00,0xff,0xff,0xff,0x00,0xff,0xff,0xff,0x00,
    0xff,0xff,0xff,0x00,0xff,0xff,0xff,0x00,0xff,0xff,0xff,0x00,0xff,0xff,0xff,0x00,
    0xff,0xff,0xff,0x00,0xff,0xff,0xff,0x00,0xff,0xff,0xff,0x00,0xff,0xff,0xff,0x00,
    0xff,0xff,0xff,0x00,0xff,0xff,0xff,0x00,0xff,0xff,0xff,0x00,0xff,0xff,0xff,0x00,
    0xff,0xff,0xff,0x00,0xff,0xff,0xff,0x00,0xff,0xff,0xff,0x00,0xff,0xff,0xff,0x00,
    0xff,0xff,0xff,0x00,0xff,0xff,0xff,0x00,0xff,0xff,0xff,0x00,0xff,0xff,0xff,0x00,
    0xff,0xff,0xff,0x00,0xff,0xff,0xff,0x00,0xff,0xff,0xff,0x00,0xff,0xff,0xff,0x00,
    0xff,0xff,0xff,0x00,0xff,0xff,0xff,0x00,0xff,0xff,0xff,0x00,0xff,0xff,0xff,0x00,
    0xff,0xff,0xff,0x00,0xff,0xff,0xff,0x00,0xff,0xff,0xff,0x00,0xff,0xff,0xff,0x00,
    0xff,0xff,0xff,0x00,0xff,0xff,0xff,0x00,0xff,0xff,0xff,0x00,0xff,0xff,0xff,0x00,
    0xff,0xff,0xff,0x00,0xff,0xff,0xff,0x00,0xff,0xff,0xff,0x00,0xff,0xff,0xff,0x00,
    0xff,0xff,0xff,0x00,0xff,0xff,0xff,0x00,0xff,0xff,0xff,0x00,0xff,0xff,0xff,0x00,
    0xff,0xff,0xff,0x00,0xff,0xff,0xff,0x00,0xff,0xff,0xff,0x00,0xff,0xff,0xff,0x00,
    0xff,0xff,0xff,0x00,0xff,0xff,0xff,0x00,0xff,0xff,0xff,0x00,0xff,0xff,0xff,0x00,
    0xff,0xff,0xff,0x00,0xff,0xff,0xff,0x00,0xff,0xff,0xff,0x00,0xff,0xff,0xff,0x00,
    0xff,0xff,0xff,0x00,0xff,0xff,0xff,0x00,0xff,0xff,0xff,0x00,0xff,0xff,0xff,0x00,
    0xff,0xff,0xff,0x00,0xff,0xff,0xff,0x00,0xff,0xff,0xff,0x00,0xff,0xff,0xff,0x00,
    0xff,0xff,0xff,0x00,0xff,0xff,0xff,0x00,0xff,0xff,0xff,0x00,0xff,0xff,0xff,0x00,
    0xff,0xff,0xff,0x00,0xff,0xff,0xff,0x00,0xff,0xff,0xff,0x00,0xff,0xff,0xff,0x00,
    0xff,0xff,0xff,0x00,0xff,0xff,0xff,0x00,0xff,0xff,0xff,0x00,0xff,0xff,0xff,0x00,
    0xff,0xff,0xff,0x00,0xff,0xff,0xff,0x00,0xff,0xff,0xff,0x00,0xff,0xff,0xff,0x00,
    0xff,0xff,0xff,0x00,0xff,0xff,0xff,0x00,0xff,0xff,0xff,0x00,0xff,0xff,0xff,0x00,
    0xff,0xff,0xff,0x00,0xff,0xff,0xff,0x00,0xff,0xff,0xff,0x00,0xff,0xff,0xff,0x00,
    0xff,0xff,0xff,0x00,0xff,0xff,0xff,0x00,0xff,0xff,0xff,0x00,0xff,0xff,0xff,0x00,
    0xff,0xff,0xff,0x00,0xff,0xff,0xff,0x00,0xff,0xff,0xff,0x00,0xff,0xff,0xff,0x00,
    0xff,0xff,0xff,0x00,0xff,0xff,0xff,0x00,0xff,0xff,0xff,0x00,0xff,0xff,0xff,0x00,
    0xff,0xff,0xff,0x00,0xff,0xff,0xff,0x00,0xff,0xff,0xff,0x00,0xff,0xff,0xff,0x00,
    0xff,0xff,0xff,0x00,0xff,0xff,0xff,0x00,0xff,0xff,0xff,0x00,0xff,0xff,0xff,0x00,
    0xff,0xff,0xff,0x00,0xff,0xff,0xff,0x00,0xff,0xff,0xff,0x00,0xff,0xff,0xff,0x00,
    0xff,0xff,0xff,0x00,0xff,0xff,0xff,0x00,0xff,0xff,0xff,0x00,0xff,0xff,0xff,0x00,
    0xff,0xff,0xff,0x00,0xff,0xff,0xff,0x00,0xff,0xff,0xff,0x00,0xff,0xff,0xff,0x00,
    0xff,0xff,0xff,0x00,0xff,0xff,0xff,0x00,0xff,0xff,0xff,0x00,0xff,0xff,0xff,0x00,
    0xff,0xff,0xff,0x00,0xff,0xff,0xff,0x00,0xff,0xff,0xff,0x00,0xff,0xff,0xff,0x00,
    0xff,0xff,0xff,0x00,0xff,0xff,0xff,0x00,0xff,0xff,0xff,0x00,0xff,0xff,0xff,0x00,
    0xff,0xff,0xff,0x00,0xff,0xff,0xff,0x00,0xff,0xff,0xff,0x00,0xff,0xff,0xff,0x00,
    0xff,0xff,0xff,0x00,0xff,0xff,0xff,0x00,0xff,0xff,0xff,0x00,0xff,0xff,0xff,0x00,
    0xff,0xff,0xff,0x00,0xff,0xff,0xff,0x00,0xff,0xff,0xff,0x00,0xff,0xff,0xff,0x00,
    0xff,0xff,0xff,0x00,0xff,0xff,0xff,0x00,0xff,0xff,0xff,0x00,0xff,0xff,0xff,0x00,
    0xff,0xff,0xff,0x00,0xff,0xff,0xff,0x00,0xff,0xff,0xff,0x00,0xff,0xff,0xff,0x00,
    0xff,0xff,0xff,0x00,0xff,0xff,0xff,0x00,0xff,0xff,0xff,0x00,0xff,0xff,0xff,0x00,
    0xff,0xff,0xff,0x00,0xff,0xff,0xff,0x00,0xff,0xff,0xff,0x00,0xff,0xff,0xff,0x00,
    0xff,0xff,0xff,0x00,0xff,0xff,0xff,0x00,0xff,0xff,0xff,0x00,0xff,0xff,0xff,0x00,
    0xff,0xff,0xff,0x00,0xff,0xff,0xff,0x00,0xff,0xff,0xff,0x00,0xff,0xff,0xff,0x00,
    0xff,0xff,0xff,0x00,0xff,0xff,0xff,0x00,0xff,0xff,0xff,0x00,0xff,0xff,0xff,0x00,
    0xff,0xff,0xff,0x00,0xff,0xff,0xff,0x00,0xff,0xff,0xff,0x00,0xff,0xff,0xff,0x00,
    0xff,0xff,0xff,0x00,0xff,0xff,0xff,0x00,0xff,0xff,0xff,0x00,0xff,0xff,0xff,0x00,
    0xff,0xff,0xff,0x00,0xff,0xff,0xff,0x00,0xff,0xff,0xff,0x00,0xff,0xff,0xff,0x00,
    0xff,0xff,0xff,0x00,0xff,0xff,0xff,0x00,0xff,0xff,0xff,0x00,0xff,0xff,0xff,0x00,
    0xff,0xff,0xff,0x00,0xff,0xff,0xff,0x00,0xff,0xff,0xff,0x00,0xff,0xff,0xff,0x00,
    0xff,0xff,0xff,0x00,0xff,0xff,0xff,0x00,0xff,0xff,0xff,0x00,0xff,0xff,0xff,0x00,
    0xff,0xff,0xff,0x00,0xff,0xff,0xff,0x00,0xff,0xff,0xff,0x00,0xff,0xff,0xff,0x00,
    0xff,0xff,0xff,0x00,0xff,0xff,0xff,0x00,0xff,0xff,0xff,0x00,0xff,0xff,0xff,0x00,
    0xff,0xff,0xff,0x00,0xff,0xff,0xff,0x00,0xff,0xff,0xff,0x00,0xff,0xff,0xff,0x00,
    0xff,0xff,0xff,0x00,0xff,0xff,0xff,0x00,0xff,0xff,0xff,0x00,0xff,0xff,0xff,0x00,
    0xff,0xff,0xff,0x00,0xff,0xff,0xff,0x00,0xff,0xff,0xff,0x00,0xff,0xff,0xff,0x00,
    0xff,0xff,0xff,0x00,0xff,0xff,0xff,0x00,0xff,0xff,0xff,0x00,0xff,0xff,0xff,0x00,
    0xff,0xff,0xff,0x00,0xff,0xff,0xff,0x00,0xff,0xff,0xff,0x00,0xff,0xff,0xff,0x00,
    0xff,0xff,0xff,0x00,0xff,0xff,0xff,0x00,0xff,0xff,0xff,0x00,0xff,0xff,0xff,0x00,
    0xff,0xff,0xff,0x00,0xff,0xff,0xff,0x00,0xff,0xff,0xff,0x00,0xff,0xff,0xff,0x00,
    0xff,0xff,0xff,0x00,0xff,0xff,0xff,0x00,0xff,0xff,0xff,0x00,0xff,0xff,0xff,0x00,
    0xff,0xff,0xff,0x00,0xff,0xff,0xff,0x00,0xff,0xff,0xff,0x00,0xff,0xff,0xff,0x00,
    0xff,0xff,0xff,0x00,0xff,0xff,0xff,0x00,0xff,0xff,0xff,0x00,0xff,0xff,0xff,0x00,
    0xff,0xff,0xff,0x00,0xff,0xff,0xff,0x00,0xff,0xff,0xff,0x00,0xff,0xff,0xff,0x00,
    0xff,0xff,0xff,0x00,0xff,0xff,0xff,0x00,0xff,0xff,0xff,0x00,0xff,0xff,0xff,0x00,
    0xff,0xff,0xff,0x00,0xff,0xff,0xff,0x00,0xff,0xff,0xff,0x00,0xff,0xff,0xff,0x00,
    0xff,0xff,0xff,0x00,0xff,0xff,0xff,0x00,0xff,0xff,0xff,0x00,0xff,0xff,0xff,0x00,
    0xff,0xff,0xff,0x00,0xff,0xff,0xff,0x00,0xff,0xff,0xff,0x00,0xff,0xff,0xff,0x00,
    0xff,0xff,0xff,0x00,0xff,0xff,0xff,0x00,0xff,0xff,0xff,0x00,0xff,0xff,0xff,0x00,
    0xff,0xff,0xff,0x00,0xff,0xff,0xff,0x00,0xff,0xff,0xff,0x00,0xff,0xff,0xff,0x00,
    0xff,0xff,0xff,0x00,0xff,0xff,0xff,0x00,0xff,0xff,0xff,0x00,0xff,0xff,0xff,0x00,
    0xff,0xff,0xff,0x00,0xff,0xff,0xff,0x00,0xff,0xff,0xff,0x00,0xff,0xff,0xff,0x00,
    0xff,0xff,0xff,0x00,0xff,0xff,0xff,0x00,0xff,0xff,0xff,0x00,0xff,0xff,0xff,0x00,
    0xff,0xff,0xff,0x00,0xff,0xff,0xff,0x00,0xff,0xff,0xff,0x00,0xff,0xff,0xff,0x00,
    0xff,0xff,0xff,0x00,0xff,0xff,0xff,0x00,0xff,0xff,0xff,0x00,0xff,0xff,0xff,0x00,
    0xff,0xff,0xff,0x00,0xff,0xff,0xff,0x00,0xff,0xff,0xff,0x00,0xff,0xff,0xff,0x00,
    0xff,0xff,0xff,0x00,0xff,0xff,0xff,0x00,0xff,0xff,0xff,0x00,0xff,0xff,0xff,0x00,
    0xff,0xff,0xff,0x00,0xff,0xff,0xff,0x00,0xff,0xff,0xff,0x00,0xff,0xff,0xff,0x00,
    0xff,0xff,0xff,0x00,0xff,0xff,0xff,0x00,0xff,0xff,0xff,0x00,0xff,0xff,0xff,0x00,
    0xff,0xff,0xff,0x00,0xff,0xff,0xff,0x00,0xff,0xff,0xff,0x00,0xff,0xff,0xff,0x00,
    0xff,0xff,0xff,0x00,0xff,0xff,0xff,0x00,0xff,0xff,0xff,0x00,0xff,0xff,0xff,0x00,
    0xff,0xff,0xff,0x00,0xff,0xff,0xff,0x00,0xff,0xff,0xff,0x00,0xff,0xff,0xff,0x00,
    0xff,0xff,0xff,0x00,0xff,0xff,0xff,0x00,0xff,0xff,0xff,0x00,0xff,0xff,0xff,0x00,
    0xff,0xff,0xff,0x00,0xff,0xff,0xff,0x00,0xff,0xff,0xff,0x00,0xff,0xff,0xff,0x00,
    0xff,0xff,0xff,0x00,0xff,0xff,0xff,0x00,0xff,0xff,0xff,0x00,0xff,0xff,0xff,0x00,
    0xff,0xff,0xff,0x00,0xff,0xff,0xff,0x00,0xff,0xff,0xff,0x00,0xff,0xff,0xff,0x00,
    0xff,0xff,0xff,0x00,0xff,0xff,0xff,0x00,0xff,0xff,0xff,0x00,0xff,0xff,0xff,0x00,
    0xff,0xff,0xff,0x00,0xff,0xff,0xff,0x00,0xff,0xff,0xff,0x00,0xff,0xff,0xff,0x00,
    0xff,0xff,0xff,0x00,0xff,0xff,0xff,0x00,0xff,0xff,0xff,0x00,0xff,0xff,0xff,0x00,
    0xff,0xff,0xff,0x00,0xff,0xff,0xff,0x00,0xff,0xff,0xff,0x00,0xff,0xff,0xff,0x00,
    0xff,0xff,0xff,0x00,0xff,0xff,0xff,0x00,0xff,0xff,0xff,0x00,0xff,0xff,0xff,0x00,
    0xff,0xff,0xff,0x00,0xff,0xff,0xff,0x00,0xff,0xff,0xff,0x00,0xff,0xff,0xff,0x00,
    0xff,0xff,0xff,0x00,0xff,0xff,0xff,0x00,0xff,0xff,0xff,0x00,0xff,0xff,0xff,0x00,
    0xff,0xff,0xff,0x00,0xff,0xff,0xff,0x00,0xff,0xff,0xff,0x00,0xff,0xff,0xff,0x00,
    0xff,0xff,0xff,0x00,0xff,0xff,0xff,0x00,0xff,0xff,0xff,0x00,0xff,0xff,0xff,0x00,
    0xff,0xff,0xff,0x00,0xff,0xff,0xff,0x00,0xff,0xff,0xff,0x00,0xff,0xff,0xff,0x00,
    0xff,0xff,0xff,0x00,0xff,0xff,0xff,0x00,0xff,0xff,0xff,0x00,0xff,0xff,0xff,0x00,
    0xff,0xff,0xff,0x00,0xff,0xff,0xff,0x00,0xff,0xff,0xff,0x00,0xff,0xff,0xff,0x00,
    0xff,0xff,0xff,0x00,0xff,0xff,0xff,0x00,0xff,0xff,0xff,0x00,0xff,0xff,0xff,0x00,
    0xff,0xff,0xff,0x00,0xff,0xff,0xff,0x00,0xff,0xff,0xff,0x00,0xff,0xff,0xff,0x00,
    0xff,0xff,0xff,0x00,0xff,0xff,0xff,0x00,0xff,0xff,0xff,0x00,0xff,0xff,0xff,0x00,
    0xff,0xff,0xff,0x00,0xff,0xff,0xff,0x00,0xff,0xff,0xff,0x00,0xff,0xff,0xff,0x00,
    0xff,0xff,0xff,0x00,0xff,0xff,0xff,0x00,0xff,0xff,0xff,0x00,0xff,0xff,0xff,0x00,
    0xff,0xff,0xff,0x00,0xff,0xff,0xff,0x00,0xff,0xff,0xff,0x00,0xff,0xff,0xff,0x00,
    0xff,0xff,0xff,0x00,0xff,0xff,0xff,0x00,0xff,0xff,0xff,0x00,0xff,0xff,0xff,0x00,
    0xff,0xff,0xff,0x00,0xff,0xff,0xff,0x00,0xff,0xff,0xff,0x00,0xff,0xff,0xff,0x00,
    0xff,0xff,0xff,0x00,0xff,0xff,0xff,0x00,0xff,0xff,0xff,0x00,0xff,0xff,0xff,0x00,
    0xff,0xff,0xff,0x00,0xff,0xff,0xff,0x00,0xff,0xff,0xff,0x00,0xff,0xff,0xff,0x00,
    0xff,0xff,0xff,0x00,0xff,0xff,0xff,0x00,0xff,0xff,0xff,0x00,0xff,0xff,0xff,0x00,
    0xff,0xff,0xff,0x00,0xff,0xff,0xff,0x00,0xff,0xff,0xff,0x00,0xff,0xff,0xff,0x00,
    0xff,0xff,0xff,0x00,0xff,0xff,0xff,0x00,0xff,0xff,0xff,0x00,0xff,0xff,0xff,0x00,
    0xff,0xff,0xff,0x00,0xff,0xff,0xff,0x00,0xff,0xff,0xff,0x00,0xff,0xff,0xff,0x00,
    0xff,0xff,0xff,0x00,0xff,0xff,0xff,0x00,0xff,0xff,0xff,0x00,0xff,0xff,0xff,0x00,
    0xff,0xff,0xff,0x00,0xff,0xff,0xff,0x00,0xff,0xff,0xff,0x00,0xff,0xff,0xff,0x00,
    0xff,0xff,0xff,0x00,0xff,0xff,0xff,0x00,0xff,0xff,0xff,0x00,0xff,0xff,0xff,0x00,
    0xff,0xff,0xff,0x00,0xff,0xff,0xff,0x00,0xff,0xff,0xff,0x00,0xff,0xff,0xff,0x00,
    0xff,0xff,0xff,0x00,0xff,0xff,0xff,0x00,0xff,0xff,0xff,0x00,0xff,0xff,0xff,0x00,
    0xff,0xff,0xff,0x00,0xff,0xff,0xff,0x00,0xff,0xff,0xff,0x00,0xff,0xff,0xff,0x00,
    0xff,0xff,0xff,0x00,0xff,0xff,0xff,0x00,0xff,0xff,0xff,0x00,0xff,0xff,0xff,0x00,
    0xff,0xff,0xff,0x00,0xff,0xff,0xff,0x00,0xff,0xff,0xff,0x00,0xff,0xff,0xff,0x00,
    0xff,0xff,0xff,0x00,0xff,0xff,0xff,0x00,0xff,0xff,0xff,0x00,0xff,0xff,0xff,0x00,
    0xff,0xff,0xff,0x00,0xff,0xff,0xff,0x00,0xff,0xff,0xff,0x00,0xff,0xff,0xff,0x00,
    0xff,0xff,0xff,0x00,0xff,0xff,0xff,0x00,0xff,0xff,0xff,0x00,0xff,0xff,0xff,0x00,
    0xff,0xff,0xff,0x00,0xff,0xff,0xff,0x00,0xff,0xff,0xff,0x00,0xff,0xff,0xff,0x00,
    0xff,0xff,0xff,0x00,0xff,0xff,0xff,0x00,0xff,0xff,0xff,0x00,0xff,0xff,0xff,0x00,
    0xff,0xff,0xff,0x00,0xff,0xff,0xff,0x00,0xff,0xff,0xff,0x00,0xff,0xff,0xff,0x00,
    0xff,0xff,0xff,0x00,0xff,0xff,0xff,0x00,0xff,0xff,0xff,0x00,0xff,0xff,0xff,0x00,
    0xff,0xff,0xff,0x00,0xff,0xff,0xff,0x00,0xff,0xff,0xff,0x00,0xff,0xff,0xff,0x00,
    0xff,0xff,0xff,0x00,0xff,0xff,0xff,0x00,0xff,0xff,0xff,0x00,0xff,0xff,0xff,0x00,
    0xff,0xff,0xff,0x00,0xff,0xff,0xff,0x00,0xff,0xff,0xff,0x00,0xff,0xff,0xff,0x00,
    0xff,0xff,0xff,0x00,0xff,0xff,0xff,0x00,0xff,0xff,0xff,0x00,0xff,0xff,0xff,0x00,
    0xff,0xff,0xff,0x00,0xff,0xff,0xff,0x00,0xff,0xff,0xff,0x00,0xff,0xff,0xff,0x00,
    0xff,0xff,0xff,0x00,0xff,0xff,0xff,0x00,0xff,0xff,0xff,0x00,0xff,0xff,0xff,0x00,
    0xff,0xff,0xff,0x00,0xff,0xff,0xff,0x00,0xff,0xff,0xff,0x00,0xff,0xff,0xff,0x00,
    0xff,0xff,0xff,0x00,0xff,0xff,0xff,0x00,0xff,0xff,0xff,0x00,0xff,0xff,0xff,0x00,
    0xff,0xff,0xff,0x00,0xff,0xff,0xff,0x00,0xff,0xff,0xff,0x00,0xff,0xff,0xff,0x00,
    0xff,0xff,0xff,0x00,0xff,0xff,0xff,0x00,0xff,0xff,0xff,0x00,0xff,0xff,0xff,0x00,
    0xff,0xff,0xff,0x00,0xff,0xff,0xff,0x00,0xff,0xff,0xff,0x00,0xff,0xff,0xff,0x00,
    0xff,0xff,0xff,0x00,0xff,0xff,0xff,0x00,0xff,0xff,0xff,0x00,0xff,0xff,0xff,0x00,
    0xff,0xff,0xff,0x00,0xff,0xff,0xff,0x00,0xff,0xff,0xff,0x00,0xff,0xff,0xff,0x00,
    0xff,0xff,0xff,0x00,0xff,0xff,0xff,0x00,0xff,0xff,0xff,0x00,0xff,0xff,0xff,0x00,
    0xff,0xff,0xff,0x00,0xff,0xff,0xff,0x00,0xff,0xff,0xff,0x00,0xff,0xff,0xff,0x00,
    0xff,0xff,0xff,0x00,0xff,0xff,0xff,0x00,0xff,0xff,0xff,0x00,0xff,0xff,0xff,0x00,
    0xff,0xff,0xff,0x00,0xff,0xff,0xff,0x00,0xff,0xff,0xff,0x00,0xff,0xff,0xff,0x00,
    0xff,0xff,0xff,0x00,0xff,0xff,0xff,0x00,0xff,0xff,0xff,0x00,0xff,0xff,0xff,0x00,
    0xff,0xff,0xff,0x00,0xff,0xff,0xff,0x00,0xff,0xff,0xff,0x00,0xff,0xff,0xff,0x00,
    0xff,0xff,0xff,0x00,0xff,0xff,0xff,0x00,0xff,0xff,0xff,0x00,0xff,0xff,0xff,0x00,
    0xff,0xff,0xff,0x00,0xff,0xff,0xff,0x00,0xff,0xff,0xff,0x00,0xff,0xff,0xff,0x00,
    0xff,0xff,0xff,0x00,0xff,0xff,0xff,0x00,0xff,0xff,0xff,0x00,0xff,0xff,0xff,0x00,
    0xff,0xff,0xff,0x00,0xff,0xff,0xff,0x00,0xff,0xff,0xff,0x00,0xff,0xff,0xff,0x00,
    0xff,0xff,0xff,0x00,0xff,0xff,0xff,0x00,0xff,0xff,0xff,0x00,0xff,0xff,0xff,0x00,
    0xff,0xff,0xff,0x00,0xff,0xff,0xff,0x00,0xff,0xff,0xff,0x00,0xff,0xff,0xff,0x00,
    0xff,0xff,0xff,0x00,0xff,0xff,0xff,0x00,0xff,0xff,0xff,0x00,0xff,0xff,0xff,0x00,
    0xff,0xff,0xff,0x00,0xff,0xff,0xff,0x00,0xff,0xff,0xff,0x00,0xff,0xff,0xff,0x00,
    0xff,0xff,0xff,0x00,0xff,0xff,0xff,0x00,0xff,0xff,0xff,0x00,0xff,0xff,0xff,0x00,
    0xff,0xff,0xff,0x00,0xff,0xff,0xff,0x00,0xff,0xff,0xff,0x00,0xff,0xff,0xff,0x00,
    0xff,0xff,0xff,0x00,0xff,0xff,0xff,0x00,0xff,0xff,0xff,0x00,0xff,0xff,0xff,0x00,
    0xff,0xff,0xff,0x00,0xff,0xff,0xff,0x00,0xff,0xff,0xff,0x00,0xff,0xff,0xff,0x00,
    0xff,0xff,0xff,0x00,0xff,0xff,0xff,0x00,0xff,0xff,0xff,0x00,0xff,0xff,0xff,0x00,
    0xff,0xff,0xff,0x00,0xff,0xff,0xff,0x00,0xff,0xff,0xff,0x00,0xff,0xff,0xff,0x00,
    0xff,0xff,0xff,0x00,0xff,0xff,0xff,0x00,0xff,0xff,0xff,0x00,0xff,0xff,0xff,0x00,
    0xff,0xff,0xff,0x00,0xff,0xff,0xff,0x00,0xff,0xff,0xff,0x00,0xff,0xff,0xff,0x00,
    0xff,0xff,0xff,0x00,0xff,0xff,0xff,0x00,0xff,0xff,0xff,0x00,0xff,0xff,0xff,0x00,
    0xff,0xff,0xff,0x00,0xff,0xff,0xff,0x00,0xff,0xff,0xff,0x00,0xff,0xff,0xff,0x00,
    0xff,0xff,0xff,0x00,0xff,0xff,0xff,0x00,0xff,0xff,0xff,0x00,0xff,0xff,0xff,0x00,
    0xff,0xff,0xff,0x00,0xff,0xff,0xff,0x00,0xff,0xff,0xff,0x00,0xff,0xff,0xff,0x00,
    0xff,0xff,0xff,0x00,0xff,0xff,0xff,0x00,0xff,0xff,0xff,0x00,0xff,0xff,0xff,0x00,
    0xff,0xff,0xff,0x00,0xff,0xff,0xff,0x00,0xff,0xff,0xff,0x00,0xff,0xff,0xff,0x00,
    0xff,0xff,0xff,0x00,0xff,0xff,0xff,0x00,0xff,0xff,0xff,0x00,0xff,0xff,0xff,0x00,
    0xff,0xff,0xff,0x00,0xff,0xff,0xff,0x00,0xff,0xff,0xff,0x00,0xff,0xff,0xff,0x00,
    0xff,0xff,0xff,0x00,0xff,0xff,0xff,0x00,0xff,0xff,0xff,0x00,0xff,0xff,0xff,0x00,
    0xff,0xff,0xff,0x00,0xff,0xff,0xff,0x00,0xff,0xff,0xff,0x00,0xff,0xff,0xff,0x00,
    0xff,0xff,0xff,0x00,0xff,0xff,0xff,0x00,0xff,0xff,0xff,0x00,0xff,0xff,0xff,0x00,
    0xff,0xff,0xff,0x00,0xff,0xff,0xff,0x00,0xff,0xff,0xff,0x00,0xff,0xff,0xff,0x00,
    0xff,0xff,0xff,0x00,0xff,0xff,0xff,0x00,0xff,0xff,0xff,0x00,0xff,0xff,0xff,0x00,
    0xff,0xff,0xff,0x00,0xff,0xff,0xff,0x00,0xff,0xff,0xff,0x00,0xff,0xff,0xff,0x00,
    0xff,0xff,0xff,0x00,0xff,0xff,0xff,0x00,0xff,0xff,0xff,0x00,0xff,0xff,0xff,0x00,
    0xff,0xff,0xff,0x00,0xff,0xff,0xff,0x00,0xff,0xff,0xff,0x00,0xff,0xff,0xff,0x00,
    0xff,0xff,0xff,0x00,0xff,0xff,0xff,0x00,0xff,0xff,0xff,0x00,0xff,0xff,0xff,0x00,
    0xff,0xff,0xff,0x00,0xff,0xff,0xff,0x00,0xff,0xff,0xff,0x00,0xff,0xff,0xff,0x00,
    0xff,0xff,0xff,0x00,0xff,0xff,0xff,0x00,0xff,0xff,0xff,0x00,0xff,0xff,0xff,0x00,
    0xff,0xff,0xff,0x00,0xff,0xff,0xff,0x00,0xff,0xff,0xff,0x00,0xff,0xff,0xff,0x00,
    0xff,0xff,0xff,0x00,0xff,0xff,0xff,0x00,0xff,0xff,0xff,0x00,0xff,0xff,0xff,0x00,
    0xff,0xff,0xff,0x00,0xff,0xff,0xff,0x00,0xff,0xff,0xff,0x00,0xff,0xff,0xff,0x00,
    0xff,0xff,0xff,0x00,0xff,0xff,0xff,0x00,0xff,0xff,0xff,0x00,0xff,0xff,0xff,0x00,
    0xff,0xff,0xff,0x00,0xff,0xff,0xff,0x00,0xff,0xff,0xff,0x00,0xff,0xff,0xff,0x00,
    0xff,0xff,0xff,0x00,0xff,0xff,0xff,0x00,0xff,0xff,0xff,0x00,0xff,0xff,0xff,0x00,
    0xff,0xff,0xff,0x00,0xff,0xff,0xff,0x00,0xff,0xff,0xff,0x00,0xff,0xff,0xff,0x00,
    0xff,0xff,0xff,0x00,0xff,0xff,0xff,0x00,0xff,0xff,0xff,0x00,0xff,0xff,0xff,0x00,
    0xff,0xff,0xff,0x00,0xff,0xff,0xff,0x00,0xff,0xff,0xff,0x00,0xff,0xff,0xff,0x00,
    0xff,0xff,0xff,0x00,0xff,0xff,0xff,0x00,0xff,0xff,0xff,0x00,0xff,0xff,0xff,0x00,
    0xff,0xff,0xff,0x00,0xff,0xff,0xff,0x00,0xff,0xff,0xff,0x00,0xff,0xff,0xff,0x00,
    0xff,0xff,0xff,0x00,0xff,0xff,0xff,0x00,0xff,0xff,0xff,0x00,0xff,0xff,0xff,0x00,
    0xff,0xff,0xff,0x00,0xff,0xff,0xff,0x00,0xff,0xff,0xff,0x00,0xff,0xff,0xff,0x00,
    0xff,0xff,0xff,0x00,0xff,0xff,0xff,0x00,0xff,0xff,0xff,0x00,0xff,0xff,0xff,0x00,
    0xff,0xff,0xff,0x00,0xff,0xff,0xff,0x00,0xff,0xff,0xff,0x00,0xff,0xff,0xff,0x00,
    0xff,0xff,0xff,0x00,0xff,0xff,0xff,0x00,0xff,0xff,0xff,0x00,0xff,0xff,0xff,0x00,
    0xff,0xff,0xff,0x00,0xff,0xff,0xff,0x00,0xff,0xff,0xff,0x00,0xff,0xff,0xff,0x00,
    0xff,0xff,0xff,0x00,0xff,0xff,0xff,0x00,0xff,0xff,0xff,0x00,0xff,0xff,0xff,0x00,
    0xff,0xff,0xff,0x00,0xff,0xff,0xff,0x00,0xff,0xff,0xff,0x00,0xff,0xff,0xff,0x00,
    0xff,0xff,0xff,0x00,0xff,0xff,0xff,0x00,0xff,0xff,0xff,0x00,0xff,0xff,0xff,0x00,
    0xff,0xff,0xff,0x00,0xff,0xff,0xff,0x00,0xff,0xff,0xff,0x00,0xff,0xff,0xff,0x00,
    0xff,0xff,0xff,0x00,0xff,0xff,0xff,0x00,0xff,0xff,0xff,0x00,0xff,0xff,0xff,0x00,
    0xff,0xff,0xff,0x00,0xff,0xff,0xff,0x00,0xff,0xff,0xff,0x00,0xff,0xff,0xff,0x00,
    0xff,0xff,0xff,0x00,0xff,0xff,0xff,0x00,0xff,0xff,0xff,0x00,0xff,0xff,0xff,0x00,
    0xff,0xff,0xff,0x00,0xff,0xff,0xff,0x00,0xff,0xff,0xff,0x00,0xff,0xff,0xff,0x00,
    0xff,0xff,0xff,0x00,0xff,0xff,0xff,0x00,0xff,0xff,0xff,0x00,0xff,0xff,0xff,0x00,
    0xff,0xff,0xff,0x00,0xff,0xff,0xff,0x00,0xff,0xff,0xff,0x00,0xff,0xff,0xff,0x00,
    0xff,0xff,0xff,0x00,0xff,0xff,0xff,0x00,0xff,0xff,0xff,0x00,0xff,0xff,0xff,0x00,
    0xff,0xff,0xff,0x00,0xff,0xff,0xff,0x00,0xff,0xff,0xff,0x00,0xff,0xff,0xff,0x00,
    0xff,0xff,0xff,0x00,0xff,0xff,0xff,0x00,0xff,0xff,0xff,0x00,0xff,0xff,0xff,0x00,
    0xff,0xff,0xff,0x00,0xff,0xff,0xff,0x00,0xff,0xff,0xff,0x00,0xff,0xff,0xff,0x00,
    0xff,0xff,0xff,0x00,0xff,0xff,0xff,0x00,0xff,0xff,0xff,0x00,0xff,0xff,0xff,0x00,
    0xff,0xff,0xff,0x00,0xff,0xff,0xff,0x00,0xff,0xff,0xff,0x00,0xff,0xff,0xff,0x00,
    0xff,0xff,0xff,0x00,0xff,0xff,0xff,0x00,0xff,0xff,0xff,0x00,0xff,0xff,0xff,0x00,
    0xff,0xff,0xff,0x00,0xff,0xff,0xff,0x00,0xff,0xff,0xff,0x00,0xff,0xff,0xff,0x00,
    0xff,0xff,0xff,0x00,0xff,0xff,0xff,0x00,0xff,0xff,0xff,0x00,0xff,0xff,0xff,0x00,
    0xff,0xff,0xff,0x00,0xff,0xff,0xff,0x00,0xff,0xff,0xff,0x00,0xff,0xff,0xff,0x00,
    0xff,0xff,0xff,0x00,0xff,0xff,0xff,0x00,0xff,0xff,0xff,0x00,0xff,0xff,0xff,0x00,
    0xff,0xff,0xff,0x00,0xff,0xff,0xff,0x00,0xff,0xff,0xff,0x00,0xff,0xff,0xff,0x00,
    0xff,0xff,0xff,0x00,0xff,0xff,0xff,0x00,0xff,0xff,0xff,0x00,0xff,0xff,0xff,0x00,
    0xff,0xff,0xff,0x00,0xff,0xff,0xff,0x00,0xff,0xff,0xff,0x00,0xff,0xff,0xff,0x00,
    0xff,0xff,0xff,0x00,0xff,0xff,0xff,0x00,0xff,0xff,0xff,0x00,0xff,0xff,0xff,0x00,
    0xff,0xff,0xff,0x00,0xff,0xff,0xff,0x00,0xff,0xff,0xff,0x00,0xff,0xff,0xff,0x00,
    0xff,0xff,0xff,0x00,0xff,0xff,0xff,0x00,0xff,0xff,0xff,0x00,0xff,0xff,0xff,0x00,
    0xff,0xff,0xff,0x00,0xff,0xff,0xff,0x00,0xff,0xff,0xff,0x00,0xff,0xff,0xff,0x00,
    0xff,0xff,0xff,0x00,0xff,0xff,0xff,0x00,0xff,0xff,0xff,0x00,0xff,0xff,0xff,0x00,
    0xff,0xff,0xff,0x00,0xff,0xff,0xff,0x00,0xff,0xff,0xff,0x00,0xff,0xff,0xff,0x00,
    0xff,0xff,0xff,0x00,0xff,0xff,0xff,0x00,0xff,0xff,0xff,0x00,0xff,0xff,0xff,0x00,
    0xff,0xff,0xff,0x00,0xff,0xff,0xff,0x00,0xff,0xff,0xff,0x00,0xff,0xff,0xff,0x00,
    0xff,0xff,0xff,0x00,0xff,0xff,0xff,0x00,0xff,0xff,0xff,0x00,0xff,0xff,0xff,0x00,
    0xff,0xff,0xff,0x00,0xff,0xff,0xff,0x00,0xff,0xff,0xff,0x00,0xff,0xff,0xff,0x00,
    0xff,0xff,0xff,0x00,0xff,0xff,0xff,0x00,0xff,0xff,0xff,0x00,0xff,0xff,0xff,0x00,
    0xff,0xff,0xff,0x00,0xff,0xff,0xff,0x00,0xff,0xff,0xff,0x00,0xff,0xff,0xff,0x00,
    0xff,0xff,0xff,0x00,0xff,0xff,0xff,0x00,0xff,0xff,0xff,0x00,0xff,0xff,0xff,0x00,
    0xff,0xff,0xff,0x00,0xff,0xff,0xff,0x00,0xff,0xff,0xff,0x00,0xff,0xff,0xff,0x00,
    0xff,0xff,0xff,0x00,0xff,0xff,0xff,0x00,0xff,0xff,0xff,0x00,0xff,0xff,0xff,0x00,
    0xff,0xff,0xff,0x00,0xff,0xff,0xff,0x00,0xff,0xff,0xff,0x00,0xff,0xff,0xff,0x00,
    0xff,0xff,0xff,0x00,0xff,0xff,0xff,0x00,0xff,0xff,0xff,0x00,0xff,0xff,0xff,0x00,
    0xff,0xff,0xff,0x00,0xff,0xff,0xff,0x00,0xff,0xff,0xff,0x00,0xff,0xff,0xff,0x00,
    0xff,0xff,0xff,0x00,0xff,0xff,0xff,0x00,0xff,0xff,0xff,0x00,0xff,0xff,0xff,0x00,
    0xff,0xff,0xff,0x00,0xff,0xff,0xff,0x00,0xff,0xff,0xff,0x00,0xff,0xff,0xff,0x00,
    0xff,0xff,0xff,0x00,0xff,0xff,0xff,0x00,0xff,0xff,0xff,0x00,0xff,0xff,0xff,0x00,
    0xff,0xff,0xff,0x00,0xff,0xff,0xff,0x00,0xff,0xff,0xff,0x00,0xff,0xff,0xff,0x00,
    0xff,0xff,0xff,0x00,0xff,0xff,0xff,0x00,0xff,0xff,0xff,0x00,0xff,0xff,0xff,0x00,
    0xff,0xff,0xff,0x00,0xff,0xff,0xff,0x00,0xff,0xff,0xff,0x00,0xff,0xff,0xff,0x00,
    0xff,0xff,0xff,0x00,0xff,0xff,0xff,0x00,0xff,0xff,0xff,0x00,0xff,0xff,0xff,0x00,
    0xff,0xff,0xff,0x00,0xff,0xff,0xff,0x00,0xff,0xff,0xff,0x00,0xff,0xff,0xff,0x00,
    0xff,0xff,0xff,0x00,0xff,0xff,0xff,0x00,0xff,0xff,0xff,0x00,0xff,0xff,0xff,0x00,
    0xff,0xff,0xff,0x00,0xff,0xff,0xff,0x00,0xff,0xff,0xff,0x00,0xff,0xff,0xff,0x00,
    0xff,0xff,0xff,0x00,0xff,0xff,0xff,0x00,0xff,0xff,0xff,0x00,0xff,0xff,0xff,0x00,
    0xff,0xff,0xff,0x00,0xff,0xff,0xff,0x00,0xff,0xff,0xff,0x00,0xff,0xff,0xff,0x00,
    0xff,0xff,0xff,0x00,0xff,0xff,0xff,0x00,0xff,0xff,0xff,0x00,0xff,0xff,0xff,0x00,
    0xff,0xff,0xff,0x00,0xff,0xff,0xff,0x00,0xff,0xff,0xff,0x00,0xff,0xff,0xff,0x00,
    0xff,0xff,0xff,0x00,0xff,0xff,0xff,0x00,0xff,0xff,0xff,0x00,0xff,0xff,0xff,0x00,
    0xff,0xff,0xff,0x00,0xff,0xff,0xff,0x00,0xff,0xff,0xff,0x00,0xff,0xff,0xff,0x00,
    0xff,0xff,0xff,0x00,0xff,0xff,0xff,0x00,0xff,0xff,0xff,0x00,0xff,0xff,0xff,0x00,
    0xff,0xff,0xff,0x00,0xff,0xff,0xff,0x00,0xff,0xff,0xff,0x00,0xff,0xff,0xff,0x00,
    0xff,0xff,0xff,0x00,0xff,0xff,0xff,0x00,0xff,0xff,0xff,0x00,0xff,0xff,0xff,0x00,
    0xff,0xff,0xff,0x00,0xff,0xff,0xff,0x00,0xff,0xff,0xff,0x00,0xff,0xff,0xff,0x00,
    0xff,0xff,0xff,0x00,0xff,0xff,0xff,0x00,0xff,0xff,0xff,0x00,0xff,0xff,0xff,0x00,
    0xff,0xff,0xff,0x00,0xff,0xff,0xff,0x00,0xff,0xff,0xff,0x00,0xff,0xff,0xff,0x00,
    0xff,0xff,0xff,0x00,0xff,0xff,0xff,0x00,0xff,0xff,0xff,0x00,0xff,0xff,0xff,0x00,
    0xff,0xff,0xff,0x00,0xff,0xff,0xff,0x00,0xff,0xff,0xff,0x00,0xff,0xff,0xff,0x00,
    0xff,0xff,0xff,0x00,0xff,0xff,0xff,0x00,0xff,0xff,0xff,0x00,0xff,0xff,0xff,0x00,
    0xff,0xff,0xff,0x00,0xff,0xff,0xff,0x00,0xff,0xff,0xff,0x00,0xff,0xff,0xff,0x00,
    0xff,0xff,0xff,0x00,0xff,0xff,0xff,0x00,0xff,0xff,0xff,0x00,0xff,0xff,0xff,0x00,
    0xff,0xff,0xff,0x00,0xff,0xff,0xff,0x00,0xff,0xff,0xff,0x00,0xff,0xff,0xff,0x00,
    0xff,0xff,0xff,0x00,0xff,0xff,0xff,0x00,0xff,0xff,0xff,0x00,0xff,0xff,0xff,0x00,
    0xff,0xff,0xff,0x00,0xff,0xff,0xff,0x00,0xff,0xff,0xff,0x00,0xff,0xff,0xff,0x00,
    0xff,0xff,0xff,0x00,0xff,0xff,0xff,0x00,0xff,0xff,0xff,0x00,0xff,0xff,0xff,0x00,
    0xff,0xff,0xff,0x00,0xff,0xff,0xff,0x00,0xff,0xff,0xff,0x00,0xff,0xff,0xff,0x00,
    0xff,0xff,0xff,0x00,0xff,0xff,0xff,0x00,0xff,0xff,0xff,0x00,0xff,0xff,0xff,0x00,
    0xff,0xff,0xff,0x00,0xff,0xff,0xff,0x00,0xff,0xff,0xff,0x00,0xff,0xff,0xff,0x00,
    0xff,0xff,0xff,0x00,0xff,0xff,0xff,0x00,0xff,0xff,0xff,0x00,0xff,0xff,0xff,0x00,
    0xff,0xff,0xff,0x00,0xff,0xff,0xff,0x00,0xff,0xff,0xff,0x00,0xff,0xff,0xff,0x00,
    0xff,0xff,0xff,0x00,0xff,0xff,0xff,0x00,0xff,0xff,0xff,0x00,0xff,0xff,0xff,0x00,
    0xff,0xff,0xff,0x00,0xff,0xff,0xff,0x00,0xff,0xff,0xff,0x00,0xff,0xff,0xff,0x00,
    0xff,0xff,0xff,0x00,0xff,0xff,0xff,0x00,0xff,0xff,0xff,0x00,0xff,0xff,0xff,0x00,
    0xff,0xff,0xff,0x00,0xff,0xff,0xff,0x00,0xff,0xff,0xff,0x00,0xff,0xff,0xff,0x00,
    0xff,0xff,0xff,0x00,0xff,0xff,0xff,0x00,0xff,0xff,0xff,0x00,0xff,0xff,0xff,0x00,
    0xff,0xff,0xff,0x00,0xff,0xff,0xff,0x00,0xff,0xff,0xff,0x00,0xff,0xff,0xff,0x00,
    0xff,0xff,0xff,0x00,0xff,0xff,0xff,0x00,0xff,0xff,0xff,0x00,0xff,0xff,0xff,0x00,
    0xff,0xff,0xff,0x00,0xff,0xff,0xff,0x00,0xff,0xff,0xff,0x00,0xff,0xff,0xff,0x00,
    0xff,0xff,0xff,0x00,0xff,0xff,0xff,0x00,0xff,0xff,0xff,0x00,0xff,0xff,0xff,0x00,
    0xff,0xff,0xff,0x00,0xff,0xff,0xff,0x00,0xff,0xff,0xff,0x00,0xff,0xff,0xff,0x00,
    0xff,0xff,0xff,0x00,0xff,0xff,0xff,0x00,0xff,0xff,0xff,0x00,0xff,0xff,0xff,0x00,
    0xff,0xff,0xff,0x00,0xff,0xff,0xff,0x00,0xff,0xff,0xff,0x00,0xff,0xff,0xff,0x00,
    0xff,0xff,0xff,0x00,0xff,0xff,0xff,0x00,0xff,0xff,0xff,0x00,0xff,0xff,0xff,0x00,
    0xff,0xff,0xff,0x00,0xff,0xff,0xff,0x00,0xff,0xff,0xff,0x00,0xff,0xff,0xff,0x00,
    0xff,0xff,0xff,0x00,0xff,0xff,0xff,0x00,0xff,0xff,0xff,0x00,0xff,0xff,0xff,0x00,
    0xff,0xff,0xff,0x00,0xff,0xff,0xff,0x00,0xff,0xff,0xff,0x00,0xff,0xff,0xff,0x00,
    0xff,0xff,0xff,0x00,0xff,0xff,0xff,0x00,0xff,0xff,0xff,0x00,0xff,0xff,0xff,0x00,
    0xff,0xff,0xff,0x00,0xff,0xff,0xff,0x00,0xff,0xff,0xff,0x00,0xff,0xff,0xff,0x00,
    0xff,0xff,0xff,0x00,0xff,0xff,0xff,0x00,0xff,0xff,0xff,0x00,0xff,0xff,0xff,0x00,
    0xff,0xff,0xff,0x00,0xff,0xff,0xff,0x00,0xff,0xff,0xff,0x00,0xff,0xff,0xff,0x00,
    0xff,0xff,0xff,0x00,0xff,0xff,0xff,0x00,0xff,0xff,0xff,0x00,0xff,0xff,0xff,0x00,
    0xff,0xff,0xff,0x00,0xff,0xff,0xff,0x00,0xff,0xff,0xff,0x00,0xff,0xff,0xff,0x00,
    0xff,0xff,0xff,0x00,0xff,0xff,0xff,0x00,0xff,0xff,0xff,0x00,0xff,0xff,0xff,0x00,
    0xff,0xff,0xff,0x00,0xff,0xff,0xff,0x00,0xff,0xff,0xff,0x00,0xff,0xff,0xff,0x00,
    0xff,0xff,0xff,0x00,0xff,0xff,0xff,0x00,0xff,0xff,0xff,0x00,0xff,0xff,0xff,0x00,
    0xff,0xff,0xff,0x00,0xff,0xff,0xff,0x00,0xff,0xff,0xff,0x00,0xff,0xff,0xff,0x00,
    0xff,0xff,0xff,0x00,0xff,0xff,0xff,0x00,0xff,0xff,0xff,0x00,0xff,0xff,0xff,0x00,
    0xff,0xff,0xff,0x00,0xff,0xff,0xff,0x00,0xff,0xff,0xff,0x00,0xff,0xff,0xff,0x00,
    0xff,0xff,0xff,0x00,0xff,0xff,0xff,0x00,0xff,0xff,0xff,0x00,0xff,0xff,0xff,0x00,
    0xff,0xff,0xff,0x00,0xff,0xff,0xff,0x00,0xff,0xff,0xff,0x00,0xff,0xff,0xff,0x00,
    0xff,0xff,0xff,0x00,0xff,0xff,0xff,0x00,0xff,0xff,0xff,0x00,0xff,0xff,0xff,0x00,
    0xff,0xff,0xff,0x00,0xff,0xff,0xff,0x00,0xff,0xff,0xff,0x00,0xff,0xff,0xff,0x00,
    0xff,0xff,0xff,0x00,0xff,0xff,0xff,0x00,0xff,0xff,0xff,0x00,0xff,0xff,0xff,0x00,
    0xff,0xff,0xff,0x00,0xff,0xff,0xff,0x00,0xff,0xff,0xff,0x00,0xff,0xff,0xff,0x00,
    0xff,0xff,0xff,0x00,0xff,0xff,0xff,0x00,0xff,0xff,0xff,0x00,0xff,0xff,0xff,0x00,
    0xff,0xff,0xff,0x00,0xff,0xff,0xff,0x00,0xff,0xff,0xff,0x00,0xff,0xff,0xff,0x00,
    0xff,0xff,0xff,0x00,0xff,0xff,0xff,0x00,0xff,0xff,0xff,0x00,0xff,0xff,0xff,0x00,
    0xff,0xff,0xff,0x00,0xff,0xff,0xff,0x00,0xff,0xff,0xff,0x00,0xff,0xff,0xff,0x00,
    0xff,0xff,0xff,0x00,0xff,0xff,0xff,0x00,0xff,0xff,0xff,0x00,0xff,0xff,0xff,0x00,
    0xff,0xff,0xff,0x00,0xff,0xff,0xff,0x00,0xff,0xff,0xff,0x00,0xff,0xff,0xff,0x00,
    0xff,0xff,0xff,0x00,0xff,0xff,0xff,0x00,0xff,0xff,0xff,0x00,0xff,0xff,0xff,0x00,
    0xff,0xff,0xff,0x00,0xff,0xff,0xff,0x00,0xff,0xff,0xff,0x00,0xff,0xff,0xff,0x00,
    0xff,0xff,0xff,0x00,0xff,0xff,0xff,0x00,0xff,0xff,0xff,0x00,0xff,0xff,0xff,0x00,
    0xff,0xff,0xff,0x00,0xff,0xff,0xff,0x00,0xff,0xff,0xff,0x00,0xff,0xff,0xff,0x00,
    0xff,0xff,0xff,0x00,0xff,0xff,0xff,0x00,0xff,0xff,0xff,0x00,0xff,0xff,0xff,0x00,
    0xff,0xff,0xff,0x00,0xff,0xff,0xff,0x00,0xff,0xff,0xff,0x00,0xff,0xff,0xff,0x00,
    0xff,0xff,0xff,0x00,0xff,0xff,0xff,0x00,0xff,0xff,0xff,0x00,0xff,0xff,0xff,0x00,
    0xff,0xff,0xff,0x00,0xff,0xff,0xff,0x00,0xff,0xff,0xff,0x00,0xff,0xff,0xff,0x00,
    0xff,0xff,0xff,0x00,0xff,0xff,0xff,0x00,0xff,0xff,0xff,0x00,0xff,0xff,0xff,0x00,
    0xff,0xff,0xff,0x00,0xff,0xff,0xff,0x00,0xff,0xff,0xff,0x00,0xff,0xff,0xff,0x00,
    0xff,0xff,0xff,0x00,0xff,0xff,0xff,0x00,0xff,0xff,0xff,0x00,0xff,0xff,0xff,0x00,
    0xff,0xff,0xff,0x00,0xff,0xff,0xff,0x00,0xff,0xff,0xff,0x00,0xff,0xff,0xff,0x00,
    0xff,0xff,0xff,0x00,0xff,0xff,0xff,0x00,0xff,0xff,0xff,0x00,0xff,0xff,0xff,0x00,
    0xff,0xff,0xff,0x00,0xff,0xff,0xff,0x00,0xff,0xff,0xff,0x00,0xff,0xff,0xff,0x00,
    0xff,0xff,0xff,0x00,0xff,0xff,0xff,0x00,0xff,0xff,0xff,0x00,0xff,0xff,0xff,0x00,
    0xff,0xff,0xff,0x00,0xff,0xff,0xff,0x00,0xff,0xff,0xff,0x00,0xff,0xff,0xff,0x00,
    0xff,0xff,0xff,0x00,0xff,0xff,0xff,0x00,0xff,0xff,0xff,0x00,0xff,0xff,0xff,0x00,
    0xff,0xff,0xff,0x00,0xff,0xff,0xff,0x00,0xff,0xff,0xff,0x00,0xff,0xff,0xff,0x00,
    0xff,0xff,0xff,0x00,0xff,0xff,0xff,0x00,0xff,0xff,0xff,0x00,0xff,0xff,0xff,0x00,
    0xff,0xff,0xff,0x00,0xff,0xff,0xff,0x00,0xff,0xff,0xff,0x00,0xff,0xff,0xff,0x00,
    0xff,0xff,0xff,0x00,0xff,0xff,0xff,0x00,0xff,0xff,0xff,0x00,0xff,0xff,0xff,0x00,
    0xff,0xff,0xff,0x00,0xff,0xff,0xff,0x00,0xff,0xff,0xff,0x00,0xff,0xff,0xff,0x00,
    0xff,0xff,0xff,0x00,0xff,0xff,0xff,0x00,0xff,0xff,0xff,0x00,0xff,0xff,0xff,0x00,
    0xff,0xff,0xff,0x00,0xff,0xff,0xff,0x00,0xff,0xff,0xff,0x00,0xff,0xff,0xff,0x00,
    0xff,0xff,0xff,0x00,0xff,0xff,0xff,0x00,0xff,0xff,0xff,0x00,0xff,0xff,0xff,0x00,
    0xff,0xff,0xff,0x00,0xff,0xff,0xff,0x00,0xff,0xff,0xff,0x00,0xff,0xff,0xff,0x00,
    0xff,0xff,0xff,0x00,0xff,0xff,0xff,0x00,0xff,0xff,0xff,0x00,0xff,0xff,0xff,0x00,
    0xff,0xff,0xff,0x00,0xff,0xff,0xff,0x00,0xff,0xff,0xff,0x00,0xff,0xff,0xff,0x00,
    0xff,0xff,0xff,0x00,0xff,0xff,0xff,0x00,0xff,0xff,0xff,0x00,0xff,0xff,0xff,0x00,
    0xff,0xff,0xff,0x00,0xff,0xff,0xff,0x00,0xff,0xff,0xff,0x00,0xff,0xff,0xff,0x00,
    0xff,0xff,0xff,0x00,0xff,0xff,0xff,0x00,0xff,0xff,0xff,0x00,0xff,0xff,0xff,0x00,
    0xff,0xff,0xff,0x00,0xff,0xff,0xff,0x00,0xff,0xff,0xff,0x00,0xff,0xff,0xff,0x00,
    0xff,0xff,0xff,0x00,0xff,0xff,0xff,0x00,0xff,0xff,0xff,0x00,0xff,0xff,0xff,0x00,
    0xff,0xff,0xff,0x00,0xff,0xff,0xff,0x00,0xff,0xff,0xff,0x00,0xff,0xff,0xff,0x00,
    0xff,0xff,0xff,0x00,0xff,0xff,0xff,0x00,0xff,0xff,0xff,0x00,0xff,0xff,0xff,0x00,
    0xff,0xff,0xff,0x00,0xff,0xff,0xff,0x00,0xff,0xff,0xff,0x00,0xff,0xff,0xff,0x00,
    0xff,0xff,0xff,0x00,0xff,0xff,0xff,0x00,0xff,0xff,0xff,0x00,0xff,0xff,0xff,0x00,
    0xff,0xff,0xff,0x00,0xff,0xff,0xff,0x00,0xff,0xff,0xff,0x00,0xff,0xff,0xff,0x00,
    0xff,0xff,0xff,0x00,0xff,0xff,0xff,0x00,0xff,0xff,0xff,0x00,0xff,0xff,0xff,0x00,
    0xff,0xff,0xff,0x00,0xff,0xff,0xff,0x00,0xff,0xff,0xff,0x00,0xff,0xff,0xff,0x00,
    0xff,0xff,0xff,0x00,0xff,0xff,0xff,0x00,0xff,0xff,0xff,0x00,0xff,0xff,0xff,0x00,
    0xff,0xff,0xff,0x00,0xff,0xff,0xff,0x00,0xff,0xff,0xff,0x00,0xff,0xff,0xff,0x00,
    0xff,0xff,0xff,0x00,0xff,0xff,0xff,0x00,0xff,0xff,0xff,0x00,0xff,0xff,0xff,0x00,
    0xff,0xff,0xff,0x00,0xff,0xff,0xff,0x00,0xff,0xff,0xff,0x00,0xff,0xff,0xff,0x00,
    0xff,0xff,0xff,0x00,0xff,0xff,0xff,0x00,0xff,0xff,0xff,0x00,0xff,0xff,0xff,0x00,
    0xff,0xff,0xff,0x00,0xff,0xff,0xff,0x00,0xff,0xff,0xff,0x00,0xff,0xff,0xff,0x00,
    0xff,0xff,0xff,0x00,0xff,0xff,0xff,0x00,0xff,0xff,0xff,0x00,0xff,0xff,0xff,0x00,
    0xff,0xff,0xff,0x00,0xff,0xff,0xff,0x00,0xff,0xff,0xff,0x00,0xff,0xff,0xff,0x00,
    0xff,0xff,0xff,0x00,0xff,0xff,0xff,0x00,0xff,0xff,0xff,0x00,0xff,0xff,0xff,0x00,
    0xff,0xff,0xff,0x00,0xff,0xff,0xff,0x00,0xff,0xff,0xff,0x00,0xff,0xff,0xff,0x00,
    0xff,0xff,0xff,0x00,0xff,0xff,0xff,0x00,0xff,0xff,0xff,0x00,0xff,0xff,0xff,0x00,
    0xff,0xff,0xff,0x00,0xff,0xff,0xff,0x00,0xff,0xff,0xff,0x00,0xff,0xff,0xff,0x00,
    0xff,0xff,0xff,0x00,0xff,0xff,0xff,0x00,0xff,0xff,0xff,0x00,0xff,0xff,0xff,0x00,
    0xff,0xff,0xff,0x00,0xff,0xff,0xff,0x00,0xff,0xff,0xff,0x00,0xff,0xff,0xff,0x00,
    0xff,0xff,0xff,0x00,0xff,0xff,0xff,0x00,0xff,0xff,0xff,0x00,0xff,0xff,0xff,0x00,
    0xff,0xff,0xff,0x00,0xff,0xff,0xff,0x00,0xff,0xff,0xff,0x00,0xff,0xff,0xff,0x00,
    0xff,0xff,0xff,0x00,0xff,0xff,0xff,0x00,0xff,0xff,0xff,0x00,0xff,0xff,0xff,0x00,
    0xff,0xff,0xff,0x00,0xff,0xff,0xff,0x00,0xff,0xff,0xff,0x00,0xff,0xff,0xff,0x00,
    0xff,0xff,0xff,0x00,0xff,0xff,0xff,0x00,0xff,0xff,0xff,0x00,0xff,0xff,0xff,0x00,
    0xff,0xff,0xff,0x00,0xff,0xff,0xff,0x00,0xff,0xff,0xff,0x00,0xff,0xff,0xff,0x00,
    0xff,0xff,0xff,0x00,0xff,0xff,0xff,0x00,0xff,0xff,0xff,0x00,0xff,0xff,0xff,0x00,
    0xff,0xff,0xff,0x00,0xff,0xff,0xff,0x00,0xff,0xff,0xff,0x00,0xff,0xff,0xff,0x00,
    0xff,0xff,0xff,0x00,0xff,0xff,0xff,0x00,0xff,0xff,0xff,0x00,0xff,0xff,0xff,0x00,
    0xff,0xff,0xff,0x00,0xff,0xff,0xff,0x00,0xff,0xff,0xff,0x00,0xff,0xff,0xff,0x00,
    0xff,0xff,0xff,0x00,0xff,0xff,0xff,0x00,0xff,0xff,0xff,0x00,0xff,0xff,0xff,0x00,
    0xff,0xff,0xff,0x00,0xff,0xff,0xff,0x00,0xff,0xff,0xff,0x00,0xff,0xff,0xff,0x00,
    0xff,0xff,0xff,0x00,0xff,0xff,0xff,0x00,0xff,0xff,0xff,0x00,0xff,0xff,0xff,0x00,
    0xff,0xff,0xff,0x00,0xff,0xff,0xff,0x00,0xff,0xff,0xff,0x00,0xff,0xff,0xff,0x00,
    0xff,0xff,0xff,0x00,0xff,0xff,0xff,0x00,0xff,0xff,0xff,0x00,0xff,0xff,0xff,0x00,
    0xff,0xff,0xff,0x00,0xff,0xff,0xff,0x00,0xff,0xff,0xff,0x00,0xff,0xff,0xff,0x00,
    0xff,0xff,0xff,0x00,0xff,0xff,0xff,0x00,0xff,0xff,0xff,0x00,0xff,0xff,0xff,0x00,
    0xff,0xff,0xff,0x00,0xff,0xff,0xff,0x00,0xff,0xff,0xff,0x00,0xff,0xff,0xff,0x00,
    0xff,0xff,0xff,0x00,0xff,0xff,0xff,0x00,0xff,0xff,0xff,0x00,0xff,0xff,0xff,0x00,
    0xff,0xff,0xff,0x00,0xff,0xff,0xff,0x00,0xff,0xff,0xff,0x00,0xff,0xff,0xff,0x00,
    0xff,0xff,0xff,0x00,0xff,0xff,0xff,0x00,0xff,0xff,0xff,0x00,0xff,0xff,0xff,0x00,
    0xff,0xff,0xff,0x00,0xff,0xff,0xff,0x00,0xff,0xff,0xff,0x00,0xff,0xff,0xff,0x00,
    0xff,0xff,0xff,0x00,0xff,0xff,0xff,0x00,0xff,0xff,0xff,0x00,0xff,0xff,0xff,0x00,
    0xff,0xff,0xff,0x00,0xff,0xff,0xff,0x00,0xff,0xff,0xff,0x00,0xff,0xff,0xff,0x00,
    0xff,0xff,0xff,0x00,0xff,0xff,0xff,0x00,0xff,0xff,0xff,0x00,0xff,0xff,0xff,0x00,
    0xff,0xff,0xff,0x00,0xff,0xff,0xff,0x00,0xff,0xff,0xff,0x00,0xff,0xff,0xff,0x00,
    0xff,0xff,0xff,0x00,0xff,0xff,0xff,0x00,0xff,0xff,0xff,0x00,0xff,0xff,0xff,0x00,
    0xff,0xff,0xff,0x00,0xff,0xff,0xff,0x00,0xff,0xff,0xff,0x00,0xff,0xff,0xff,0x00,
    0xff,0xff,0xff,0x00,0xff,0xff,0xff,0x00,0xff,0xff,0xff,0x00,0xff,0xff,0xff,0x00,
    0xff,0xff,0xff,0x00,0xff,0xff,0xff,0x00,0xff,0xff,0xff,0x00,0xff,0xff,0xff,0x00,
    0xff,0xff,0xff,0x00,0xff,0xff,0xff,0x00,0xff,0xff,0xff,0x00,0xff,0xff,0xff,0x00,
    0xff,0xff,0xff,0x00,0xff,0xff,0xff,0x00,0xff,0xff,0xff,0x00,0xff,0xff,0xff,0x00,
    0xff,0xff,0xff,0x00,0xff,0xff,0xff,0x00,0xff,0xff,0xff,0x00,0xff,0xff,0xff,0x00,
    0xff,0xff,0xff,0x00,0xff,0xff,0xff,0x00,0xff,0xff,0xff,0x00,0xff,0xff,0xff,0x00,
    0xff,0xff,0xff,0x00,0xff,0xff,0xff,0x00,0xff,0xff,0xff,0x00,0xff,0xff,0xff,0x00,
    0xff,0xff,0xff,0x00,0xff,0xff,0xff,0x00,0xff,0xff,0xff,0x00,0xff,0xff,0xff,0x00,
    0xff,0xff,0xff,0x00,0xff,0xff,0xff,0x00,0xff,0xff,0xff,0x00,0xff,0xff,0xff,0x00,
    0xff,0xff,0xff,0x00,0xff,0xff,0xff,0x00,0xff,0xff,0xff,0x00,0xff,0xff,0xff,0x00,
    0xff,0xff,0xff,0x00,0xff,0xff,0xff,0x00,0xff,0xff,0xff,0x00,0xff,0xff,0xff,0x00,
    0xff,0xff,0xff,0x00,0xff,0xff,0xff,0x00,0xff,0xff,0xff,0x00,0xff,0xff,0xff,0x00,
    0xff,0xff,0xff,0x00,0xff,0xff,0xff,0x00,0xff,0xff,0xff,0x00,0xff,0xff,0xff,0x00,
    0xff,0xff,0xff,0x00,0xff,0xff,0xff,0x00,0xff,0xff,0xff,0x00,0xff,0xff,0xff,0x00,
    0xff,0xff,0xff,0x00,0xff,0xff,0xff,0x00,0xff,0xff,0xff,0x00,0xff,0xff,0xff,0x00,
    0xff,0xff,0xff,0x00,0xff,0xff,0xff,0x00,0xff,0xff,0xff,0x00,0xff,0xff,0xff,0x00,
    0xff,0xff,0xff,0x00,0xff,0xff,0xff,0x00,0xff,0xff,0xff,0x00,0xff,0xff,0xff,0x00,
    0xff,0xff,0xff,0x00,0xff,0xff,0xff,0x00,0xff,0xff,0xff,0x00,0xff,0xff,0xff,0x00,
    0xff,0xff,0xff,0x00,0xff,0xff,0xff,0x00,0xff,0xff,0xff,0x00,0xff,0xff,0xff,0x00,
    0xff,0xff,0xff,0x00,0xff,0xff,0xff,0x00,0xff,0xff,0xff,0x00,0xff,0xff,0xff,0x00,
    0xff,0xff,0xff,0x00,0xff,0xff,0xff,0x00,0xff,0xff,0xff,0x00,0xff,0xff,0xff,0x00,
    0xff,0xff,0xff,0x00,0xff,0xff,0xff,0x00,0xff,0xff,0xff,0x00,0xff,0xff,0xff,0x00,
    0xff,0xff,0xff,0x00,0xff,0xff,0xff,0x00,0xff,0xff,0xff,0x00,0xff,0xff,0xff,0x00,
    0xff,0xff,0xff,0x00,0xff,0xff,0xff,0x00,0xff,0xff,0xff,0x00,0xff,0xff,0xff,0x00,
    0xff,0xff,0xff,0x00,0xff,0xff,0xff,0x00,0xff,0xff,0xff,0x00,0xff,0xff,0xff,0x00,
    0xff,0xff,0xff,0x00,0xff,0xff,0xff,0x00,0xff,0xff,0xff,0x00,0xff,0xff,0xff,0x00,
    0xff,0xff,0xff,0x00,0xff,0xff,0xff,0x00,0xff,0xff,0xff,0x00,0xff,0xff,0xff,0x00,
    0xff,0xff,0xff,0x00,0xff,0xff,0xff,0x00,0xff,0xff,0xff,0x00,0xff,0xff,0xff,0x00,
    0xff,0xff,0xff,0x00,0xff,0xff,0xff,0x00,0xff,0xff,0xff,0x00,0xff,0xff,0xff,0x00,
    0xff,0xff,0xff,0x00,0xff,0xff,0xff,0x00,0xff,0xff,0xff,0x00,0xff,0xff,0xff,0x00,
    0xff,0xff,0xff,0x00,0xff,0xff,0xff,0x00,0xff,0xff,0xff,0x00,0xff,0xff,0xff,0x00,
    0xff,0xff,0xff,0x00,0xff,0xff,0xff,0x00,0xff,0xff,0xff,0x00,0xff,0xff,0xff,0x00,
    0x2b,0x28,0x19,0xff,0x63,0x61,0x38,0xff,0x63,0x60,0x36,0xff,0x60,0x5e,0x35,0xff,
    0x60,0x5d,0x35,0xff,0x60,0x5e,0x35,0xff,0x60,0x5e,0x35,0xff,0x61,0x5f,0x36,0xff,
    0x59,0x56,0x2d,0xff,0x53,0x4f,0x29,0xff,0x54,0x51,0x29,0xff,0x53,0x51,0x26,0xff,
    0x51,0x50,0x24,0xff,0x51,0x52,0x22,0xff,0x53,0x52,0x28,0xff,0x4b,0x4e,0x26,0xff,
    0x12,0x16,0x0a,0xff,0xff,0xff,0xff,0x00,0xff,0xff,0xff,0x00,0xff,0xff,0xff,0x00,
    0xff,0xff,0xff,0x00,0xff,0xff,0xff,0x00,0xff,0xff,0xff,0x00,0xff,0xff,0xff,0x00,
    0xff,0xff,0xff,0x00,0xff,0xff,0xff,0x00,0xff,0xff,0xff,0x00,0xff,0xff,0xff,0x00,
    0xff,0xff,0xff,0x00,0xff,0xff,0xff,0x00,0xff,0xff,0xff,0x00,0xff,0xff,0xff,0x00,
    0xff,0xff,0xff,0x00,0xff,0xff,0xff,0x00,0xff,0xff,0xff,0x00,0xff,0xff,0xff,0x00,
    0xff,0xff,0xff,0x00,0xff,0xff,0xff,0x00,0xff,0xff,0xff,0x00,0xff,0xff,0xff,0x00,
    0xff,0xff,0xff,0x00,0xff,0xff,0xff,0x00,0xff,0xff,0xff,0x00,0xff,0xff,0xff,0x00,
    0xff,0xff,0xff,0x00,0xff,0xff,0xff,0x00,0xff,0xff,0xff,0x00,0xff,0xff,0xff,0x00,
    0xff,0xff,0xff,0x00,0xff,0xff,0xff,0x00,0xff,0xff,0xff,0x00,0xff,0xff,0xff,0x00,
    0xff,0xff,0xff,0x00,0xff,0xff,0xff,0x00,0xff,0xff,0xff,0x00,0xff,0xff,0xff,0x00,
    0xff,0xff,0xff,0x00,0xff,0xff,0xff,0x00,0xff,0xff,0xff,0x00,0xff,0xff,0xff,0x00,
    0xff,0xff,0xff,0x00,0xff,0xff,0xff,0x00,0xff,0xff,0xff,0x00,0xff,0xff,0xff,0x00,
    0xff,0xff,0xff,0x00,0xff,0xff,0xff,0x00,0xff,0xff,0xff,0x00,0xff,0xff,0xff,0x00,
    0xff,0xff,0xff,0x00,0xff,0xff,0xff,0x00,0xff,0xff,0xff,0x00,0xff,0xff,0xff,0x00,
    0xff,0xff,0xff,0x00,0xff,0xff,0xff,0x00,0xff,0xff,0xff,0x00,0xff,0xff,0xff,0x00,
    0xff,0xff,0xff,0x00,0xff,0xff,0xff,0x00,0xff,0xff,0xff,0x00,0xff,0xff,0xff,0x00,
    0xff,0xff,0xff,0x00,0xff,0xff,0xff,0x00,0xff,0xff,0xff,0x00,0xff,0xff,0xff,0x00,
    0xff,0xff,0xff,0x00,0xff,0xff,0xff,0x00,0xff,0xff,0xff,0x00,0xff,0xff,0xff,0x00,
    0xff,0xff,0xff,0x00,0xff,0xff,0xff,0x00,0xff,0xff,0xff,0x00,0xff,0xff,0xff,0x00,
    0xff,0xff,0xff,0x00,0xff,0xff,0xff,0x00,0xff,0xff,0xff,0x00,0xff,0xff,0xff,0x00,
    0xff,0xff,0xff,0x00,0xff,0xff,0xff,0x00,0xff,0xff,0xff,0x00,0xff,0xff,0xff,0x00,
    0xff,0xff,0xff,0x00,0xff,0xff,0xff,0x00,0xff,0xff,0xff,0x00,0xff,0xff,0xff,0x00,
    0xff,0xff,0xff,0x00,0xff,0xff,0xff,0x00,0xff,0xff,0xff,0x00,0xff,0xff,0xff,0x00,
    0xff,0xff,0xff,0x00,0xff,0xff,0xff,0x00,0xff,0xff,0xff,0x00,0xff,0xff,0xff,0x00,
    0xff,0xff,0xff,0x00,0xff,0xff,0xff,0x00,0xff,0xff,0xff,0x00,0xff,0xff,0xff,0x00,
    0xff,0xff,0xff,0x00,0xff,0xff,0xff,0x00,0xff,0xff,0xff,0x00,0x0f,0x0f,0x0b,0xff,
    0x81,0x82,0x49,0xff,0x9f,0x9c,0x47,0xff,0x9c,0x97,0x43,0xff,0x9c,0x98,0x44,0xff,
    0x9c,0x98,0x44,0xff,0x9e,0x9a,0x46,0xff,0x9e,0x9a,0x46,0xff,0x9d,0x98,0x45,0xff,
    0x8e,0x8a,0x36,0xff,0x84,0x7f,0x2e,0xff,0x85,0x80,0x2e,0xff,0x83,0x80,0x2a,0xff,
    0x83,0x81,0x28,0xff,0x7f,0x81,0x23,0xff,0x88,0x7b,0x2b,0xff,0x8a,0x89,0x24,0xff,
    0x59,0x5a,0x28,0xff,0xff,0xff,0xff,0x00,0xff,0xff,0xff,0x00,0xff,0xff,0xff,0x00,
    0xff,0xff,0xff,0x00,0xff,0xff,0xff,0x00,0xff,0xff,0xff,0x00,0xff,0xff,0xff,0x00,
    0xff,0xff,0xff,0x00,0xff,0xff,0xff,0x00,0xff,0xff,0xff,0x00,0xff,0xff,0xff,0x00,
    0xff,0xff,0xff,0x00,0xff,0xff,0xff,0x00,0xff,0xff,0xff,0x00,0xff,0xff,0xff,0x00,
    0xff,0xff,0xff,0x00,0xff,0xff,0xff,0x00,0xff,0xff,0xff,0x00,0xff,0xff,0xff,0x00,
    0xff,0xff,0xff,0x00,0xff,0xff,0xff,0x00,0xff,0xff,0xff,0x00,0xff,0xff,0xff,0x00,
    0xff,0xff,0xff,0x00,0xff,0xff,0xff,0x00,0xff,0xff,0xff,0x00,0xff,0xff,0xff,0x00,
    0xff,0xff,0xff,0x00,0xff,0xff,0xff,0x00,0xff,0xff,0xff,0x00,0xff,0xff,0xff,0x00,
    0xff,0xff,0xff,0x00,0xff,0xff,0xff,0x00,0xff,0xff,0xff,0x00,0xff,0xff,0xff,0x00,
    0xff,0xff,0xff,0x00,0xff,0xff,0xff,0x00,0xff,0xff,0xff,0x00,0xff,0xff,0xff,0x00,
    0xff,0xff,0xff,0x00,0xff,0xff,0xff,0x00,0xff,0xff,0xff,0x00,0xff,0xff,0xff,0x00,
    0xff,0xff,0xff,0x00,0xff,0xff,0xff,0x00,0xff,0xff,0xff,0x00,0xff,0xff,0xff,0x00,
    0xff,0xff,0xff,0x00,0xff,0xff,0xff,0x00,0xff,0xff,0xff,0x00,0xff,0xff,0xff,0x00,
    0xff,0xff,0xff,0x00,0xff,0xff,0xff,0x00,0xff,0xff,0xff,0x00,0xff,0xff,0xff,0x00,
    0xff,0xff,0xff,0x00,0xff,0xff,0xff,0x00,0xff,0xff,0xff,0x00,0xff,0xff,0xff,0x00,
    0xff,0xff,0xff,0x00,0xff,0xff,0xff,0x00,0xff,0xff,0xff,0x00,0xff,0xff,0xff,0x00,
    0xff,0xff,0xff,0x00,0xff,0xff,0xff,0x00,0xff,0xff,0xff,0x00,0xff,0xff,0xff,0x00,
    0xff,0xff,0xff,0x00,0xff,0xff,0xff,0x00,0xff,0xff,0xff,0x00,0xff,0xff,0xff,0x00,
    0xff,0xff,0xff,0x00,0xff,0xff,0xff,0x00,0xff,0xff,0xff,0x00,0xff,0xff,0xff,0x00,
    0xff,0xff,0xff,0x00,0xff,0xff,0xff,0x00,0xff,0xff,0xff,0x00,0xff,0xff,0xff,0x00,
    0xff,0xff,0xff,0x00,0xff,0xff,0xff,0x00,0xff,0xff,0xff,0x00,0xff,0xff,0xff,0x00,
    0xff,0xff,0xff,0x00,0xff,0xff,0xff,0x00,0xff,0xff,0xff,0x00,0xff,0xff,0xff,0x00,
    0xff,0xff,0xff,0x00,0xff,0xff,0xff,0x00,0xff,0xff,0xff,0x00,0xff,0xff,0xff,0x00,
    0xff,0xff,0xff,0x00,0xff,0xff,0xff,0x00,0xff,0xff,0xff,0x00,0xff,0xff,0xff,0x00,
    0xff,0xff,0xff,0x00,0xff,0xff,0xff,0x00,0xff,0xff,0xff,0x00,0xff,0xff,0xff,0x00,
    0xff,0xff,0xff,0x00,0xff,0xff,0xff,0x00,0xff,0xff,0xff,0x00,0x1a,0x1c,0x0e,0xff,
    0x8d,0x8f,0x41,0xff,0x8f,0x94,0x3b,0xff,0x8c,0x91,0x3d,0xff,0x8c,0x91,0x3d,0xff,
    0x8c,0x91,0x3d,0xff,0x8e,0x92,0x3f,0xff,0x8e,0x93,0x3e,0xff,0x8e,0x93,0x3e,0xff,
    0x80,0x84,0x31,0xff,0x75,0x78,0x26,0xff,0x77,0x7a,0x27,0xff,0x75,0x79,0x25,0xff,
    0x77,0x7c,0x25,0xff,0x73,0x7d,0x25,0xff,0x77,0x78,0x23,0xff,0x81,0x81,0x19,0xff,
    0x60,0x65,0x25,0xff,0xff,0xff,0xff,0x00,0xff,0xff,0xff,0x00,0xff,0xff,0xff,0x00,
    0xff,0xff,0xff,0x00,0xff,0xff,0xff,0x00,0xff,0xff,0xff,0x00,0xff,0xff,0xff,0x00,
    0xff,0xff,0xff,0x00,0xff,0xff,0xff,0x00,0xff,0xff,0xff,0x00,0xff,0xff,0xff,0x00,
    0xff,0xff,0xff,0x00,0xff,0xff,0xff,0x00,0xff,0xff,0xff,0x00,0xff,0xff,0xff,0x00,
    0xff,0xff,0xff,0x00,0xff,0xff,0xff,0x00,0xff,0xff,0xff,0x00,0xff,0xff,0xff,0x00,
    0xff,0xff,0xff,0x00,0xff,0xff,0xff,0x00,0xff,0xff,0xff,0x00,0xff,0xff,0xff,0x00,
    0xff,0xff,0xff,0x00,0xff,0xff,0xff,0x00,0xff,0xff,0xff,0x00,0xff,0xff,0xff,0x00,
    0xff,0xff,0xff,0x00,0xff,0xff,0xff,0x00,0xff,0xff,0xff,0x00,0xff,0xff,0xff,0x00,
    0xff,0xff,0xff,0x00,0xff,0xff,0xff,0x00,0xff,0xff,0xff,0x00,0xff,0xff,0xff,0x00,
    0xff,0xff,0xff,0x00,0xff,0xff,0xff,0x00,0xff,0xff,0xff,0x00,0xff,0xff,0xff,0x00,
    0xff,0xff,0xff,0x00,0xff,0xff,0xff,0x00,0xff,0xff,0xff,0x00,0xff,0xff,0xff,0x00,
    0xff,0xff,0xff,0x00,0xff,0xff,0xff,0x00,0xff,0xff,0xff,0x00,0xff,0xff,0xff,0x00,
    0xff,0xff,0xff,0x00,0xff,0xff,0xff,0x00,0xff,0xff,0xff,0x00,0xff,0xff,0xff,0x00,
    0xff,0xff,0xff,0x00,0xff,0xff,0xff,0x00,0xff,0xff,0xff,0x00,0xff,0xff,0xff,0x00,
    0xff,0xff,0xff,0x00,0xff,0xff,0xff,0x00,0xff,0xff,0xff,0x00,0xff,0xff,0xff,0x00,
    0xff,0xff,0xff,0x00,0xff,0xff,0xff,0x00,0xff,0xff,0xff,0x00,0xff,0xff,0xff,0x00,
    0xff,0xff,0xff,0x00,0xff,0xff,0xff,0x00,0xff,0xff,0xff,0x00,0xff,0xff,0xff,0x00,
    0xff,0xff,0xff,0x00,0xff,0xff,0xff,0x00,0xff,0xff,0xff,0x00,0xff,0xff,0xff,0x00,
    0xff,0xff,0xff,0x00,0xff,0xff,0xff,0x00,0xff,0xff,0xff,0x00,0xff,0xff,0xff,0x00,
    0xff,0xff,0xff,0x00,0xff,0xff,0xff,0x00,0xff,0xff,0xff,0x00,0xff,0xff,0xff,0x00,
    0xff,0xff,0xff,0x00,0xff,0xff,0xff,0x00,0xff,0xff,0xff,0x00,0xff,0xff,0xff,0x00,
    0xff,0xff,0xff,0x00,0xff,0xff,0xff,0x00,0xff,0xff,0xff,0x00,0xff,0xff,0xff,0x00,
    0xff,0xff,0xff,0x00,0xff,0xff,0xff,0x00,0xff,0xff,0xff,0x00,0xff,0xff,0xff,0x00,
    0xff,0xff,0xff,0x00,0xff,0xff,0xff,0x00,0xff,0xff,0xff,0x00,0xff,0xff,0xff,0x00,
    0xff,0xff,0xff,0x00,0xff,0xff,0xff,0x00,0xff,0xff,0xff,0x00,0xff,0xff,0xff,0x00,
    0xff,0xff,0xff,0x00,0xff,0xff,0xff,0x00,0xff,0xff,0xff,0x00,0x19,0x17,0x0d,0xff,
    0x8e,0x8b,0x43,0xff,0x92,0x91,0x3d,0xff,0x8f,0x8e,0x3e,0xff,0x8f,0x8e,0x3e,0xff,
    0x8f,0x8e,0x3e,0xff,0x92,0x8f,0x43,0xff,0x92,0x91,0x3f,0xff,0x93,0x92,0x3f,0xff,
    0x83,0x81,0x34,0xff,0x7c,0x77,0x29,0xff,0x7f,0x7a,0x2b,0xff,0x7d,0x78,0x29,0xff,
    0x7c,0x77,0x28,0xff,0x78,0x78,0x2a,0xff,0x73,0x7c,0x1d,0xff,0x82,0x7b,0x23,0xff,
    0x60,0x64,0x1d,0xff,0xff,0xff,0xff,0x00,0xff,0xff,0xff,0x00,0xff,0xff,0xff,0x00,
    0xff,0xff,0xff,0x00,0xff,0xff,0xff,0x00,0xff,0xff,0xff,0x00,0xff,0xff,0xff,0x00,
    0xff,0xff,0xff,0x00,0xff,0xff,0xff,0x00,0xff,0xff,0xff,0x00,0xff,0xff,0xff,0x00,
    0xff,0xff,0xff,0x00,0xff,0xff,0xff,0x00,0xff,0xff,0xff,0x00,0xff,0xff,0xff,0x00,
    0xff,0xff,0xff,0x00,0xff,0xff,0xff,0x00,0xff,0xff,0xff,0x00,0xff,0xff,0xff,0x00,
    0xff,0xff,0xff,0x00,0xff,0xff,0xff,0x00,0xff,0xff,0xff,0x00,0xff,0xff,0xff,0x00,
    0xff,0xff,0xff,0x00,0xff,0xff,0xff,0x00,0xff,0xff,0xff,0x00,0xff,0xff,0xff,0x00,
    0xff,0xff,0xff,0x00,0xff,0xff,0xff,0x00,0xff,0xff,0xff,0x00,0xff,0xff,0xff,0x00,
    0xff,0xff,0xff,0x00,0xff,0xff,0xff,0x00,0xff,0xff,0xff,0x00,0xff,0xff,0xff,0x00,
    0xff,0xff,0xff,0x00,0xff,0xff,0xff,0x00,0xff,0xff,0xff,0x00,0xff,0xff,0xff,0x00,
    0xff,0xff,0xff,0x00,0xff,0xff,0xff,0x00,0xff,0xff,0xff,0x00,0xff,0xff,0xff,0x00,
    0xff,0xff,0xff,0x00,0xff,0xff,0xff,0x00,0xff,0xff,0xff,0x00,0xff,0xff,0xff,0x00,
    0xff,0xff,0xff,0x00,0xff,0xff,0xff,0x00,0xff,0xff,0xff,0x00,0xff,0xff,0xff,0x00,
    0xff,0xff,0xff,0x00,0xff,0xff,0xff,0x00,0xff,0xff,0xff,0x00,0xff,0xff,0xff,0x00,
    0xff,0xff,0xff,0x00,0xff,0xff,0xff,0x00,0xff,0xff,0xff,0x00,0xff,0xff,0xff,0x00,
    0xff,0xff,0xff,0x00,0xff,0xff,0xff,0x00,0xff,0xff,0xff,0x00,0xff,0xff,0xff,0x00,
    0xff,0xff,0xff,0x00,0xff,0xff,0xff,0x00,0xff,0xff,0xff,0x00,0xff,0xff,0xff,0x00,
    0xff,0xff,0xff,0x00,0xff,0xff,0xff,0x00,0xff,0xff,0xff,0x00,0xff,0xff,0xff,0x00,
    0xff,0xff,0xff,0x00,0xff,0xff,0xff,0x00,0xff,0xff,0xff,0x00,0xff,0xff,0xff,0x00,
    0xff,0xff,0xff,0x00,0xff,0xff,0xff,0x00,0xff,0xff,0xff,0x00,0xff,0xff,0xff,0x00,
    0xff,0xff,0xff,0x00,0xff,0xff,0xff,0x00,0xff,0xff,0xff,0x00,0xff,0xff,0xff,0x00,
    0xff,0xff,0xff,0x00,0xff,0xff,0xff,0x00,0xff,0xff,0xff,0x00,0xff,0xff,0xff,0x00,
    0xff,0xff,0xff,0x00,0xff,0xff,0xff,0x00,0xff,0xff,0xff,0x00,0xff,0xff,0xff,0x00,
    0xff,0xff,0xff,0x00,0xff,0xff,0xff,0x00,0xff,0xff,0xff,0x00,0xff,0xff,0xff,0x00,
    0xff,0xff,0xff,0x00,0xff,0xff,0xff,0x00,0xff,0xff,0xff,0x00,0xff,0xff,0xff,0x00,
    0xff,0xff,0xff,0x00,0xff,0xff,0xff,0x00,0xff,0xff,0xff,0x00,0x19,0x17,0x0d,0xff,
    0x8e,0x8a,0x42,0xff,0x92,0x91,0x3d,0xff,0x8f,0x8e,0x3e,0xff,0x8f,0x8e,0x3e,0xff,
    0x8f,0x8e,0x3e,0xff,0x91,0x8e,0x42,0xff,0x91,0x90,0x3e,0xff,0x93,0x92,0x3f,0xff,
    0x83,0x81,0x34,0xff,0x7a,0x78,0x2b,0xff,0x7c,0x7a,0x2c,0xff,0x7b,0x79,0x2c,0xff,
    0x7b,0x79,0x2c,0xff,0x77,0x78,0x2b,0xff,0x74,0x7b,0x1f,0xff,0x81,0x78,0x24,0xff,
    0x61,0x64,0x20,0xff,0xff,0xff,0xff,0x00,0xff,0xff,0xff,0x00,0xff,0xff,0xff,0x00,
    0xff,0xff,0xff,0x00,0xff,0xff,0xff,0x00,0xff,0xff,0xff,0x00,0xff,0xff,0xff,0x00,
    0xff,0xff,0xff,0x00,0xff,0xff,0xff,0x00,0xff,0xff,0xff,0x00,0xff,0xff,0xff,0x00,
    0xff,0xff,0xff,0x00,0xff,0xff,0xff,0x00,0xff,0xff,0xff,0x00,0xff,0xff,0xff,0x00,
    0xff,0xff,0xff,0x00,0xff,0xff,0xff,0x00,0xff,0xff,0xff,0x00,0xff,0xff,0xff,0x00,
    0xff,0xff,0xff,0x00,0xff,0xff,0xff,0x00,0xff,0xff,0xff,0x00,0xff,0xff,0xff,0x00,
    0xff,0xff,0xff,0x00,0xff,0xff,0xff,0x00,0xff,0xff,0xff,0x00,0xff,0xff,0xff,0x00,
    0xff,0xff,0xff,0x00,0xff,0xff,0xff,0x00,0xff,0xff,0xff,0x00,0xff,0xff,0xff,0x00,
    0xff,0xff,0xff,0x00,0xff,0xff,0xff,0x00,0xff,0xff,0xff,0x00,0xff,0xff,0xff,0x00,
    0xff,0xff,0xff,0x00,0xff,0xff,0xff,0x00,0xff,0xff,0xff,0x00,0xff,0xff,0xff,0x00,
    0xff,0xff,0xff,0x00,0xff,0xff,0xff,0x00,0xff,0xff,0xff,0x00,0xff,0xff,0xff,0x00,
    0xff,0xff,0xff,0x00,0xff,0xff,0xff,0x00,0xff,0xff,0xff,0x00,0xff,0xff,0xff,0x00,
    0xff,0xff,0xff,0x00,0xff,0xff,0xff,0x00,0xff,0xff,0xff,0x00,0xff,0xff,0xff,0x00,
    0xff,0xff,0xff,0x00,0xff,0xff,0xff,0x00,0xff,0xff,0xff,0x00,0xff,0xff,0xff,0x00,
    0xff,0xff,0xff,0x00,0xff,0xff,0xff,0x00,0xff,0xff,0xff,0x00,0xff,0xff,0xff,0x00,
    0xff,0xff,0xff,0x00,0xff,0xff,0xff,0x00,0xff,0xff,0xff,0x00,0xff,0xff,0xff,0x00,
    0xff,0xff,0xff,0x00,0xff,0xff,0xff,0x00,0xff,0xff,0xff,0x00,0xff,0xff,0xff,0x00,
    0xff,0xff,0xff,0x00,0xff,0xff,0xff,0x00,0xff,0xff,0xff,0x00,0xff,0xff,0xff,0x00,
    0xff,0xff,0xff,0x00,0xff,0xff,0xff,0x00,0xff,0xff,0xff,0x00,0xff,0xff,0xff,0x00,
    0xff,0xff,0xff,0x00,0xff,0xff,0xff,0x00,0xff,0xff,0xff,0x00,0xff,0xff,0xff,0x00,
    0xff,0xff,0xff,0x00,0xff,0xff,0xff,0x00,0xff,0xff,0xff,0x00,0xff,0xff,0xff,0x00,
    0xff,0xff,0xff,0x00,0xff,0xff,0xff,0x00,0xff,0xff,0xff,0x00,0xff,0xff,0xff,0x00,
    0xff,0xff,0xff,0x00,0xff,0xff,0xff,0x00,0xff,0xff,0xff,0x00,0xff,0xff,0xff,0x00,
    0xff,0xff,0xff,0x00,0xff,0xff,0xff,0x00,0xff,0xff,0xff,0x00,0xff,0xff,0xff,0x00,
    0xff,0xff,0xff,0x00,0xff,0xff,0xff,0x00,0xff,0xff,0xff,0x00,0xff,0xff,0xff,0x00,
    0xff,0xff,0xff,0x00,0xff,0xff,0xff,0x00,0xff,0xff,0xff,0x00,0x1c,0x18,0x0d,0xff,
    0x91,0x8c,0x42,0xff,0x93,0x91,0x3b,0xff,0x8e,0x8e,0x3e,0xff,0x8f,0x8e,0x3d,0xff,
    0x8f,0x8e,0x3d,0xff,0x8f,0x8b,0x40,0xff,0x8f,0x8e,0x3c,0xff,0x92,0x92,0x3f,0xff,
    0x84,0x81,0x34,0xff,0x78,0x77,0x2d,0xff,0x79,0x7a,0x2e,0xff,0x79,0x7a,0x2f,0xff,
    0x79,0x7a,0x2e,0xff,0x76,0x77,0x2d,0xff,0x73,0x79,0x21,0xff,0x82,0x79,0x26,0xff,
    0x65,0x67,0x23,0xff,0xff,0xff,0xff,0x00,0xff,0xff,0xff,0x00,0xff,0xff,0xff,0x00,
    0xff,0xff,0xff,0x00,0xff,0xff,0xff,0x00,0xff,0xff,0xff,0x00,0xff,0xff,0xff,0x00,
    0xff,0xff,0xff,0x00,0xff,0xff,0xff,0x00,0xff,0xff,0xff,0x00,0xff,0xff,0xff,0x00,
    0xff,0xff,0xff,0x00,0xff,0xff,0xff,0x00,0xff,0xff,0xff,0x00,0xff,0xff,0xff,0x00,
    0xff,0xff,0xff,0x00,0xff,0xff,0xff,0x00,0xff,0xff,0xff,0x00,0xff,0xff,0xff,0x00,
    0xff,0xff,0xff,0x00,0xff,0xff,0xff,0x00,0xff,0xff,0xff,0x00,0xff,0xff,0xff,0x00,
    0xff,0xff,0xff,0x00,0xff,0xff,0xff,0x00,0xff,0xff,0xff,0x00,0xff,0xff,0xff,0x00,
    0xff,0xff,0xff,0x00,0xff,0xff,0xff,0x00,0xff,0xff,0xff,0x00,0xff,0xff,0xff,0x00,
    0xff,0xff,0xff,0x00,0xff,0xff,0xff,0x00,0xff,0xff,0xff,0x00,0xff,0xff,0xff,0x00,
    0xff,0xff,0xff,0x00,0xff,0xff,0xff,0x00,0xff,0xff,0xff,0x00,0xff,0xff,0xff,0x00,
    0xff,0xff,0xff,0x00,0xff,0xff,0xff,0x00,0xff,0xff,0xff,0x00,0xff,0xff,0xff,0x00,
    0xff,0xff,0xff,0x00,0xff,0xff,0xff,0x00,0xff,0xff,0xff,0x00,0xff,0xff,0xff,0x00,
    0xff,0xff,0xff,0x00,0xff,0xff,0xff,0x00,0xff,0xff,0xff,0x00,0xff,0xff,0xff,0x00,
    0xff,0xff,0xff,0x00,0xff,0xff,0xff,0x00,0xff,0xff,0xff,0x00,0xff,0xff,0xff,0x00,
    0xff,0xff,0xff,0x00,0xff,0xff,0xff,0x00,0xff,0xff,0xff,0x00,0xff,0xff,0xff,0x00,
    0xff,0xff,0xff,0x00,0xff,0xff,0xff,0x00,0xff,0xff,0xff,0x00,0xff,0xff,0xff,0x00,
    0xff,0xff,0xff,0x00,0xff,0xff,0xff,0x00,0xff,0xff,0xff,0x00,0xff,0xff,0xff,0x00,
    0xff,0xff,0xff,0x00,0xff,0xff,0xff,0x00,0xff,0xff,0xff,0x00,0xff,0xff,0xff,0x00,
    0xff,0xff,0xff,0x00,0xff,0xff,0xff,0x00,0xff,0xff,0xff,0x00,0xff,0xff,0xff,0x00,
    0xff,0xff,0xff,0x00,0xff,0xff,0xff,0x00,0xff,0xff,0xff,0x00,0xff,0xff,0xff,0x00,
    0xff,0xff,0xff,0x00,0xff,0xff,0xff,0x00,0xff,0xff,0xff,0x00,0xff,0xff,0xff,0x00,
    0xff,0xff,0xff,0x00,0xff,0xff,0xff,0x00,0xff,0xff,0xff,0x00,0xff,0xff,0xff,0x00,
    0xff,0xff,0xff,0x00,0xff,0xff,0xff,0x00,0xff,0xff,0xff,0x00,0xff,0xff,0xff,0x00,
    0xff,0xff,0xff,0x00,0xff,0xff,0xff,0x00,0xff,0xff,0xff,0x00,0xff,0xff,0xff,0x00,
    0xff,0xff,0xff,0x00,0xff,0xff,0xff,0x00,0xff,0xff,0xff,0x00,0xff,0xff,0xff,0x00,
    0xff,0xff,0xff,0x00,0xff,0xff,0xff,0x00,0xff,0xff,0xff,0x00,0x0d,0x0c,0x05,0xff,
    0x7a,0x7c,0x3f,0xff,0x9d,0x9b,0x4d,0xff,0x9d,0x98,0x44,0xff,0x99,0x98,0x46,0xff,
    0x96,0x93,0x46,0xff,0x93,0x90,0x42,0xff,0x92,0x91,0x41,0xff,0x94,0x94,0x42,0xff,
    0x87,0x83,0x38,0xff,0x7a,0x7a,0x2e,0xff,0x77,0x7b,0x34,0xff,0x7b,0x7a,0x32,0xff,
    0x81,0x7e,0x36,0xff,0x84,0x7e,0x37,0xff,0x85,0x82,0x29,0xff,0x8e,0x84,0x32,0xff,
    0x54,0x54,0x21,0xff,0xff,0xff,0xff,0x00,0xff,0xff,0xff,0x00,0xff,0xff,0xff,0x00,
    0xff,0xff,0xff,0x00,0xff,0xff,0xff,0x00,0xff,0xff,0xff,0x00,0xff,0xff,0xff,0x00,
    0xff,0xff,0xff,0x00,0xff,0xff,0xff,0x00,0xff,0xff,0xff,0x00,0xff,0xff,0xff,0x00,
    0xff,0xff,0xff,0x00,0xff,0xff,0xff,0x00,0xff,0xff,0xff,0x00,0xff,0xff,0xff,0x00,
    0xff,0xff,0xff,0x00,0xff,0xff,0xff,0x00,0xff,0xff,0xff,0x00,0xff,0xff,0xff,0x00,
    0xff,0xff,0xff,0x00,0xff,0xff,0xff,0x00,0xff,0xff,0xff,0x00,0xff,0xff,0xff,0x00,
    0xff,0xff,0xff,0x00,0xff,0xff,0xff,0x00,0xff,0xff,0xff,0x00,0xff,0xff,0xff,0x00,
    0xff,0xff,0xff,0x00,0xff,0xff,0xff,0x00,0xff,0xff,0xff,0x00,0xff,0xff,0xff,0x00,
    0xff,0xff,0xff,0x00,0xff,0xff,0xff,0x00,0xff,0xff,0xff,0x00,0xff,0xff,0xff,0x00,
    0xff,0xff,0xff,0x00,0xff,0xff,0xff,0x00,0xff,0xff,0xff,0x00,0xff,0xff,0xff,0x00,
    0xff,0xff,0xff,0x00,0xff,0xff,0xff,0x00,0xff,0xff,0xff,0x00,0xff,0xff,0xff,0x00,
    0xff,0xff,0xff,0x00,0xff,0xff,0xff,0x00,0xff,0xff,0xff,0x00,0xff,0xff,0xff,0x00,
    0xff,0xff,0xff,0x00,0xff,0xff,0xff,0x00,0xff,0xff,0xff,0x00,0xff,0xff,0xff,0x00,
    0xff,0xff,0xff,0x00,0xff,0xff,0xff,0x00,0xff,0xff,0xff,0x00,0xff,0xff,0xff,0x00,
    0xff,0xff,0xff,0x00,0xff,0xff,0xff,0x00,0xff,0xff,0xff,0x00,0xff,0xff,0xff,0x00,
    0xff,0xff,0xff,0x00,0xff,0xff,0xff,0x00,0xff,0xff,0xff,0x00,0xff,0xff,0xff,0x00,
    0xff,0xff,0xff,0x00,0xff,0xff,0xff,0x00,0xff,0xff,0xff,0x00,0xff,0xff,0xff,0x00,
    0xff,0xff,0xff,0x00,0xff,0xff,0xff,0x00,0xff,0xff,0xff,0x00,0xff,0xff,0xff,0x00,
    0xff,0xff,0xff,0x00,0xff,0xff,0xff,0x00,0xff,0xff,0xff,0x00,0xff,0xff,0xff,0x00,
    0xff,0xff,0xff,0x00,0xff,0xff,0xff,0x00,0xff,0xff,0xff,0x00,0xff,0xff,0xff,0x00,
    0xff,0xff,0xff,0x00,0xff,0xff,0xff,0x00,0xff,0xff,0xff,0x00,0xff,0xff,0xff,0x00,
    0xff,0xff,0xff,0x00,0xff,0xff,0xff,0x00,0xff,0xff,0xff,0x00,0xff,0xff,0xff,0x00,
    0xff,0xff,0xff,0x00,0xff,0xff,0xff,0x00,0xff,0xff,0xff,0x00,0xff,0xff,0xff,0x00,
    0xff,0xff,0xff,0x00,0xff,0xff,0xff,0x00,0xff,0xff,0xff,0x00,0xff,0xff,0xff,0x00,
    0xff,0xff,0xff,0x00,0xff,0xff,0xff,0x00,0xff,0xff,0xff,0x00,0xff,0xff,0xff,0x00,
    0xff,0xff,0xff,0x00,0xff,0xff,0xff,0x00,0xff,0xff,0xff,0x00,0xff,0xff,0xff,0x00,
    0x18,0x22,0x10,0xff,0x50,0x52,0x34,0xff,0x60,0x58,0x2f,0xff,0x4e,0x52,0x2b,0xff,
    0x65,0x66,0x30,0xff,0x85,0x83,0x2e,0xff,0x82,0x81,0x2c,0xff,0x83,0x81,0x2f,0xff,
    0x78,0x72,0x28,0xff,0x71,0x6a,0x1f,0xff,0x66,0x6b,0x24,0xff,0x6f,0x6d,0x21,0xff,
    0x58,0x53,0x24,0xff,0x4a,0x44,0x25,0xff,0x50,0x4b,0x1e,0xff,0x42,0x41,0x1d,0xff,
    0x0d,0x0f,0x0a,0xff,0xff,0xff,0xff,0x00,0xff,0xff,0xff,0x00,0xff,0xff,0xff,0x00,
    0xff,0xff,0xff,0x00,0xff,0xff,0xff,0x00,0xff,0xff,0xff,0x00,0xff,0xff,0xff,0x00,
    0xff,0xff,0xff,0x00,0xff,0xff,0xff,0x00,0xff,0xff,0xff,0x00,0xff,0xff,0xff,0x00,
    0xff,0xff,0xff,0x00,0xff,0xff,0xff,0x00,0xff,0xff,0xff,0x00,0xff,0xff,0xff,0x00,
    0xff,0xff,0xff,0x00,0xff,0xff,0xff,0x00,0xff,0xff,0xff,0x00,0xff,0xff,0xff,0x00,
    0xff,0xff,0xff,0x00,0xff,0xff,0xff,0x00,0xff,0xff,0xff,0x00,0xff,0xff,0xff,0x00,
    0xff,0xff,0xff,0x00,0xff,0xff,0xff,0x00,0xff,0xff,0xff,0x00,0xff,0xff,0xff,0x00,
    0xff,0xff,0xff,0x00,0xff,0xff,0xff,0x00,0xff,0xff,0xff,0x00,0xff,0xff,0xff,0x00,
    0xff,0xff,0xff,0x00,0xff,0xff,0xff,0x00,0xff,0xff,0xff,0x00,0xff,0xff,0xff,0x00,
    0xff,0xff,0xff,0x00,0xff,0xff,0xff,0x00,0xff,0xff,0xff,0x00,0xff,0xff,0xff,0x00,
    0xff,0xff,0xff,0x00,0xff,0xff,0xff,0x00,0xff,0xff,0xff,0x00,0xff,0xff,0xff,0x00,
    0xff,0xff,0xff,0x00,0xff,0xff,0xff,0x00,0xff,0xff,0xff,0x00,0xff,0xff,0xff,0x00,
    0xff,0xff,0xff,0x00,0xff,0xff,0xff,0x00,0xff,0xff,0xff,0x00,0xff,0xff,0xff,0x00,
    0xff,0xff,0xff,0x00,0xff,0xff,0xff,0x00,0xff,0xff,0xff,0x00,0xff,0xff,0xff,0x00,
    0xff,0xff,0xff,0x00,0xff,0xff,0xff,0x00,0xff,0xff,0xff,0x00,0xff,0xff,0xff,0x00,
    0xff,0xff,0xff,0x00,0xff,0xff,0xff,0x00,0xff,0xff,0xff,0x00,0xff,0xff,0xff,0x00,
    0xff,0xff,0xff,0x00,0xff,0xff,0xff,0x00,0xff,0xff,0xff,0x00,0xff,0xff,0xff,0x00,
    0xff,0xff,0xff,0x00,0xff,0xff,0xff,0x00,0xff,0xff,0xff,0x00,0xff,0xff,0xff,0x00,
    0xff,0xff,0xff,0x00,0xff,0xff,0xff,0x00,0xff,0xff,0xff,0x00,0xff,0xff,0xff,0x00,
    0xff,0xff,0xff,0x00,0xff,0xff,0xff,0x00,0xff,0xff,0xff,0x00,0xff,0xff,0xff,0x00,
    0xff,0xff,0xff,0x00,0xff,0xff,0xff,0x00,0xff,0xff,0xff,0x00,0xff,0xff,0xff,0x00,
    0xff,0xff,0xff,0x00,0xff,0xff,0xff,0x00,0xff,0xff,0xff,0x00,0xff,0xff,0xff,0x00,
    0xff,0xff,0xff,0x00,0xff,0xff,0xff,0x00,0xff,0xff,0xff,0x00,0xff,0xff,0xff,0x00,
    0xff,0xff,0xff,0x00,0xff,0xff,0xff,0x00,0xff,0xff,0xff,0x00,0xff,0xff,0xff,0x00,
    0xff,0xff,0xff,0x00,0xff,0xff,0xff,0x00,0xff,0xff,0xff,0x00,0xff,0xff,0xff,0x00,
    0xff,0xff,0xff,0x00,0xff,0xff,0xff,0x00,0xff,0xff,0xff,0x00,0xff,0xff,0xff,0x00,
    0xff,0xff,0xff,0x00,0xff,0xff,0xff,0x00,0xff,0xff,0xff,0x00,0xff,0xff,0xff,0x00,
    0x34,0x35,0x0c,0xff,0x73,0x73,0x16,0xff,0x6e,0x6d,0x10,0xff,0x6c,0x6b,0x10,0xff,
    0x63,0x5d,0x0c,0xff,0x66,0x53,0x10,0xff,0x5d,0x5b,0x08,0xff,0x5f,0x5f,0x0c,0xff,
    0x19,0x15,0x06,0xff,0xff,0xff,0xff,0x00,0xff,0xff,0xff,0x00,0x00,0x00,0x08,0xff,
    0xff,0xff,0xff,0x00,0xff,0xff,0xff,0x00,0xff,0xff,0xff,0x00,0xff,0xff,0xff,0x00,
    0xff,0xff,0xff,0x00,0xff,0xff,0xff,0x00,0xff,0xff,0xff,0x00,0xff,0xff,0xff,0x00,
    0xff,0xff,0xff,0x00,0xff,0xff,0xff,0x00,0xff,0xff,0xff,0x00,0xff,0xff,0xff,0x00,
    0xff,0xff,0xff,0x00,0xff,0xff,0xff,0x00,0xff,0xff,0xff,0x00,0xff,0xff,0xff,0x00,
    0xff,0xff,0xff,0x00,0xff,0xff,0xff,0x00,0xff,0xff,0xff,0x00,0xff,0xff,0xff,0x00,
    0xff,0xff,0xff,0x00,0xff,0xff,0xff,0x00,0xff,0xff,0xff,0x00,0xff,0xff,0xff,0x00,
    0xff,0xff,0xff,0x00,0xff,0xff,0xff,0x00,0xff,0xff,0xff,0x00,0xff,0xff,0xff,0x00,
    0xff,0xff,0xff,0x00,0xff,0xff,0xff,0x00,0xff,0xff,0xff,0x00,0xff,0xff,0xff,0x00,
    0xff,0xff,0xff,0x00,0xff,0xff,0xff,0x00,0xff,0xff,0xff,0x00,0xff,0xff,0xff,0x00,
    0xff,0xff,0xff,0x00,0xff,0xff,0xff,0x00,0xff,0xff,0xff,0x00,0xff,0xff,0xff,0x00,
    0xff,0xff,0xff,0x00,0xff,0xff,0xff,0x00,0xff,0xff,0xff,0x00,0xff,0xff,0xff,0x00,
    0xff,0xff,0xff,0x00,0xff,0xff,0xff,0x00,0xff,0xff,0xff,0x00,0xff,0xff,0xff,0x00,
    0xff,0xff,0xff,0x00,0xff,0xff,0xff,0x00,0xff,0xff,0xff,0x00,0xff,0xff,0xff,0x00,
    0xff,0xff,0xff,0x00,0xff,0xff,0xff,0x00,0xff,0xff,0xff,0x00,0xff,0xff,0xff,0x00,
    0xff,0xff,0xff,0x00,0xff,0xff,0xff,0x00,0xff,0xff,0xff,0x00,0xff,0xff,0xff,0x00,
    0xff,0xff,0xff,0x00,0xff,0xff,0xff,0x00,0xff,0xff,0xff,0x00,0xff,0xff,0xff,0x00,
    0xff,0xff,0xff,0x00,0xff,0xff,0xff,0x00,0xff,0xff,0xff,0x00,0xff,0xff,0xff,0x00,
    0xff,0xff,0xff,0x00,0xff,0xff,0xff,0x00,0xff,0xff,0xff,0x00,0xff,0xff,0xff,0x00,
    0xff,0xff,0xff,0x00,0xff,0xff,0xff,0x00,0xff,0xff,0xff,0x00,0xff,0xff,0xff,0x00,
    0xff,0xff,0xff,0x00,0xff,0xff,0xff,0x00,0xff,0xff,0xff,0x00,0xff,0xff,0xff,0x00,
    0xff,0xff,0xff,0x00,0xff,0xff,0xff,0x00,0xff,0xff,0xff,0x00,0xff,0xff,0xff,0x00,
    0xff,0xff,0xff,0x00,0xff,0xff,0xff,0x00,0xff,0xff,0xff,0x00,0xff,0xff,0xff,0x00,
    0xff,0xff,0xff,0x00,0xff,0xff,0xff,0x00,0xff,0xff,0xff,0x00,0xff,0xff,0xff,0x00,
    0xff,0xff,0xff,0x00,0xff,0xff,0xff,0x00,0xff,0xff,0xff,0x00,0xff,0xff,0xff,0x00,
    0xff,0xff,0xff,0x00,0xff,0xff,0xff,0x00,0xff,0xff,0xff,0x00,0xff,0xff,0xff,0x00,
    0xff,0xff,0xff,0x00,0xff,0xff,0xff,0x00,0xff,0xff,0xff,0x00,0xff,0xff,0xff,0x00,
    0xff,0xff,0xff,0x00,0xff,0xff,0xff,0x00,0x09,0x01,0x08,0xff,0xff,0xff,0xff,0x00,
    0x49,0x3c,0x12,0xff,0x7b,0x75,0x19,0xff,0x72,0x6e,0x11,0xff,0x71,0x6d,0x12,0xff,
    0x69,0x61,0x0f,0xff,0x65,0x58,0x0d,0xff,0x60,0x5d,0x09,0xff,0x65,0x5e,0x10,0xff,
    0x1b,0x19,0x0a,0xff,0xff,0xff,0xff,0x00,0xff,0xff,0xff,0x00,0xff,0xff,0xff,0x00,
    0x08,0x00,0x01,0xff,0xff,0xff,0xff,0x00,0xff,0xff,0xff,0x00,0xff,0xff,0xff,0x00,
    0xff,0xff,0xff,0x00,0xff,0xff,0xff,0x00,0xff,0xff,0xff,0x00,0xff,0xff,0xff,0x00,
    0xff,0xff,0xff,0x00,0xff,0xff,0xff,0x00,0xff,0xff,0xff,0x00,0xff,0xff,0xff,0x00,
    0xff,0xff,0xff,0x00,0xff,0xff,0xff,0x00,0xff,0xff,0xff,0x00,0xff,0xff,0xff,0x00,
    0xff,0xff,0xff,0x00,0xff,0xff,0xff,0x00,0xff,0xff,0xff,0x00,0xff,0xff,0xff,0x00,
    0xff,0xff,0xff,0x00,0xff,0xff,0xff,0x00,0xff,0xff,0xff,0x00,0xff,0xff,0xff,0x00,
    0xff,0xff,0xff,0x00,0xff,0xff,0xff,0x00,0xff,0xff,0xff,0x00,0xff,0xff,0xff,0x00,
    0xff,0xff,0xff,0x00,0xff,0xff,0xff,0x00,0xff,0xff,0xff,0x00,0xff,0xff,0xff,0x00,
    0xff,0xff,0xff,0x00,0xff,0xff,0xff,0x00,0xff,0xff,0xff,0x00,0xff,0xff,0xff,0x00,
    0xff,0xff,0xff,0x00,0xff,0xff,0xff,0x00,0xff,0xff,0xff,0x00,0xff,0xff,0xff,0x00,
    0xff,0xff,0xff,0x00,0xff,0xff,0xff,0x00,0xff,0xff,0xff,0x00,0xff,0xff,0xff,0x00,
    0xff,0xff,0xff,0x00,0xff,0xff,0xff,0x00,0xff,0xff,0xff,0x00,0xff,0xff,0xff,0x00,
    0xff,0xff,0xff,0x00,0xff,0xff,0xff,0x00,0xff,0xff,0xff,0x00,0xff,0xff,0xff,0x00,
    0xff,0xff,0xff,0x00,0xff,0xff,0xff,0x00,0xff,0xff,0xff,0x00,0xff,0xff,0xff,0x00,
    0xff,0xff,0xff,0x00,0xff,0xff,0xff,0x00,0xff,0xff,0xff,0x00,0xff,0xff,0xff,0x00,
    0xff,0xff,0xff,0x00,0xff,0xff,0xff,0x00,0xff,0xff,0xff,0x00,0xff,0xff,0xff,0x00,
    0xff,0xff,0xff,0x00,0xff,0xff,0xff,0x00,0xff,0xff,0xff,0x00,0xff,0xff,0xff,0x00,
    0xff,0xff,0xff,0x00,0xff,0xff,0xff,0x00,0xff,0xff,0xff,0x00,0xff,0xff,0xff,0x00,
    0xff,0xff,0xff,0x00,0xff,0xff,0xff,0x00,0xff,0xff,0xff,0x00,0xff,0xff,0xff,0x00,
    0xff,0xff,0xff,0x00,0xff,0xff,0xff,0x00,0xff,0xff,0xff,0x00,0xff,0xff,0xff,0x00,
    0xff,0xff,0xff,0x00,0xff,0xff,0xff,0x00,0xff,0xff,0xff,0x00,0xff,0xff,0xff,0x00,
    0xff,0xff,0xff,0x00,0xff,0xff,0xff,0x00,0xff,0xff,0xff,0x00,0xff,0xff,0xff,0x00,
    0xff,0xff,0xff,0x00,0xff,0xff,0xff,0x00,0xff,0xff,0xff,0x00,0xff,0xff,0xff,0x00,
    0xff,0xff,0xff,0x00,0xff,0xff,0xff,0x00,0xff,0xff,0xff,0x00,0xff,0xff,0xff,0x00,
    0xff,0xff,0xff,0x00,0xff,0xff,0xff,0x00,0xff,0xff,0xff,0x00,0xff,0xff,0xff,0x00,
    0xff,0xff,0xff,0x00,0xff,0xff,0xff,0x00,0xff,0xff,0xff,0x00,0xff,0xff,0xff,0x00,
    0xff,0xff,0xff,0x00,0xff,0xff,0xff,0x00,0xff,0xff,0xff,0x00,0xff,0xff,0xff,0x00,
    0x39,0x33,0x11,0xff,0x77,0x71,0x18,0xff,0x6e,0x6a,0x0f,0xff,0x6e,0x68,0x13,0xff,
    0x66,0x5e,0x0f,0xff,0x5c,0x59,0x07,0xff,0x5e,0x58,0x09,0xff,0x63,0x57,0x14,0xff,
    0x16,0x18,0x03,0xff,0xff,0xff,0xff,0x00,0xff,0xff,0xff,0x00,0xff,0xff,0xff,0x00,
    0xff,0xff,0xff,0x00,0xff,0xff,0xff,0x00,0xff,0xff,0xff,0x00,0xff,0xff,0xff,0x00,
    0xff,0xff,0xff,0x00,0xff,0xff,0xff,0x00,0xff,0xff,0xff,0x00,0xff,0xff,0xff,0x00,
    0xff,0xff,0xff,0x00,0xff,0xff,0xff,0x00,0xff,0xff,0xff,0x00,0xff,0xff,0xff,0x00,
    0xff,0xff,0xff,0x00,0xff,0xff,0xff,0x00,0xff,0xff,0xff,0x00,0xff,0xff,0xff,0x00,
    0xff,0xff,0xff,0x00,0xff,0xff,0xff,0x00,0xff,0xff,0xff,0x00,0xff,0xff,0xff,0x00,
    0xff,0xff,0xff,0x00,0xff,0xff,0xff,0x00,0xff,0xff,0xff,0x00,0xff,0xff,0xff,0x00,
    0xff,0xff,0xff,0x00,0xff,0xff,0xff,0x00,0xff,0xff,0xff,0x00,0xff,0xff,0xff,0x00,
    0xff,0xff,0xff,0x00,0xff,0xff,0xff,0x00,0xff,0xff,0xff,0x00,0xff,0xff,0xff,0x00,
    0xff,0xff,0xff,0x00,0xff,0xff,0xff,0x00,0xff,0xff,0xff,0x00,0xff,0xff,0xff,0x00,
    0xff,0xff,0xff,0x00,0xff,0xff,0xff,0x00,0xff,0xff,0xff,0x00,0xff,0xff,0xff,0x00,
    0xff,0xff,0xff,0x00,0xff,0xff,0xff,0x00,0xff,0xff,0xff,0x00,0xff,0xff,0xff,0x00,
    0xff,0xff,0xff,0x00,0xff,0xff,0xff,0x00,0xff,0xff,0xff,0x00,0xff,0xff,0xff,0x00,
    0xff,0xff,0xff,0x00,0xff,0xff,0xff,0x00,0xff,0xff,0xff,0x00,0xff,0xff,0xff,0x00,
    0xff,0xff,0xff,0x00,0xff,0xff,0xff,0x00,0xff,0xff,0xff,0x00,0xff,0xff,0xff,0x00,
    0xff,0xff,0xff,0x00,0xff,0xff,0xff,0x00,0xff,0xff,0xff,0x00,0xff,0xff,0xff,0x00,
    0xff,0xff,0xff,0x00,0xff,0xff,0xff,0x00,0xff,0xff,0xff,0x00,0xff,0xff,0xff,0x00,
    0xff,0xff,0xff,0x00,0xff,0xff,0xff,0x00,0xff,0xff,0xff,0x00,0xff,0xff,0xff,0x00,
    0xff,0xff,0xff,0x00,0xff,0xff,0xff,0x00,0xff,0xff,0xff,0x00,0xff,0xff,0xff,0x00,
    0xff,0xff,0xff,0x00,0xff,0xff,0xff,0x00,0xff,0xff,0xff,0x00,0xff,0xff,0xff,0x00,
    0xff,0xff,0xff,0x00,0xff,0xff,0xff,0x00,0xff,0xff,0xff,0x00,0xff,0xff,0xff,0x00,
    0xff,0xff,0xff,0x00,0xff,0xff,0xff,0x00,0xff,0xff,0xff,0x00,0xff,0xff,0xff,0x00,
    0xff,0xff,0xff,0x00,0xff,0xff,0xff,0x00,0xff,0xff,0xff,0x00,0xff,0xff,0xff,0x00,
    0xff,0xff,0xff,0x00,0xff,0xff,0xff,0x00,0xff,0xff,0xff,0x00,0xff,0xff,0xff,0x00,
    0xff,0xff,0xff,0x00,0xff,0xff,0xff,0x00,0xff,0xff,0xff,0x00,0xff,0xff,0xff,0x00,
    0xff,0xff,0xff,0x00,0xff,0xff,0xff,0x00,0xff,0xff,0xff,0x00,0xff,0xff,0xff,0x00,
    0xff,0xff,0xff,0x00,0xff,0xff,0xff,0x00,0xff,0xff,0xff,0x00,0xff,0xff,0xff,0x00,
    0xff,0xff,0xff,0x00,0x0f,0x12,0x07,0xff,0x1c,0x21,0x12,0xff,0x2d,0x2f,0x1d,0xff,
    0x5e,0x61,0x25,0xff,0x83,0x86,0x27,0xff,0x84,0x83,0x2b,0xff,0x87,0x84,0x33,0xff,
    0x79,0x74,0x2a,0xff,0x6b,0x69,0x21,0xff,0x71,0x6b,0x1a,0xff,0x6d,0x69,0x22,0xff,
    0x3d,0x44,0x1f,0xff,0x23,0x28,0x12,0xff,0x18,0x19,0x0a,0xff,0x0a,0x0a,0x05,0xff,
    0xff,0xff,0xff,0x00,0xff,0xff,0xff,0x00,0xff,0xff,0xff,0x00,0xff,0xff,0xff,0x00,
    0xff,0xff,0xff,0x00,0xff,0xff,0xff,0x00,0xff,0xff,0xff,0x00,0xff,0xff,0xff,0x00,
    0xff,0xff,0xff,0x00,0xff,0xff,0xff,0x00,0xff,0xff,0xff,0x00,0xff,0xff,0xff,0x00,
    0xff,0xff,0xff,0x00,0xff,0xff,0xff,0x00,0xff,0xff,0xff,0x00,0xff,0xff,0xff,0x00,
    0xff,0xff,0xff,0x00,0x15,0x12,0x0a,0xff,0x3e,0x3d,0x29,0xff,0x15,0x12,0x06,0xff,
    0xff,0xff,0xff,0x00,0xff,0xff,0xff,0x00,0xff,0xff,0xff,0x00,0xff,0xff,0xff,0x00,
    0xff,0xff,0xff,0x00,0xff,0xff,0xff,0x00,0xff,0xff,0xff,0x00,0xff,0xff,0xff,0x00,
    0xff,0xff,0xff,0x00,0xff,0xff,0xff,0x00,0xff,0xff,0xff,0x00,0xff,0xff,0xff,0x00,
    0xff,0xff,0xff,0x00,0xff,0xff,0xff,0x00,0xff,0xff,0xff,0x00,0xff,0xff,0xff,0x00,
    0xff,0xff,0xff,0x00,0xff,0xff,0xff,0x00,0xff,0xff,0xff,0x00,0xff,0xff,0xff,0x00,
    0xff,0xff,0xff,0x00,0xff,0xff,0xff,0x00,0xff,0xff,0xff,0x00,0xff,0xff,0xff,0x00,
    0xff,0xff,0xff,0x00,0xff,0xff,0xff,0x00,0xff,0xff,0xff,0x00,0xff,0xff,0xff,0x00,
    0xff,0xff,0xff,0x00,0xff,0xff,0xff,0x00,0xff,0xff,0xff,0x00,0xff,0xff,0xff,0x00,
    0xff,0xff,0xff,0x00,0xff,0xff,0xff,0x00,0xff,0xff,0xff,0x00,0xff,0xff,0xff,0x00,
    0xff,0xff,0xff,0x00,0xff,0xff,0xff,0x00,0xff,0xff,0xff,0x00,0xff,0xff,0xff,0x00,
    0xff,0xff,0xff,0x00,0xff,0xff,0xff,0x00,0xff,0xff,0xff,0x00,0xff,0xff,0xff,0x00,
    0xff,0xff,0xff,0x00,0xff,0xff,0xff,0x00,0xff,0xff,0xff,0x00,0xff,0xff,0xff,0x00,
    0xff,0xff,0xff,0x00,0xff,0xff,0xff,0x00,0xff,0xff,0xff,0x00,0xff,0xff,0xff,0x00,
    0xff,0xff,0xff,0x00,0xff,0xff,0xff,0x00,0xff,0xff,0xff,0x00,0xff,0xff,0xff,0x00,
    0xff,0xff,0xff,0x00,0xff,0xff,0xff,0x00,0xff,0xff,0xff,0x00,0xff,0xff,0xff,0x00,
    0xff,0xff,0xff,0x00,0xff,0xff,0xff,0x00,0xff,0xff,0xff,0x00,0xff,0xff,0xff,0x00,
    0xff,0xff,0xff,0x00,0xff,0xff,0xff,0x00,0xff,0xff,0xff,0x00,0xff,0xff,0xff,0x00,
    0xff,0xff,0xff,0x00,0xff,0xff,0xff,0x00,0xff,0xff,0xff,0x00,0xff,0xff,0xff,0x00,
    0xff,0xff,0xff,0x00,0xff,0xff,0xff,0x00,0xff,0xff,0xff,0x00,0xff,0xff,0xff,0x00,
    0xff,0xff,0xff,0x00,0xff,0xff,0xff,0x00,0x00,0x00,0x0a,0xff,0xff,0xff,0xff,0x00,
    0xff,0xff,0xff,0x00,0x0e,0x10,0x08,0xff,0x2e,0x2f,0x1a,0xff,0x53,0x50,0x2a,0xff,
    0x72,0x6c,0x3c,0xff,0x87,0x83,0x48,0xff,0x8f,0x95,0x3f,0xff,0x96,0x96,0x47,0xff,
    0x9b,0x94,0x47,0xff,0x96,0x93,0x41,0xff,0x96,0x93,0x43,0xff,0x97,0x92,0x46,0xff,
    0x87,0x81,0x3a,0xff,0x74,0x79,0x31,0xff,0x7a,0x7d,0x28,0xff,0x7c,0x7b,0x25,0xff,
    0x7b,0x7c,0x36,0xff,0x7b,0x80,0x31,0xff,0x76,0x7a,0x31,0xff,0x6a,0x6b,0x36,0xff,
    0x54,0x52,0x2b,0xff,0x3f,0x39,0x21,0xff,0x23,0x20,0x13,0xff,0x06,0x08,0x04,0xff,
    0xff,0xff,0xff,0x00,0xff,0xff,0xff,0x00,0xff,0xff,0xff,0x00,0xff,0xff,0xff,0x00,
    0xff,0xff,0xff,0x00,0xff,0xff,0xff,0x00,0xff,0xff,0xff,0x00,0xff,0xff,0xff,0x00,
    0xff,0xff,0xff,0x00,0xff,0xff,0xff,0x00,0xff,0xff,0xff,0x00,0xff,0xff,0xff,0x00,
    0x10,0x0d,0x05,0xff,0x6a,0x5f,0x3c,0xff,0x8d,0x85,0x46,0xff,0x6b,0x6b,0x2d,0xff,
    0x15,0x15,0x09,0xff,0xff,0xff,0xff,0x00,0xff,0xff,0xff,0x00,0xff,0xff,0xff,0x00,
    0xff,0xff,0xff,0x00,0xff,0xff,0xff,0x00,0xff,0xff,0xff,0x00,0xff,0xff,0xff,0x00,
    0xff,0xff,0xff,0x00,0xff,0xff,0xff,0x00,0xff,0xff,0xff,0x00,0xff,0xff,0xff,0x00,
    0xff,0xff,0xff,0x00,0xff,0xff,0xff,0x00,0xff,0xff,0xff,0x00,0xff,0xff,0xff,0x00,
    0xff,0xff,0xff,0x00,0xff,0xff,0xff,0x00,0xff,0xff,0xff,0x00,0xff,0xff,0xff,0x00,
    0xff,0xff,0xff,0x00,0xff,0xff,0xff,0x00,0xff,0xff,0xff,0x00,0xff,0xff,0xff,0x00,
    0xff,0xff,0xff,0x00,0xff,0xff,0xff,0x00,0xff,0xff,0xff,0x00,0xff,0xff,0xff,0x00,
    0xff,0xff,0xff,0x00,0xff,0xff,0xff,0x00,0xff,0xff,0xff,0x00,0xff,0xff,0xff,0x00,
    0xff,0xff,0xff,0x00,0xff,0xff,0xff,0x00,0xff,0xff,0xff,0x00,0xff,0xff,0xff,0x00,
    0xff,0xff,0xff,0x00,0xff,0xff,0xff,0x00,0xff,0xff,0xff,0x00,0xff,0xff,0xff,0x00,
    0xff,0xff,0xff,0x00,0xff,0xff,0xff,0x00,0xff,0xff,0xff,0x00,0xff,0xff,0xff,0x00,
    0xff,0xff,0xff,0x00,0xff,0xff,0xff,0x00,0xff,0xff,0xff,0x00,0xff,0xff,0xff,0x00,
    0xff,0xff,0xff,0x00,0xff,0xff,0xff,0x00,0xff,0xff,0xff,0x00,0xff,0xff,0xff,0x00,
    0xff,0xff,0xff,0x00,0xff,0xff,0xff,0x00,0xff,0xff,0xff,0x00,0xff,0xff,0xff,0x00,
    0xff,0xff,0xff,0x00,0xff,0xff,0xff,0x00,0xff,0xff,0xff,0x00,0xff,0xff,0xff,0x00,
    0xff,0xff,0xff,0x00,0xff,0xff,0xff,0x00,0xff,0xff,0xff,0x00,0xff,0xff,0xff,0x00,
    0xff,0xff,0xff,0x00,0xff,0xff,0xff,0x00,0xff,0xff,0xff,0x00,0xff,0xff,0xff,0x00,
    0xff,0xff,0xff,0x00,0xff,0xff,0xff,0x00,0xff,0xff,0xff,0x00,0xff,0xff,0xff,0x00,
    0xff,0xff,0xff,0x00,0xff,0xff,0xff,0x00,0xff,0xff,0xff,0x00,0xff,0xff,0xff,0x00,
    0xff,0xff,0xff,0x00,0xff,0xff,0xff,0x00,0x0f,0x0a,0x0b,0xff,0x37,0x32,0x22,0xff,
    0x65,0x61,0x3c,0xff,0x87,0x83,0x46,0xff,0x99,0x94,0x4b,0xff,0xa2,0x9a,0x48,0xff,
    0xa1,0x98,0x43,0xff,0x95,0x91,0x48,0xff,0x96,0x94,0x3d,0xff,0x97,0x8f,0x44,0xff,
    0x91,0x90,0x43,0xff,0x93,0x91,0x40,0xff,0x94,0x90,0x40,0xff,0x95,0x92,0x41,0xff,
    0x85,0x82,0x31,0xff,0x77,0x78,0x2a,0xff,0x76,0x79,0x24,0xff,0x79,0x7a,0x22,0xff,
    0x7c,0x79,0x28,0xff,0x7e,0x76,0x2e,0xff,0x7e,0x78,0x2f,0xff,0x7e,0x7e,0x2d,0xff,
    0x7e,0x83,0x2c,0xff,0x7f,0x85,0x2d,0xff,0x7a,0x7f,0x34,0xff,0x64,0x66,0x34,0xff,
    0x46,0x45,0x27,0xff,0x24,0x21,0x10,0xff,0x09,0x04,0x04,0xff,0xff,0xff,0xff,0x00,
    0xff,0xff,0xff,0x00,0xff,0xff,0xff,0x00,0xff,0xff,0xff,0x00,0xff,0xff,0xff,0x00,
    0xff,0xff,0xff,0x00,0xff,0xff,0xff,0x00,0xff,0xff,0xff,0x00,0x11,0x11,0x0c,0xff,
    0x62,0x61,0x35,0xff,0x81,0x7e,0x38,0xff,0x7e,0x7a,0x2a,0xff,0x83,0x82,0x32,0xff,
    0x6c,0x6d,0x3c,0xff,0x1a,0x1e,0x0d,0xff,0xff,0xff,0xff,0x00,0xff,0xff,0xff,0x00,
    0xff,0xff,0xff,0x00,0xff,0xff,0xff,0x00,0xff,0xff,0xff,0x00,0xff,0xff,0xff,0x00,
    0xff,0xff,0xff,0x00,0xff,0xff,0xff,0x00,0xff,0xff,0xff,0x00,0xff,0xff,0xff,0x00,
    0xff,0xff,0xff,0x00,0xff,0xff,0xff,0x00,0xff,0xff,0xff,0x00,0xff,0xff,0xff,0x00,
    0xff,0xff,0xff,0x00,0xff,0xff,0xff,0x00,0xff,0xff,0xff,0x00,0xff,0xff,0xff,0x00,
    0xff,0xff,0xff,0x00,0xff,0xff,0xff,0x00,0xff,0xff,0xff,0x00,0xff,0xff,0xff,0x00,
    0xff,0xff,0xff,0x00,0xff,0xff,0xff,0x00,0xff,0xff,0xff,0x00,0xff,0xff,0xff,0x00,
    0xff,0xff,0xff,0x00,0xff,0xff,0xff,0x00,0xff,0xff,0xff,0x00,0xff,0xff,0xff,0x00,
    0xff,0xff,0xff,0x00,0xff,0xff,0xff,0x00,0xff,0xff,0xff,0x00,0xff,0xff,0xff,0x00,
    0xff,0xff,0xff,0x00,0xff,0xff,0xff,0x00,0xff,0xff,0xff,0x00,0xff,0xff,0xff,0x00,
    0xff,0xff,0xff,0x00,0xff,0xff,0xff,0x00,0xff,0xff,0xff,0x00,0xff,0xff,0xff,0x00,
    0xff,0xff,0xff,0x00,0xff,0xff,0xff,0x00,0xff,0xff,0xff,0x00,0xff,0xff,0xff,0x00,
    0xff,0xff,0xff,0x00,0xff,0xff,0xff,0x00,0xff,0xff,0xff,0x00,0xff,0xff,0xff,0x00,
    0xff,0xff,0xff,0x00,0xff,0xff,0xff,0x00,0xff,0xff,0xff,0x00,0xff,0xff,0xff,0x00,
    0xff,0xff,0xff,0x00,0xff,0xff,0xff,0x00,0xff,0xff,0xff,0x00,0xff,0xff,0xff,0x00,
    0xff,0xff,0xff,0x00,0xff,0xff,0xff,0x00,0xff,0xff,0xff,0x00,0xff,0xff,0xff,0x00,
    0xff,0xff,0xff,0x00,0xff,0xff,0xff,0x00,0xff,0xff,0xff,0x00,0xff,0xff,0xff,0x00,
    0xff,0xff,0xff,0x00,0xff,0xff,0xff,0x00,0xff,0xff,0xff,0x00,0xff,0xff,0xff,0x00,
    0xff,0xff,0xff,0x00,0xff,0xff,0xff,0x00,0xff,0xff,0xff,0x00,0xff,0xff,0xff,0x00,
    0x14,0x13,0x0b,0xff,0x4f,0x4c,0x2d,0xff,0x7f,0x81,0x43,0xff,0x98,0x9a,0x46,0xff,
    0x9c,0x9c,0x47,0xff,0x92,0x93,0x40,0xff,0x8f,0x92,0x40,0xff,0x8e,0x91,0x42,0xff,
    0x8c,0x90,0x44,0xff,0x8d,0x91,0x43,0xff,0x93,0x8f,0x44,0xff,0x92,0x8c,0x4a,0xff,
    0x8b,0x93,0x3f,0xff,0x91,0x92,0x3e,0xff,0x94,0x91,0x40,0xff,0x94,0x93,0x40,0xff,
    0x84,0x83,0x30,0xff,0x7c,0x78,0x26,0xff,0x7a,0x7a,0x25,0xff,0x78,0x7b,0x25,0xff,
    0x78,0x7a,0x25,0xff,0x7c,0x78,0x2c,0xff,0x7c,0x78,0x2e,0xff,0x79,0x76,0x2e,0xff,
    0x79,0x78,0x31,0xff,0x7a,0x78,0x32,0xff,0x7c,0x78,0x31,0xff,0x7e,0x7a,0x2f,0xff,
    0x84,0x81,0x31,0xff,0x7e,0x7c,0x37,0xff,0x65,0x62,0x34,0xff,0x36,0x32,0x1a,0xff,
    0x0d,0x0c,0x03,0xff,0xff,0xff,0xff,0x00,0xff,0xff,0xff,0x00,0xff,0xff,0xff,0x00,
    0xff,0xff,0xff,0x00,0xff,0xff,0xff,0x00,0xff,0xff,0xff,0x00,0x36,0x35,0x25,0xff,
    0x84,0x87,0x40,0xff,0x78,0x7d,0x29,0xff,0x76,0x78,0x30,0xff,0x79,0x76,0x32,0xff,
    0x7d,0x7f,0x37,0xff,0x6b,0x74,0x37,0xff,0x1f,0x22,0x0f,0xff,0xff,0xff,0xff,0x00,
    0xff,0xff,0xff,0x00,0xff,0xff,0xff,0x00,0xff,0xff,0xff,0x00,0xff,0xff,0xff,0x00,
    0xff,0xff,0xff,0x00,0xff,0xff,0xff,0x00,0xff,0xff,0xff,0x00,0xff,0xff,0xff,0x00,
    0xff,0xff,0xff,0x00,0xff,0xff,0xff,0x00,0xff,0xff,0xff,0x00,0xff,0xff,0xff,0x00,
    0xff,0xff,0xff,0x00,0xff,0xff,0xff,0x00,0xff,0xff,0xff,0x00,0xff,0xff,0xff,0x00,
    0xff,0xff,0xff,0x00,0xff,0xff,0xff,0x00,0xff,0xff,0xff,0x00,0xff,0xff,0xff,0x00,
    0xff,0xff,0xff,0x00,0xff,0xff,0xff,0x00,0xff,0xff,0xff,0x00,0xff,0xff,0xff,0x00,
    0xff,0xff,0xff,0x00,0xff,0xff,0xff,0x00,0xff,0xff,0xff,0x00,0xff,0xff,0xff,0x00,
    0xff,0xff,0xff,0x00,0xff,0xff,0xff,0x00,0xff,0xff,0xff,0x00,0xff,0xff,0xff,0x00,
    0xff,0xff,0xff,0x00,0xff,0xff,0xff,0x00,0xff,0xff,0xff,0x00,0xff,0xff,0xff,0x00,
    0xff,0xff,0xff,0x00,0xff,0xff,0xff,0x00,0xff,0xff,0xff,0x00,0xff,0xff,0xff,0x00,
    0xff,0xff,0xff,0x00,0xff,0xff,0xff,0x00,0xff,0xff,0xff,0x00,0xff,0xff,0xff,0x00,
    0xff,0xff,0xff,0x00,0xff,0xff,0xff,0x00,0xff,0xff,0xff,0x00,0xff,0xff,0xff,0x00,
    0xff,0xff,0xff,0x00,0xff,0xff,0xff,0x00,0xff,0xff,0xff,0x00,0xff,0xff,0xff,0x00,
    0xff,0xff,0xff,0x00,0xff,0xff,0xff,0x00,0xff,0xff,0xff,0x00,0xff,0xff,0xff,0x00,
    0xff,0xff,0xff,0x00,0xff,0xff,0xff,0x00,0xff,0xff,0xff,0x00,0xff,0xff,0xff,0x00,
    0xff,0xff,0xff,0x00,0xff,0xff,0xff,0x00,0xff,0xff,0xff,0x00,0xff,0xff,0xff,0x00,
    0xff,0xff,0xff,0x00,0xff,0xff,0xff,0x00,0xff,0xff,0xff,0x00,0xff,0xff,0xff,0x00,
    0xff,0xff,0xff,0x00,0xff,0xff,0xff,0x00,0x13,0x10,0x0d,0xff,0x51,0x51,0x31,0xff,
    0x87,0x8c,0x47,0xff,0x9b,0x9b,0x47,0xff,0x96,0x95,0x42,0xff,0x93,0x92,0x40,0xff,
    0x92,0x91,0x40,0xff,0x94,0x90,0x41,0xff,0x94,0x90,0x41,0xff,0x94,0x90,0x41,0xff,
    0x94,0x90,0x41,0xff,0x92,0x90,0x43,0xff,0x92,0x8f,0x44,0xff,0x92,0x8f,0x45,0xff,
    0x92,0x8e,0x45,0xff,0x92,0x94,0x3b,0xff,0x93,0x94,0x3a,0xff,0x94,0x93,0x3d,0xff,
    0x84,0x84,0x30,0xff,0x79,0x77,0x29,0xff,0x7b,0x79,0x2a,0xff,0x7b,0x79,0x29,0xff,
    0x7b,0x79,0x29,0xff,0x79,0x79,0x2c,0xff,0x79,0x79,0x2d,0xff,0x79,0x78,0x2d,0xff,
    0x7b,0x7b,0x30,0xff,0x7a,0x78,0x30,0xff,0x79,0x78,0x2e,0xff,0x7a,0x78,0x2e,0xff,
    0x7a,0x78,0x2d,0xff,0x7d,0x77,0x31,0xff,0x81,0x7d,0x31,0xff,0x80,0x82,0x35,0xff,
    0x70,0x6c,0x38,0xff,0x38,0x38,0x1d,0xff,0xff,0xff,0xff,0x00,0xff,0xff,0xff,0x00,
    0xff,0xff,0xff,0x00,0xff,0xff,0xff,0x00,0xff,0xff,0xff,0x00,0xff,0xff,0xff,0x00,
    0x4a,0x44,0x22,0xff,0x7c,0x7b,0x38,0xff,0x76,0x78,0x33,0xff,0x75,0x77,0x32,0xff,
    0x75,0x78,0x32,0xff,0x7d,0x7d,0x33,0xff,0x78,0x73,0x3b,0xff,0x2b,0x23,0x15,0xff,
    0xff,0xff,0xff,0x00,0xff,0xff,0xff,0x00,0xff,0xff,0xff,0x00,0xff,0xff,0xff,0x00,
    0xff,0xff,0xff,0x00,0xff,0xff,0xff,0x00,0xff,0xff,0xff,0x00,0xff,0xff,0xff,0x00,
    0xff,0xff,0xff,0x00,0xff,0xff,0xff,0x00,0xff,0xff,0xff,0x00,0xff,0xff,0xff,0x00,
    0xff,0xff,0xff,0x00,0xff,0xff,0xff,0x00,0xff,0xff,0xff,0x00,0xff,0xff,0xff,0x00,
    0xff,0xff,0xff,0x00,0xff,0xff,0xff,0x00,0xff,0xff,0xff,0x00,0xff,0xff,0xff,0x00,
    0xff,0xff,0xff,0x00,0xff,0xff,0xff,0x00,0xff,0xff,0xff,0x00,0xff,0xff,0xff,0x00,
    0xff,0xff,0xff,0x00,0xff,0xff,0xff,0x00,0xff,0xff,0xff,0x00,0xff,0xff,0xff,0x00,
    0xff,0xff,0xff,0x00,0xff,0xff,0xff,0x00,0xff,0xff,0xff,0x00,0xff,0xff,0xff,0x00,
    0xff,0xff,0xff,0x00,0xff,0xff,0xff,0x00,0xff,0xff,0xff,0x00,0xff,0xff,0xff,0x00,
    0xff,0xff,0xff,0x00,0xff,0xff,0xff,0x00,0xff,0xff,0xff,0x00,0xff,0xff,0xff,0x00,
    0xff,0xff,0xff,0x00,0xff,0xff,0xff,0x00,0xff,0xff,0xff,0x00,0xff,0xff,0xff,0x00,
    0xff,0xff,0xff,0x00,0xff,0xff,0xff,0x00,0xff,0xff,0xff,0x00,0xff,0xff,0xff,0x00,
    0xff,0xff,0xff,0x00,0xff,0xff,0xff,0x00,0xff,0xff,0xff,0x00,0xff,0xff,0xff,0x00,
    0xff,0xff,0xff,0x00,0xff,0xff,0xff,0x00,0xff,0xff,0xff,0x00,0xff,0xff,0xff,0x00,
    0xff,0xff,0xff,0x00,0xff,0xff,0xff,0x00,0xff,0xff,0xff,0x00,0xff,0xff,0xff,0x00,
    0xff,0xff,0xff,0x00,0xff,0xff,0xff,0x00,0xff,0xff,0xff,0x00,0xff,0xff,0xff,0x00,
    0xff,0xff,0xff,0x00,0xff,0xff,0xff,0x00,0xff,0xff,0xff,0x00,0xff,0xff,0xff,0x00,
    0xff,0xff,0xff,0x00,0x49,0x43,0x28,0xff,0x85,0x86,0x46,0xff,0x96,0x9b,0x46,0xff,
    0x91,0x91,0x3f,0xff,0x8f,0x8e,0x3e,0xff,0x8f,0x8e,0x3e,0xff,0x91,0x90,0x40,0xff,
    0x91,0x90,0x40,0xff,0x93,0x8f,0x40,0xff,0x93,0x8f,0x40,0xff,0x94,0x8f,0x40,0xff,
    0x94,0x8f,0x40,0xff,0x91,0x8f,0x41,0xff,0x91,0x90,0x40,0xff,0x92,0x91,0x3f,0xff,
    0x93,0x93,0x3e,0xff,0x96,0x90,0x41,0xff,0x95,0x8e,0x43,0xff,0x96,0x8d,0x45,0xff,
    0x87,0x7e,0x38,0xff,0x79,0x78,0x2c,0xff,0x7b,0x7a,0x2f,0xff,0x7b,0x79,0x31,0xff,
    0x7a,0x77,0x33,0xff,0x79,0x77,0x2f,0xff,0x79,0x78,0x2f,0xff,0x7a,0x79,0x2f,0xff,
    0x7a,0x79,0x2f,0xff,0x79,0x78,0x2e,0xff,0x79,0x78,0x2e,0xff,0x79,0x78,0x2e,0xff,
    0x79,0x78,0x2e,0xff,0x79,0x76,0x32,0xff,0x79,0x78,0x2e,0xff,0x78,0x7b,0x2a,0xff,
    0x7c,0x7d,0x33,0xff,0x80,0x82,0x36,0xff,0x64,0x64,0x31,0xff,0x29,0x27,0x1b,0xff,
    0xff,0xff,0xff,0x00,0xff,0xff,0xff,0x00,0x01,0x08,0x00,0xff,0xff,0xff,0xff,0x00,
    0x11,0x05,0x05,0xff,0x62,0x62,0x21,0xff,0x7b,0x7d,0x33,0xff,0x78,0x79,0x31,0xff,
    0x77,0x78,0x30,0xff,0x79,0x76,0x31,0xff,0x7e,0x7d,0x33,0xff,0x76,0x7a,0x38,0xff,
    0x2f,0x2a,0x17,0xff,0xff,0xff,0xff,0x00,0xff,0xff,0xff,0x00,0xff,0xff,0xff,0x00,
    0xff,0xff,0xff,0x00,0xff,0xff,0xff,0x00,0xff,0xff,0xff,0x00,0xff,0xff,0xff,0x00,
    0xff,0xff,0xff,0x00,0xff,0xff,0xff,0x00,0xff,0xff,0xff,0x00,0xff,0xff,0xff,0x00,
    0xff,0xff,0xff,0x00,0xff,0xff,0xff,0x00,0xff,0xff,0xff,0x00,0xff,0xff,0xff,0x00,
    0xff,0xff,0xff,0x00,0xff,0xff,0xff,0x00,0xff,0xff,0xff,0x00,0xff,0xff,0xff,0x00,
    0xff,0xff,0xff,0x00,0xff,0xff,0xff,0x00,0xff,0xff,0xff,0x00,0xff,0xff,0xff,0x00,
    0xff,0xff,0xff,0x00,0xff,0xff,0xff,0x00,0xff,0xff,0xff,0x00,0xff,0xff,0xff,0x00,
    0xff,0xff,0xff,0x00,0xff,0xff,0xff,0x00,0xff,0xff,0xff,0x00,0xff,0xff,0xff,0x00,
    0xff,0xff,0xff,0x00,0xff,0xff,0xff,0x00,0xff,0xff,0xff,0x00,0xff,0xff,0xff,0x00,
    0xff,0xff,0xff,0x00,0xff,0xff,0xff,0x00,0xff,0xff,0xff,0x00,0xff,0xff,0xff,0x00,
    0xff,0xff,0xff,0x00,0xff,0xff,0xff,0x00,0xff,0xff,0xff,0x00,0xff,0xff,0xff,0x00,
    0xff,0xff,0xff,0x00,0xff,0xff,0xff,0x00,0xff,0xff,0xff,0x00,0xff,0xff,0xff,0x00,
    0xff,0xff,0xff,0x00,0xff,0xff,0xff,0x00,0xff,0xff,0xff,0x00,0xff,0xff,0xff,0x00,
    0xff,0xff,0xff,0x00,0xff,0xff,0xff,0x00,0xff,0xff,0xff,0x00,0xff,0xff,0xff,0x00,
    0xff,0xff,0xff,0x00,0xff,0xff,0xff,0x00,0xff,0xff,0xff,0x00,0xff,0xff,0xff,0x00,
    0xff,0xff,0xff,0x00,0xff,0xff,0xff,0x00,0xff,0xff,0xff,0x00,0xff,0xff,0xff,0x00,
    0xff,0xff,0xff,0x00,0xff,0xff,0xff,0x00,0xff,0xff,0xff,0x00,0x25,0x25,0x12,0xff,
    0x70,0x73,0x42,0xff,0x9b,0x9b,0x48,0xff,0x95,0x98,0x3b,0xff,0x91,0x90,0x3e,0xff,
    0x8f,0x89,0x48,0xff,0x8f,0x8d,0x3f,0xff,0x8f,0x8e,0x3e,0xff,0x8f,0x8e,0x3e,0xff,
    0x8f,0x8e,0x3e,0xff,0x91,0x8d,0x3e,0xff,0x91,0x8d,0x3e,0xff,0x91,0x8d,0x3e,0xff,
    0x92,0x8d,0x3e,0xff,0x90,0x8f,0x3b,0xff,0x8e,0x8d,0x3a,0xff,0x8c,0x8a,0x3a,0xff,
    0x89,0x87,0x38,0xff,0x88,0x88,0x34,0xff,0x88,0x87,0x33,0xff,0x88,0x86,0x35,0xff,
    0x7a,0x77,0x2a,0xff,0x6d,0x6d,0x27,0xff,0x6c,0x6e,0x28,0xff,0x6e,0x71,0x26,0xff,
    0x70,0x73,0x26,0xff,0x75,0x73,0x2b,0xff,0x78,0x75,0x2e,0xff,0x7a,0x77,0x31,0xff,
    0x7a,0x77,0x32,0xff,0x79,0x78,0x2f,0xff,0x79,0x78,0x2e,0xff,0x79,0x78,0x2d,0xff,
    0x79,0x78,0x2d,0xff,0x76,0x78,0x30,0xff,0x75,0x78,0x2f,0xff,0x79,0x78,0x2d,0xff,
    0x7b,0x78,0x2d,0xff,0x7e,0x76,0x32,0xff,0x81,0x81,0x2e,0xff,0x7c,0x82,0x33,0xff,
    0x51,0x4e,0x31,0xff,0x10,0x0e,0x0c,0xff,0xff,0xff,0xff,0x00,0x0c,0x0c,0x03,0xff,
    0x4a,0x4a,0x13,0xff,0x5b,0x5a,0x0c,0xff,0x67,0x65,0x1a,0xff,0x7c,0x7a,0x30,0xff,
    0x7b,0x78,0x2e,0xff,0x79,0x74,0x31,0xff,0x7a,0x77,0x2d,0xff,0x7c,0x80,0x2c,0xff,
    0x7a,0x78,0x3d,0xff,0x35,0x33,0x1a,0xff,0xff,0xff,0xff,0x00,0xff,0xff,0xff,0x00,
    0xff,0xff,0xff,0x00,0xff,0xff,0xff,0x00,0xff,0xff,0xff,0x00,0xff,0xff,0xff,0x00,
    0xff,0xff,0xff,0x00,0xff,0xff,0xff,0x00,0xff,0xff,0xff,0x00,0xff,0xff,0xff,0x00,
    0xff,0xff,0xff,0x00,0xff,0xff,0xff,0x00,0xff,0xff,0xff,0x00,0xff,0xff,0xff,0x00,
    0xff,0xff,0xff,0x00,0xff,0xff,0xff,0x00,0xff,0xff,0xff,0x00,0xff,0xff,0xff,0x00,
    0xff,0xff,0xff,0x00,0xff,0xff,0xff,0x00,0xff,0xff,0xff,0x00,0xff,0xff,0xff,0x00,
    0xff,0xff,0xff,0x00,0xff,0xff,0xff,0x00,0xff,0xff,0xff,0x00,0xff,0xff,0xff,0x00,
    0xff,0xff,0xff,0x00,0xff,0xff,0xff,0x00,0xff,0xff,0xff,0x00,0xff,0xff,0xff,0x00,
    0xff,0xff,0xff,0x00,0xff,0xff,0xff,0x00,0xff,0xff,0xff,0x00,0xff,0xff,0xff,0x00,
    0xff,0xff,0xff,0x00,0xff,0xff,0xff,0x00,0xff,0xff,0xff,0x00,0xff,0xff,0xff,0x00,
    0xff,0xff,0xff,0x00,0xff,0xff,0xff,0x00,0xff,0xff,0xff,0x00,0xff,0xff,0xff,0x00,
    0xff,0xff,0xff,0x00,0xff,0xff,0xff,0x00,0xff,0xff,0xff,0x00,0xff,0xff,0xff,0x00,
    0xff,0xff,0xff,0x00,0xff,0xff,0xff,0x00,0xff,0xff,0xff,0x00,0xff,0xff,0xff,0x00,
    0xff,0xff,0xff,0x00,0xff,0xff,0xff,0x00,0xff,0xff,0xff,0x00,0xff,0xff,0xff,0x00,
    0xff,0xff,0xff,0x00,0xff,0xff,0xff,0x00,0xff,0xff,0xff,0x00,0xff,0xff,0xff,0x00,
    0xff,0xff,0xff,0x00,0xff,0xff,0xff,0x00,0xff,0xff,0xff,0x00,0xff,0xff,0xff,0x00,
    0xff,0xff,0xff,0x00,0xff,0xff,0xff,0x00,0x47,0x43,0x2a,0xff,0x94,0x90,0x50,0xff,
    0x9b,0x97,0x44,0xff,0x92,0x8d,0x40,0xff,0x90,0x8c,0x44,0xff,0x90,0x8e,0x42,0xff,
    0x8d,0x90,0x3c,0xff,0x8e,0x8f,0x3b,0xff,0x8e,0x8e,0x3e,0xff,0x8f,0x8e,0x3f,0xff,
    0x8f,0x8e,0x3d,0xff,0x93,0x8e,0x3c,0xff,0x90,0x8d,0x3a,0xff,0x89,0x88,0x33,0xff,
    0x85,0x85,0x2f,0xff,0x87,0x8a,0x39,0xff,0x94,0x94,0x4c,0xff,0xa8,0xa3,0x69,0xff,
    0xb6,0xae,0x7e,0xff,0xbf,0xb9,0x90,0xff,0xc7,0xc3,0x9a,0xff,0xcd,0xc6,0x9f,0xff,
    0xc1,0xb8,0x95,0xff,0xb7,0xad,0x90,0xff,0xb0,0xa8,0x87,0xff,0xa6,0xa2,0x76,0xff,
    0x99,0x96,0x64,0xff,0x8d,0x89,0x4e,0xff,0x7f,0x7b,0x3c,0xff,0x75,0x71,0x2e,0xff,
    0x71,0x6d,0x28,0xff,0x75,0x74,0x27,0xff,0x7a,0x79,0x2c,0xff,0x79,0x78,0x30,0xff,
    0x79,0x76,0x33,0xff,0x75,0x79,0x2e,0xff,0x75,0x79,0x2e,0xff,0x78,0x76,0x31,0xff,
    0x7b,0x76,0x31,0xff,0x7d,0x79,0x2e,0xff,0x7c,0x79,0x2f,0xff,0x7b,0x78,0x30,0xff,
    0x83,0x81,0x36,0xff,0x69,0x6e,0x2b,0xff,0x2b,0x27,0x16,0xff,0x42,0x42,0x10,0xff,
    0x62,0x64,0x0b,0xff,0x5e,0x57,0x11,0xff,0x5a,0x57,0x0b,0xff,0x66,0x63,0x17,0xff,
    0x7c,0x7a,0x2c,0xff,0x7f,0x7a,0x32,0xff,0x7b,0x74,0x33,0xff,0x77,0x75,0x2f,0xff,
    0x7e,0x7c,0x2c,0xff,0x79,0x7c,0x3f,0xff,0x17,0x1d,0x0f,0xff,0xff,0xff,0xff,0x00,
    0xff,0xff,0xff,0x00,0xff,0xff,0xff,0x00,0xff,0xff,0xff,0x00,0xff,0xff,0xff,0x00,
    0xff,0xff,0xff,0x00,0xff,0xff,0xff,0x00,0xff,0xff,0xff,0x00,0xff,0xff,0xff,0x00,
    0xff,0xff,0xff,0x00,0xff,0xff,0xff,0x00,0xff,0xff,0xff,0x00,0xff,0xff,0xff,0x00,
    0xff,0xff,0xff,0x00,0xff,0xff,0xff,0x00,0xff,0xff,0xff,0x00,0xff,0xff,0xff,0x00,
    0xff,0xff,0xff,0x00,0xff,0xff,0xff,0x00,0xff,0xff,0xff,0x00,0xff,0xff,0xff,0x00,
    0xff,0xff,0xff,0x00,0xff,0xff,0xff,0x00,0xff,0xff,0xff,0x00,0xff,0xff,0xff,0x00,
    0xff,0xff,0xff,0x00,0xff,0xff,0xff,0x00,0xff,0xff,0xff,0x00,0xff,0xff,0xff,0x00,
    0xff,0xff,0xff,0x00,0xff,0xff,0xff,0x00,0xff,0xff,0xff,0x00,0xff,0xff,0xff,0x00,
    0xff,0xff,0xff,0x00,0xff,0xff,0xff,0x00,0xff,0xff,0xff,0x00,0xff,0xff,0xff,0x00,
    0xff,0xff,0xff,0x00,0xff,0xff,0xff,0x00,0xff,0xff,0xff,0x00,0xff,0xff,0xff,0x00,
    0xff,0xff,0xff,0x00,0xff,0xff,0xff,0x00,0xff,0xff,0xff,0x00,0xff,0xff,0xff,0x00,
    0xff,0xff,0xff,0x00,0xff,0xff,0xff,0x00,0xff,0xff,0xff,0x00,0xff,0xff,0xff,0x00,
    0xff,0xff,0xff,0x00,0xff,0xff,0xff,0x00,0xff,0xff,0xff,0x00,0xff,0xff,0xff,0x00,
    0xff,0xff,0xff,0x00,0xff,0xff,0xff,0x00,0xff,0xff,0xff,0x00,0xff,0xff,0xff,0x00,
    0xff,0xff,0xff,0x00,0xff,0xff,0xff,0x00,0xff,0xff,0xff,0x00,0xff,0xff,0xff,0x00,
    0x0d,0x0a,0x0a,0xff,0x65,0x60,0x41,0xff,0x97,0x97,0x55,0xff,0x97,0x95,0x42,0xff,
    0x96,0x90,0x3f,0xff,0x91,0x8e,0x3e,0xff,0x91,0x8d,0x3d,0xff,0x91,0x8e,0x3d,0xff,
    0x90,0x8e,0x3c,0xff,0x8e,0x8f,0x3e,0xff,0x8e,0x90,0x3d,0xff,0x8f,0x91,0x38,0xff,
    0x8d,0x8e,0x33,0xff,0x8b,0x86,0x33,0xff,0x90,0x8d,0x44,0xff,0xa6,0xa7,0x69,0xff,
    0xc1,0xc3,0x90,0xff,0xdb,0xdd,0xb9,0xff,0xef,0xef,0xd3,0xff,0xf9,0xf5,0xe3,0xff,
    0xfc,0xf6,0xec,0xff,0xfe,0xf4,0xee,0xff,0xfd,0xf2,0xec,0xff,0xfe,0xf2,0xec,0xff,
    0xf1,0xe3,0xe0,0xff,0xe7,0xde,0xd4,0xff,0xe8,0xe1,0xd3,0xff,0xe9,0xe1,0xd4,0xff,
    0xe6,0xdd,0xd4,0xff,0xe3,0xda,0xc8,0xff,0xdc,0xd2,0xb8,0xff,0xca,0xc0,0x9d,0xff,
    0xaf,0xa4,0x7a,0xff,0x8d,0x88,0x4d,0xff,0x74,0x72,0x2f,0xff,0x6d,0x6e,0x25,0xff,
    0x73,0x74,0x27,0xff,0x79,0x79,0x29,0xff,0x7a,0x79,0x2d,0xff,0x79,0x76,0x31,0xff,
    0x78,0x76,0x32,0xff,0x79,0x78,0x31,0xff,0x7a,0x78,0x31,0xff,0x79,0x76,0x31,0xff,
    0x79,0x77,0x2e,0xff,0x7d,0x79,0x32,0xff,0x81,0x7b,0x37,0xff,0x73,0x6d,0x21,0xff,
    0x5e,0x58,0x06,0xff,0x5e,0x5b,0x09,0xff,0x60,0x5b,0x0d,0xff,0x5f,0x57,0x0a,0xff,
    0x66,0x65,0x15,0xff,0x7c,0x7d,0x30,0xff,0x7d,0x7c,0x31,0xff,0x77,0x7a,0x2d,0xff,
    0x83,0x82,0x33,0xff,0x60,0x64,0x2f,0xff,0x0a,0x0f,0x06,0xff,0xff,0xff,0xff,0x00,
    0xff,0xff,0xff,0x00,0xff,0xff,0xff,0x00,0xff,0xff,0xff,0x00,0xff,0xff,0xff,0x00,
    0xff,0xff,0xff,0x00,0xff,0xff,0xff,0x00,0xff,0xff,0xff,0x00,0xff,0xff,0xff,0x00,
    0xff,0xff,0xff,0x00,0xff,0xff,0xff,0x00,0xff,0xff,0xff,0x00,0xff,0xff,0xff,0x00,
    0xff,0xff,0xff,0x00,0xff,0xff,0xff,0x00,0xff,0xff,0xff,0x00,0xff,0xff,0xff,0x00,
    0xff,0xff,0xff,0x00,0xff,0xff,0xff,0x00,0xff,0xff,0xff,0x00,0xff,0xff,0xff,0x00,
    0xff,0xff,0xff,0x00,0xff,0xff,0xff,0x00,0xff,0xff,0xff,0x00,0xff,0xff,0xff,0x00,
    0xff,0xff,0xff,0x00,0xff,0xff,0xff,0x00,0xff,0xff,0xff,0x00,0xff,0xff,0xff,0x00,
    0xff,0xff,0xff,0x00,0xff,0xff,0xff,0x00,0xff,0xff,0xff,0x00,0xff,0xff,0xff,0x00,
    0xff,0xff,0xff,0x00,0xff,0xff,0xff,0x00,0xff,0xff,0xff,0x00,0xff,0xff,0xff,0x00,
    0xff,0xff,0xff,0x00,0xff,0xff,0xff,0x00,0xff,0xff,0xff,0x00,0xff,0xff,0xff,0x00,
    0xff,0xff,0xff,0x00,0xff,0xff,0xff,0x00,0xff,0xff,0xff,0x00,0xff,0xff,0xff,0x00,
    0xff,0xff,0xff,0x00,0xff,0xff,0xff,0x00,0xff,0xff,0xff,0x00,0xff,0xff,0xff,0x00,
    0xff,0xff,0xff,0x00,0xff,0xff,0xff,0x00,0xff,0xff,0xff,0x00,0xff,0xff,0xff,0x00,
    0xff,0xff,0xff,0x00,0xff,0xff,0xff,0x00,0xff,0xff,0xff,0x00,0xff,0xff,0xff,0x00,
    0xff,0xff,0xff,0x00,0xff,0xff,0xff,0x00,0xff,0xff,0xff,0x00,0x18,0x17,0x0d,0xff,
    0x81,0x73,0x45,0xff,0x96,0x97,0x52,0xff,0x8d,0x8f,0x3e,0xff,0x93,0x90,0x3f,0xff,
    0x94,0x8f,0x41,0xff,0x91,0x8e,0x3d,0xff,0x91,0x8e,0x3d,0xff,0x92,0x8f,0x3e,0xff,
    0x92,0x8e,0x3f,0xff,0x93,0x8d,0x43,0xff,0x8c,0x8e,0x32,0xff,0x86,0x88,0x32,0xff,
    0x9b,0x96,0x5a,0xff,0xc5,0xc1,0x95,0xff,0xe7,0xe3,0xc8,0xff,0xfa,0xf2,0xec,0xff,
    0xfa,0xf0,0xf8,0xff,0xfb,0xf4,0xec,0xff,0xf7,0xf1,0xe6,0xff,0xf5,0xef,0xe3,0xff,
    0xf3,0xed,0xe1,0xff,0xf6,0xeb,0xe4,0xff,0xf3,0xe8,0xe4,0xff,0xf6,0xee,0xea,0xff,
    0xed,0xe9,0xe1,0xff,0xde,0xd7,0xcb,0xff,0xdf,0xd7,0xcc,0xff,0xdf,0xd8,0xca,0xff,
    0xdf,0xda,0xc6,0xff,0xde,0xd7,0xcb,0xff,0xe3,0xda,0xd3,0xff,0xe8,0xde,0xd6,0xff,
    0xec,0xe0,0xda,0xff,0xe0,0xda,0xcd,0xff,0xc8,0xc5,0xa8,0xff,0xa6,0xa3,0x6d,0xff,
    0x83,0x7f,0x34,0xff,0x71,0x6e,0x21,0xff,0x78,0x75,0x2a,0xff,0x7e,0x78,0x2f,0xff,
    0x7f,0x75,0x32,0xff,0x7c,0x76,0x32,0xff,0x7a,0x78,0x31,0xff,0x79,0x77,0x30,0xff,
    0x79,0x77,0x30,0xff,0x78,0x76,0x31,0xff,0x7b,0x78,0x33,0xff,0x81,0x7c,0x33,0xff,
    0x73,0x6d,0x22,0xff,0x5e,0x5b,0x07,0xff,0x62,0x5b,0x07,0xff,0x64,0x5a,0x0f,0xff,
    0x5d,0x56,0x18,0xff,0x3b,0x43,0x16,0xff,0x67,0x6d,0x30,0xff,0x8f,0x86,0x39,0xff,
    0x67,0x65,0x35,0xff,0x0d,0x11,0x06,0xff,0xff,0xff,0xff,0x00,0x01,0x00,0x09,0xff,
    0xff,0xff,0xff,0x00,0xff,0xff,0xff,0x00,0xff,0xff,0xff,0x00,0xff,0xff,0xff,0x00,
    0xff,0xff,0xff,0x00,0xff,0xff,0xff,0x00,0xff,0xff,0xff,0x00,0xff,0xff,0xff,0x00,
    0xff,0xff,0xff,0x00,0xff,0xff,0xff,0x00,0xff,0xff,0xff,0x00,0xff,0xff,0xff,0x00,
    0xff,0xff,0xff,0x00,0xff,0xff,0xff,0x00,0xff,0xff,0xff,0x00,0xff,0xff,0xff,0x00,
    0xff,0xff,0xff,0x00,0xff,0xff,0xff,0x00,0xff,0xff,0xff,0x00,0xff,0xff,0xff,0x00,
    0xff,0xff,0xff,0x00,0xff,0xff,0xff,0x00,0xff,0xff,0xff,0x00,0xff,0xff,0xff,0x00,
    0xff,0xff,0xff,0x00,0xff,0xff,0xff,0x00,0xff,0xff,0xff,0x00,0xff,0xff,0xff,0x00,
    0xff,0xff,0xff,0x00,0xff,0xff,0xff,0x00,0xff,0xff,0xff,0x00,0xff,0xff,0xff,0x00,
    0xff,0xff,0xff,0x00,0xff,0xff,0xff,0x00,0xff,0xff,0xff,0x00,0xff,0xff,0xff,0x00,
    0xff,0xff,0xff,0x00,0xff,0xff,0xff,0x00,0xff,0xff,0xff,0x00,0xff,0xff,0xff,0x00,
    0xff,0xff,0xff,0x00,0xff,0xff,0xff,0x00,0xff,0xff,0xff,0x00,0xff,0xff,0xff,0x00,
    0xff,0xff,0xff,0x00,0xff,0xff,0xff,0x00,0xff,0xff,0xff,0x00,0xff,0xff,0xff,0x00,
    0xff,0xff,0xff,0x00,0xff,0xff,0xff,0x00,0xff,0xff,0xff,0x00,0xff,0xff,0xff,0x00,
    0xff,0xff,0xff,0x00,0xff,0xff,0xff,0x00,0xff,0xff,0xff,0x00,0xff,0xff,0xff,0x00,
    0xff,0xff,0xff,0x00,0xff,0xff,0xff,0x00,0x1f,0x1f,0x0f,0xff,0x83,0x80,0x4a,0xff,
    0x9d,0x98,0x46,0xff,0x90,0x90,0x37,0xff,0x90,0x90,0x3a,0xff,0x90,0x8d,0x3e,0xff,
    0x91,0x8d,0x40,0xff,0x91,0x8e,0x3d,0xff,0x91,0x8e,0x3d,0xff,0x94,0x90,0x3f,0xff,
    0x90,0x8e,0x3a,0xff,0x87,0x88,0x32,0xff,0xa0,0x9f,0x5d,0xff,0xd0,0xca,0xab,0xff,
    0xf3,0xe8,0xe6,0xff,0xff,0xf6,0xf3,0xff,0xf8,0xf3,0xea,0xff,0xf3,0xf1,0xe0,0xff,
    0xf3,0xf2,0xdd,0xff,0xf5,0xed,0xe7,0xff,0xf5,0xec,0xe7,0xff,0xf4,0xed,0xe4,0xff,
    0xf2,0xed,0xe1,0xff,0xf3,0xeb,0xe0,0xff,0xf8,0xee,0xe6,0xff,0xe3,0xdb,0xc9,0xff,
    0xb9,0xb5,0x8d,0xff,0xda,0xd7,0xb8,0xff,0xe0,0xda,0xca,0xff,0xdf,0xd5,0xcc,0xff,
    0xdf,0xd9,0xc6,0xff,0xe0,0xd9,0xc5,0xff,0xde,0xd8,0xc7,0xff,0xdd,0xd8,0xc9,0xff,
    0xdb,0xd7,0xca,0xff,0xdb,0xd9,0xcc,0xff,0xe3,0xdd,0xd3,0xff,0xec,0xe0,0xd9,0xff,
    0xe1,0xce,0xca,0xff,0xae,0xa5,0x82,0xff,0x7b,0x7c,0x39,0xff,0x71,0x71,0x1f,0xff,
    0x7e,0x79,0x2a,0xff,0x7c,0x78,0x31,0xff,0x78,0x77,0x30,0xff,0x79,0x77,0x30,0xff,
    0x79,0x77,0x30,0xff,0x77,0x78,0x31,0xff,0x77,0x78,0x32,0xff,0x7a,0x77,0x32,0xff,
    0x82,0x7c,0x38,0xff,0x76,0x72,0x24,0xff,0x60,0x5c,0x09,0xff,0x61,0x5b,0x19,0xff,
    0x3a,0x34,0x17,0xff,0xff,0xff,0xff,0x00,0x1a,0x1b,0x10,0xff,0x5a,0x51,0x38,0xff,
    0x15,0x10,0x0e,0xff,0xff,0xff,0xff,0x00,0xff,0xff,0xff,0x00,0xff,0xff,0xff,0x00,
    0xff,0xff,0xff,0x00,0xff,0xff,0xff,0x00,0xff,0xff,0xff,0x00,0xff,0xff,0xff,0x00,
    0xff,0xff,0xff,0x00,0xff,0xff,0xff,0x00,0xff,0xff,0xff,0x00,0xff,0xff,0xff,0x00,
    0xff,0xff,0xff,0x00,0xff,0xff,0xff,0x00,0xff,0xff,0xff,0x00,0xff,0xff,0xff,0x00,
    0xff,0xff,0xff,0x00,0xff,0xff,0xff,0x00,0xff,0xff,0xff,0x00,0xff,0xff,0xff,0x00,
    0xff,0xff,0xff,0x00,0xff,0xff,0xff,0x00,0xff,0xff,0xff,0x00,0xff,0xff,0xff,0x00,
    0xff,0xff,0xff,0x00,0xff,0xff,0xff,0x00,0xff,0xff,0xff,0x00,0xff,0xff,0xff,0x00,
    0xff,0xff,0xff,0x00,0xff,0xff,0xff,0x00,0xff,0xff,0xff,0x00,0xff,0xff,0xff,0x00,
    0xff,0xff,0xff,0x00,0xff,0xff,0xff,0x00,0xff,0xff,0xff,0x00,0xff,0xff,0xff,0x00,
    0xff,0xff,0xff,0x00,0xff,0xff,0xff,0x00,0xff,0xff,0xff,0x00,0xff,0xff,0xff,0x00,
    0xff,0xff,0xff,0x00,0xff,0xff,0xff,0x00,0xff,0xff,0xff,0x00,0xff,0xff,0xff,0x00,
    0xff,0xff,0xff,0x00,0xff,0xff,0xff,0x00,0xff,0xff,0xff,0x00,0xff,0xff,0xff,0x00,
    0xff,0xff,0xff,0x00,0xff,0xff,0xff,0x00,0xff,0xff,0xff,0x00,0xff,0xff,0xff,0x00,
    0xff,0xff,0xff,0x00,0xff,0xff,0xff,0x00,0xff,0xff,0xff,0x00,0xff,0xff,0xff,0x00,
    0xff,0xff,0xff,0x00,0xff,0xff,0xff,0x00,0xff,0xff,0xff,0x00,0xff,0xff,0xff,0x00,
    0xff,0xff,0xff,0x00,0x1b,0x1a,0x10,0xff,0x8c,0x82,0x45,0xff,0x9a,0x97,0x3f,0xff,
    0x88,0x90,0x39,0xff,0x92,0x8f,0x39,0xff,0x92,0x8e,0x3e,0xff,0x91,0x8d,0x3f,0xff,
    0x91,0x8d,0x3f,0xff,0x92,0x8d,0x3f,0xff,0x91,0x8f,0x3a,0xff,0x87,0x86,0x31,0xff,
    0x90,0x8f,0x45,0xff,0xc9,0xc5,0x99,0xff,0xf9,0xef,0xe4,0xff,0xfb,0xf3,0xf4,0xff,
    0xf0,0xef,0xe4,0xff,0xf4,0xee,0xe3,0xff,0xf5,0xee,0xe4,0xff,0xf7,0xef,0xe1,0xff,
    0xf7,0xef,0xe0,0xff,0xf5,0xef,0xe2,0xff,0xf5,0xee,0xe4,0xff,0xf4,0xed,0xe4,0xff,
    0xf2,0xeb,0xe2,0xff,0xf0,0xef,0xdf,0xff,0xfe,0xf7,0xe9,0xff,0x92,0x89,0x5a,0xff,
    0x50,0x49,0x00,0xff,0xa7,0xa8,0x71,0xff,0xe9,0xe2,0xd2,0xff,0xde,0xd5,0xce,0xff,
    0xde,0xd8,0xca,0xff,0xe4,0xd5,0xcc,0xff,0xe3,0xd6,0xcc,0xff,0xe0,0xd7,0xcb,0xff,
    0xdd,0xd8,0xc9,0xff,0xde,0xd7,0xc9,0xff,0xde,0xd7,0xcb,0xff,0xde,0xd6,0xcd,0xff,
    0xe1,0xda,0xd3,0xff,0xe7,0xdf,0xdc,0xff,0xd8,0xd3,0xbe,0xff,0xa5,0xa4,0x72,0xff,
    0x72,0x6f,0x34,0xff,0x73,0x70,0x2c,0xff,0x7c,0x78,0x30,0xff,0x7b,0x76,0x32,0xff,
    0x78,0x77,0x30,0xff,0x75,0x78,0x30,0xff,0x76,0x78,0x32,0xff,0x78,0x77,0x31,0xff,
    0x7b,0x77,0x34,0xff,0x7b,0x7c,0x31,0xff,0x73,0x77,0x2a,0xff,0x3e,0x3c,0x12,0xff,
    0xff,0xff,0xff,0x00,0xff,0xff,0xff,0x00,0xff,0xff,0xff,0x00,0xff,0xff,0xff,0x00,
    0xff,0xff,0xff,0x00,0xff,0xff,0xff,0x00,0xff,0xff,0xff,0x00,0xff,0xff,0xff,0x00,
    0xff,0xff,0xff,0x00,0xff,0xff,0xff,0x00,0xff,0xff,0xff,0x00,0xff,0xff,0xff,0x00,
    0xff,0xff,0xff,0x00,0xff,0xff,0xff,0x00,0xff,0xff,0xff,0x00,0xff,0xff,0xff,0x00,
    0xff,0xff,0xff,0x00,0xff,0xff,0xff,0x00,0xff,0xff,0xff,0x00,0xff,0xff,0xff,0x00,
    0xff,0xff,0xff,0x00,0xff,0xff,0xff,0x00,0xff,0xff,0xff,0x00,0xff,0xff,0xff,0x00,
    0xff,0xff,0xff,0x00,0xff,0xff,0xff,0x00,0xff,0xff,0xff,0x00,0xff,0xff,0xff,0x00,
    0xff,0xff,0xff,0x00,0xff,0xff,0xff,0x00,0xff,0xff,0xff,0x00,0xff,0xff,0xff,0x00,
    0xff,0xff,0xff,0x00,0xff,0xff,0xff,0x00,0xff,0xff,0xff,0x00,0xff,0xff,0xff,0x00,
    0xff,0xff,0xff,0x00,0xff,0xff,0xff,0x00,0xff,0xff,0xff,0x00,0xff,0xff,0xff,0x00,
    0xff,0xff,0xff,0x00,0xff,0xff,0xff,0x00,0xff,0xff,0xff,0x00,0xff,0xff,0xff,0x00,
    0xff,0xff,0xff,0x00,0xff,0xff,0xff,0x00,0xff,0xff,0xff,0x00,0xff,0xff,0xff,0x00,
    0xff,0xff,0xff,0x00,0xff,0xff,0xff,0x00,0xff,0xff,0xff,0x00,0xff,0xff,0xff,0x00,
    0xff,0xff,0xff,0x00,0xff,0xff,0xff,0x00,0xff,0xff,0xff,0x00,0xff,0xff,0xff,0x00,
    0xff,0xff,0xff,0x00,0xff,0xff,0xff,0x00,0xff,0xff,0xff,0x00,0xff,0xff,0xff,0x00,
    0xff,0xff,0xff,0x00,0xff,0xff,0xff,0x00,0xff,0xff,0xff,0x00,0x00,0x00,0x08,0xff,
    0x1b,0x17,0x0b,0xff,0x85,0x7e,0x4b,0xff,0x95,0x95,0x45,0xff,0x90,0x8f,0x38,0xff,
    0x91,0x8d,0x3e,0xff,0x91,0x8e,0x3d,0xff,0x91,0x8d,0x3e,0xff,0x92,0x8d,0x3e,0xff,
    0x93,0x8e,0x3d,0xff,0x92,0x8d,0x38,0xff,0x86,0x87,0x32,0xff,0xa7,0xa8,0x6d,0xff,
    0xe9,0xe2,0xcd,0xff,0xff,0xf6,0xee,0xff,0xf7,0xed,0xe6,0xff,0xf4,0xeb,0xe2,0xff,
    0xf4,0xed,0xe1,0xff,0xf5,0xec,0xe1,0xff,0xf5,0xec,0xe2,0xff,0xf5,0xec,0xe3,0xff,
    0xf5,0xec,0xe3,0xff,0xf3,0xed,0xe2,0xff,0xf3,0xed,0xe2,0xff,0xf3,0xed,0xe2,0xff,
    0xf3,0xee,0xe0,0xff,0xf1,0xef,0xe1,0xff,0xfb,0xf0,0xed,0xff,0x87,0x89,0x3f,0xff,
    0x56,0x57,0x00,0xff,0x9c,0x98,0x5e,0xff,0xef,0xdd,0xdf,0xff,0xdd,0xd9,0xc6,0xff,
    0xd8,0xdb,0xc5,0xff,0xdd,0xd6,0xce,0xff,0xdf,0xd7,0xcb,0xff,0xdf,0xd7,0xca,0xff,
    0xdf,0xd7,0xca,0xff,0xdf,0xd7,0xca,0xff,0xdf,0xd7,0xca,0xff,0xdf,0xd7,0xca,0xff,
    0xde,0xd8,0xc9,0xff,0xde,0xd7,0xc9,0xff,0xe3,0xd9,0xd3,0xff,0xea,0xe1,0xd8,0xff,
    0xc6,0xc5,0xa6,0xff,0x84,0x85,0x4a,0xff,0x73,0x6b,0x29,0xff,0x7e,0x73,0x32,0xff,
    0x78,0x77,0x31,0xff,0x76,0x78,0x2f,0xff,0x79,0x78,0x2e,0xff,0x7a,0x79,0x2f,0xff,
    0x7a,0x79,0x2f,0xff,0x76,0x7a,0x2d,0xff,0x7b,0x7e,0x3a,0xff,0x56,0x54,0x30,0xff,
    0xff,0xff,0xff,0x00,0xff,0xff,0xff,0x00,0xff,0xff,0xff,0x00,0xff,0xff,0xff,0x00,
    0xff,0xff,0xff,0x00,0xff,0xff,0xff,0x00,0xff,0xff,0xff,0x00,0xff,0xff,0xff,0x00,
    0xff,0xff,0xff,0x00,0xff,0xff,0xff,0x00,0xff,0xff,0xff,0x00,0xff,0xff,0xff,0x00,
    0xff,0xff,0xff,0x00,0xff,0xff,0xff,0x00,0xff,0xff,0xff,0x00,0xff,0xff,0xff,0x00,
    0xff,0xff,0xff,0x00,0xff,0xff,0xff,0x00,0xff,0xff,0xff,0x00,0xff,0xff,0xff,0x00,
    0xff,0xff,0xff,0x00,0xff,0xff,0xff,0x00,0xff,0xff,0xff,0x00,0xff,0xff,0xff,0x00,
    0xff,0xff,0xff,0x00,0xff,0xff,0xff,0x00,0xff,0xff,0xff,0x00,0xff,0xff,0xff,0x00,
    0xff,0xff,0xff,0x00,0xff,0xff,0xff,0x00,0xff,0xff,0xff,0x00,0xff,0xff,0xff,0x00,
    0xff,0xff,0xff,0x00,0xff,0xff,0xff,0x00,0xff,0xff,0xff,0x00,0xff,0xff,0xff,0x00,
    0xff,0xff,0xff,0x00,0xff,0xff,0xff,0x00,0xff,0xff,0xff,0x00,0xff,0xff,0xff,0x00,
    0xff,0xff,0xff,0x00,0xff,0xff,0xff,0x00,0xff,0xff,0xff,0x00,0xff,0xff,0xff,0x00,
    0xff,0xff,0xff,0x00,0xff,0xff,0xff,0x00,0xff,0xff,0xff,0x00,0xff,0xff,0xff,0x00,
    0xff,0xff,0xff,0x00,0xff,0xff,0xff,0x00,0xff,0xff,0xff,0x00,0xff,0xff,0xff,0x00,
    0xff,0xff,0xff,0x00,0xff,0xff,0xff,0x00,0xff,0xff,0xff,0x00,0xff,0xff,0xff,0x00,
    0xff,0xff,0xff,0x00,0xff,0xff,0xff,0x00,0xff,0xff,0xff,0x00,0xff,0xff,0xff,0x00,
    0xff,0xff,0xff,0x00,0xff,0xff,0xff,0x00,0xff,0xff,0xff,0x00,0x10,0x0f,0x06,0xff,
    0x76,0x7a,0x3e,0xff,0x96,0x97,0x4a,0xff,0x8c,0x8f,0x39,0xff,0x90,0x90,0x3a,0xff,
    0x92,0x8c,0x40,0xff,0x91,0x8d,0x3e,0xff,0x91,0x90,0x3b,0xff,0x91,0x91,0x3b,0xff,
    0x89,0x8b,0x34,0xff,0x88,0x89,0x39,0xff,0xc8,0xc1,0x9b,0xff,0xfe,0xf1,0xeb,0xff,
    0xfc,0xef,0xef,0xff,0xf5,0xeb,0xe2,0xff,0xf5,0xec,0xe2,0xff,0xf5,0xec,0xe2,0xff,
    0xf5,0xec,0xe2,0xff,0xf5,0xec,0xe2,0xff,0xf5,0xec,0xe2,0xff,0xf5,0xec,0xe2,0xff,
    0xf5,0xec,0xe2,0xff,0xf3,0xed,0xe2,0xff,0xf3,0xed,0xe2,0xff,0xf3,0xed,0xe2,0xff,
    0xf3,0xee,0xe1,0xff,0xf6,0xec,0xe3,0xff,0xff,0xf3,0xed,0xff,0x8a,0x86,0x49,0xff,
    0x47,0x44,0x00,0xff,0xa1,0x9d,0x6c,0xff,0xed,0xdf,0xdb,0xff,0xde,0xd8,0xc8,0xff,
    0xdb,0xda,0xc6,0xff,0xde,0xd7,0xcb,0xff,0xdf,0xd7,0xca,0xff,0xdf,0xd7,0xca,0xff,
    0xdf,0xd7,0xca,0xff,0xdf,0xd7,0xca,0xff,0xdf,0xd7,0xca,0xff,0xdf,0xd7,0xca,0xff,
    0xdf,0xd7,0xca,0xff,0xdf,0xd8,0xc8,0xff,0xdf,0xd6,0xcd,0xff,0xde,0xd3,0xd0,0xff,
    0xe9,0xe0,0xd5,0xff,0xdc,0xdb,0xc3,0xff,0x9b,0x9d,0x69,0xff,0x71,0x71,0x23,0xff,
    0x7c,0x75,0x2b,0xff,0x7c,0x77,0x31,0xff,0x79,0x78,0x2e,0xff,0x7a,0x79,0x2f,0xff,
    0x7a,0x79,0x2f,0xff,0x7b,0x76,0x34,0xff,0x7c,0x79,0x2e,0xff,0x82,0x82,0x35,0xff,
    0x53,0x50,0x2f,0xff,0xff,0xff,0xff,0x00,0xff,0xff,0xff,0x00,0xff,0xff,0xff,0x00,
    0xff,0xff,0xff,0x00,0xff,0xff,0xff,0x00,0xff,0xff,0xff,0x00,0xff,0xff,0xff,0x00,
    0xff,0xff,0xff,0x00,0xff,0xff,0xff,0x00,0xff,0xff,0xff,0x00,0xff,0xff,0xff,0x00,
    0xff,0xff,0xff,0x00,0xff,0xff,0xff,0x00,0xff,0xff,0xff,0x00,0xff,0xff,0xff,0x00,
    0xff,0xff,0xff,0x00,0xff,0xff,0xff,0x00,0xff,0xff,0xff,0x00,0xff,0xff,0xff,0x00,
    0xff,0xff,0xff,0x00,0xff,0xff,0xff,0x00,0xff,0xff,0xff,0x00,0xff,0xff,0xff,0x00,
    0xff,0xff,0xff,0x00,0xff,0xff,0xff,0x00,0xff,0xff,0xff,0x00,0xff,0xff,0xff,0x00,
    0xff,0xff,0xff,0x00,0xff,0xff,0xff,0x00,0xff,0xff,0xff,0x00,0xff,0xff,0xff,0x00,
    0xff,0xff,0xff,0x00,0xff,0xff,0xff,0x00,0xff,0xff,0xff,0x00,0xff,0xff,0xff,0x00,
    0xff,0xff,0xff,0x00,0xff,0xff,0xff,0x00,0xff,0xff,0xff,0x00,0xff,0xff,0xff,0x00,
    0xff,0xff,0xff,0x00,0xff,0xff,0xff,0x00,0xff,0xff,0xff,0x00,0xff,0xff,0xff,0x00,
    0xff,0xff,0xff,0x00,0xff,0xff,0xff,0x00,0xff,0xff,0xff,0x00,0xff,0xff,0xff,0x00,
    0xff,0xff,0xff,0x00,0xff,0xff,0xff,0x00,0xff,0xff,0xff,0x00,0xff,0xff,0xff,0x00,
    0xff,0xff,0xff,0x00,0xff,0xff,0xff,0x00,0xff,0xff,0xff,0x00,0xff,0xff,0xff,0x00,
    0xff,0xff,0xff,0x00,0xff,0xff,0xff,0x00,0xff,0xff,0xff,0x00,0xff,0xff,0xff,0x00,
    0xff,0xff,0xff,0x00,0xff,0xff,0xff,0x00,0xff,0xff,0xff,0x00,0x67,0x6b,0x37,0xff,
    0x9a,0x9d,0x49,0xff,0x8b,0x8f,0x3d,0xff,0x8d,0x8e,0x3b,0xff,0x90,0x8e,0x3d,0xff,
    0x92,0x8d,0x3e,0xff,0x92,0x8d,0x3e,0xff,0x90,0x91,0x3a,0xff,0x84,0x88,0x38,0xff,
    0x8a,0x8b,0x51,0xff,0xdc,0xd5,0xbe,0xff,0xff,0xf6,0xf2,0xff,0xf9,0xed,0xe6,0xff,
    0xf6,0xf0,0xdb,0xff,0xf5,0xed,0xe1,0xff,0xf5,0xec,0xe2,0xff,0xf6,0xed,0xe3,0xff,
    0xf6,0xed,0xe3,0xff,0xf6,0xed,0xe3,0xff,0xf6,0xed,0xe3,0xff,0xf6,0xed,0xe3,0xff,
    0xf6,0xed,0xe3,0xff,0xf3,0xed,0xe2,0xff,0xf3,0xed,0xe2,0xff,0xf2,0xec,0xe1,0xff,
    0xf2,0xec,0xe1,0xff,0xf5,0xeb,0xe1,0xff,0xfa,0xf1,0xe5,0xff,0xd3,0xca,0xb0,0xff,
    0x9d,0x95,0x69,0xff,0xd5,0xcf,0xb0,0xff,0xe3,0xdb,0xcd,0xff,0xe0,0xd7,0xcc,0xff,
    0xdf,0xd8,0xc8,0xff,0xdf,0xd7,0xc9,0xff,0xdf,0xd7,0xca,0xff,0xdf,0xd7,0xca,0xff,
    0xdf,0xd7,0xca,0xff,0xdf,0xd7,0xca,0xff,0xdf,0xd7,0xca,0xff,0xdf,0xd7,0xca,0xff,
    0xdf,0xd7,0xca,0xff,0xdf,0xd7,0xca,0xff,0xdf,0xd6,0xcb,0xff,0xdf,0xd5,0xce,0xff,
    0xdf,0xd4,0xce,0xff,0xde,0xda,0xd2,0xff,0xe2,0xe6,0xcc,0xff,0xae,0xb1,0x7e,0xff,
    0x74,0x6c,0x2d,0xff,0x7b,0x75,0x2e,0xff,0x7a,0x7a,0x2f,0xff,0x7a,0x79,0x2f,0xff,
    0x7a,0x79,0x2e,0xff,0x7b,0x76,0x36,0xff,0x7e,0x79,0x2e,0xff,0x7f,0x7d,0x26,0xff,
    0x80,0x7f,0x3d,0xff,0x3f,0x3c,0x22,0xff,0xff,0xff,0xff,0x00,0xff,0xff,0xff,0x00,
    0xff,0xff,0xff,0x00,0xff,0xff,0xff,0x00,0xff,0xff,0xff,0x00,0xff,0xff,0xff,0x00,
    0xff,0xff,0xff,0x00,0xff,0xff,0xff,0x00,0xff,0xff,0xff,0x00,0xff,0xff,0xff,0x00,
    0xff,0xff,0xff,0x00,0xff,0xff,0xff,0x00,0xff,0xff,0xff,0x00,0xff,0xff,0xff,0x00,
    0xff,0xff,0xff,0x00,0xff,0xff,0xff,0x00,0xff,0xff,0xff,0x00,0xff,0xff,0xff,0x00,
    0xff,0xff,0xff,0x00,0xff,0xff,0xff,0x00,0xff,0xff,0xff,0x00,0xff,0xff,0xff,0x00,
    0xff,0xff,0xff,0x00,0xff,0xff,0xff,0x00,0xff,0xff,0xff,0x00,0xff,0xff,0xff,0x00,
    0xff,0xff,0xff,0x00,0xff,0xff,0xff,0x00,0xff,0xff,0xff,0x00,0xff,0xff,0xff,0x00,
    0xff,0xff,0xff,0x00,0xff,0xff,0xff,0x00,0xff,0xff,0xff,0x00,0xff,0xff,0xff,0x00,
    0xff,0xff,0xff,0x00,0xff,0xff,0xff,0x00,0xff,0xff,0xff,0x00,0xff,0xff,0xff,0x00,
    0xff,0xff,0xff,0x00,0xff,0xff,0xff,0x00,0xff,0xff,0xff,0x00,0xff,0xff,0xff,0x00,
    0xff,0xff,0xff,0x00,0xff,0xff,0xff,0x00,0xff,0xff,0xff,0x00,0xff,0xff,0xff,0x00,
    0xff,0xff,0xff,0x00,0xff,0xff,0xff,0x00,0xff,0xff,0xff,0x00,0xff,0xff,0xff,0x00,
    0xff,0xff,0xff,0x00,0xff,0xff,0xff,0x00,0xff,0xff,0xff,0x00,0xff,0xff,0xff,0x00,
    0xff,0xff,0xff,0x00,0xff,0xff,0xff,0x00,0xff,0xff,0xff,0x00,0xff,0xff,0xff,0x00,
    0xff,0xff,0xff,0x00,0xff,0xff,0xff,0x00,0x49,0x4a,0x2c,0xff,0x9b,0x9f,0x4e,0xff,
    0x94,0x90,0x43,0xff,0x8c,0x8d,0x43,0xff,0x8d,0x8b,0x41,0xff,0x90,0x8e,0x3e,0xff,
    0x92,0x8f,0x3c,0xff,0x94,0x8f,0x3c,0xff,0x87,0x89,0x34,0xff,0x8e,0x90,0x52,0xff,
    0xe4,0xe1,0xc5,0xff,0xfe,0xfb,0xee,0xff,0xf4,0xf0,0xdf,0xff,0xf5,0xee,0xde,0xff,
    0xf5,0xed,0xe2,0xff,0xf5,0xec,0xe2,0xff,0xf5,0xec,0xe2,0xff,0xf5,0xeb,0xe1,0xff,
    0xf5,0xeb,0xe1,0xff,0xf4,0xeb,0xe1,0xff,0xf4,0xeb,0xe1,0xff,0xf4,0xeb,0xe1,0xff,
    0xf4,0xeb,0xe1,0xff,0xf3,0xed,0xe2,0xff,0xf3,0xed,0xe2,0xff,0xf2,0xec,0xe1,0xff,
    0xf2,0xec,0xe2,0xff,0xf1,0xec,0xe0,0xff,0xf1,0xec,0xdc,0xff,0xfa,0xf1,0xee,0xff,
    0xf4,0xee,0xdf,0xff,0xdf,0xdc,0xc7,0xff,0xde,0xd9,0xc5,0xff,0xe0,0xd6,0xcc,0xff,
    0xe0,0xd7,0xc9,0xff,0xdf,0xd8,0xc9,0xff,0xdf,0xd7,0xca,0xff,0xdf,0xd7,0xca,0xff,
    0xdf,0xd7,0xca,0xff,0xdf,0xd7,0xca,0xff,0xdf,0xd7,0xca,0xff,0xdf,0xd7,0xca,0xff,
    0xdf,0xd7,0xca,0xff,0xdf,0xd6,0xcc,0xff,0xdf,0xd7,0xcb,0xff,0xdf,0xd8,0xc8,0xff,
    0xdf,0xd8,0xc9,0xff,0xde,0xd8,0xca,0xff,0xdb,0xd6,0xd1,0xff,0xe5,0xe2,0xd8,0xff,
    0xbc,0xb7,0x8d,0xff,0x75,0x72,0x2d,0xff,0x78,0x76,0x2b,0xff,0x7c,0x79,0x30,0xff,
    0x7a,0x7a,0x30,0xff,0x76,0x78,0x30,0xff,0x7a,0x77,0x33,0xff,0x7d,0x77,0x31,0xff,
    0x7a,0x7c,0x2f,0xff,0x78,0x7c,0x3a,0xff,0x2b,0x26,0x11,0xff,0xff,0xff,0xff,0x00,
    0xff,0xff,0xff,0x00,0xff,0xff,0xff,0x00,0xff,0xff,0xff,0x00,0xff,0xff,0xff,0x00,
    0xff,0xff,0xff,0x00,0xff,0xff,0xff,0x00,0xff,0xff,0xff,0x00,0xff,0xff,0xff,0x00,
    0xff,0xff,0xff,0x00,0xff,0xff,0xff,0x00,0xff,0xff,0xff,0x00,0xff,0xff,0xff,0x00,
    0xff,0xff,0xff,0x00,0xff,0xff,0xff,0x00,0xff,0xff,0xff,0x00,0xff,0xff,0xff,0x00,
    0xff,0xff,0xff,0x00,0xff,0xff,0xff,0x00,0xff,0xff,0xff,0x00,0xff,0xff,0xff,0x00,
    0xff,0xff,0xff,0x00,0xff,0xff,0xff,0x00,0xff,0xff,0xff,0x00,0xff,0xff,0xff,0x00,
    0xff,0xff,0xff,0x00,0xff,0xff,0xff,0x00,0xff,0xff,0xff,0x00,0xff,0xff,0xff,0x00,
    0xff,0xff,0xff,0x00,0xff,0xff,0xff,0x00,0xff,0xff,0xff,0x00,0xff,0xff,0xff,0x00,
    0xff,0xff,0xff,0x00,0xff,0xff,0xff,0x00,0xff,0xff,0xff,0x00,0xff,0xff,0xff,0x00,
    0xff,0xff,0xff,0x00,0xff,0xff,0xff,0x00,0xff,0xff,0xff,0x00,0xff,0xff,0xff,0x00,
    0xff,0xff,0xff,0x00,0xff,0xff,0xff,0x00,0xff,0xff,0xff,0x00,0xff,0xff,0xff,0x00,
    0xff,0xff,0xff,0x00,0xff,0xff,0xff,0x00,0xff,0xff,0xff,0x00,0xff,0xff,0xff,0x00,
    0xff,0xff,0xff,0x00,0xff,0xff,0xff,0x00,0xff,0xff,0xff,0x00,0xff,0xff,0xff,0x00,
    0xff,0xff,0xff,0x00,0xff,0xff,0xff,0x00,0xff,0xff,0xff,0x00,0xff,0xff,0xff,0x00,
    0xff,0xff,0xff,0x00,0x21,0x29,0x16,0xff,0x95,0x95,0x51,0xff,0x97,0x91,0x44,0xff,
    0x8e,0x91,0x3d,0xff,0x90,0x90,0x3e,0xff,0x8f,0x8e,0x3f,0xff,0x8f,0x8d,0x3f,0xff,
    0x8f,0x8f,0x3c,0xff,0x88,0x88,0x35,0xff,0x91,0x93,0x4e,0xff,0xe7,0xe6,0xc1,0xff,
    0xfe,0xfa,0xeb,0xff,0xf4,0xee,0xe3,0xff,0xf3,0xed,0xe1,0xff,0xf2,0xec,0xe1,0xff,
    0xf2,0xeb,0xe2,0xff,0xf1,0xec,0xe1,0xff,0xf3,0xeb,0xe1,0xff,0xf5,0xeb,0xe1,0xff,
    0xf7,0xea,0xe1,0xff,0xf4,0xeb,0xe1,0xff,0xf4,0xeb,0xe1,0xff,0xf4,0xeb,0xe1,0xff,
    0xf4,0xeb,0xe1,0xff,0xf3,0xed,0xe2,0xff,0xf3,0xed,0xe2,0xff,0xf3,0xed,0xe2,0xff,
    0xf3,0xed,0xe2,0xff,0xf0,0xec,0xe0,0xff,0xf1,0xed,0xdb,0xff,0xf7,0xee,0xe9,0xff,
    0xed,0xe6,0xd8,0xff,0xdb,0xda,0xc4,0xff,0xde,0xd6,0xca,0xff,0xe0,0xda,0xc2,0xff,
    0xdf,0xd8,0xc7,0xff,0xdf,0xd6,0xcc,0xff,0xdf,0xd7,0xca,0xff,0xdf,0xd7,0xca,0xff,
    0xdf,0xd7,0xca,0xff,0xdf,0xd6,0xcc,0xff,0xdf,0xd6,0xcc,0xff,0xdf,0xd8,0xc9,0xff,
    0xdf,0xd8,0xc7,0xff,0xdf,0xd7,0xca,0xff,0xdf,0xd7,0xca,0xff,0xdf,0xd7,0xc9,0xff,
    0xdf,0xd7,0xc9,0xff,0xdf,0xd7,0xc9,0xff,0xdf,0xd6,0xcb,0xff,0xdf,0xd6,0xcc,0xff,
    0xeb,0xe3,0xd7,0xff,0xc1,0xba,0x95,0xff,0x79,0x72,0x2f,0xff,0x7e,0x77,0x2b,0xff,
    0x79,0x78,0x31,0xff,0x76,0x78,0x32,0xff,0x7a,0x78,0x31,0xff,0x7a,0x78,0x32,0xff,
    0x79,0x78,0x30,0xff,0x81,0x7f,0x30,0xff,0x70,0x69,0x3a,0xff,0x0c,0x08,0x0b,0xff,
    0xff,0xff,0xff,0x00,0xff,0xff,0xff,0x00,0xff,0xff,0xff,0x00,0xff,0xff,0xff,0x00,
    0xff,0xff,0xff,0x00,0xff,0xff,0xff,0x00,0xff,0xff,0xff,0x00,0xff,0xff,0xff,0x00,
    0xff,0xff,0xff,0x00,0xff,0xff,0xff,0x00,0xff,0xff,0xff,0x00,0xff,0xff,0xff,0x00,
    0xff,0xff,0xff,0x00,0xff,0xff,0xff,0x00,0xff,0xff,0xff,0x00,0xff,0xff,0xff,0x00,
    0xff,0xff,0xff,0x00,0xff,0xff,0xff,0x00,0xff,0xff,0xff,0x00,0xff,0xff,0xff,0x00,
    0xff,0xff,0xff,0x00,0xff,0xff,0xff,0x00,0xff,0xff,0xff,0x00,0xff,0xff,0xff,0x00,
    0xff,0xff,0xff,0x00,0xff,0xff,0xff,0x00,0xff,0xff,0xff,0x00,0xff,0xff,0xff,0x00,
    0xff,0xff,0xff,0x00,0xff,0xff,0xff,0x00,0xff,0xff,0xff,0x00,0xff,0xff,0xff,0x00,
    0xff,0xff,0xff,0x00,0xff,0xff,0xff,0x00,0xff,0xff,0xff,0x00,0xff,0xff,0xff,0x00,
    0xff,0xff,0xff,0x00,0xff,0xff,0xff,0x00,0xff,0xff,0xff,0x00,0xff,0xff,0xff,0x00,
    0xff,0xff,0xff,0x00,0xff,0xff,0xff,0x00,0xff,0xff,0xff,0x00,0xff,0xff,0xff,0x00,
    0xff,0xff,0xff,0x00,0xff,0xff,0xff,0x00,0xff,0xff,0xff,0x00,0xff,0xff,0xff,0x00,
    0xff,0xff,0xff,0x00,0xff,0xff,0xff,0x00,0xff,0xff,0xff,0x00,0xff,0xff,0xff,0x00,
    0xff,0xff,0xff,0x00,0xff,0xff,0xff,0x00,0xff,0xff,0xff,0x00,0xff,0xff,0xff,0x00,
    0x0a,0x06,0x02,0xff,0x79,0x79,0x43,0xff,0x9e,0x9a,0x47,0xff,0x94,0x8f,0x43,0xff,
    0x8d,0x8f,0x41,0xff,0x90,0x8d,0x43,0xff,0x8f,0x8e,0x3f,0xff,0x8f,0x8f,0x3d,0xff,
    0x89,0x8b,0x36,0xff,0x89,0x8d,0x43,0xff,0xe4,0xde,0xc1,0xff,0xff,0xf7,0xf2,0xff,
    0xf4,0xee,0xe2,0xff,0xf3,0xed,0xe2,0xff,0xf2,0xec,0xe1,0xff,0xf2,0xec,0xe1,0xff,
    0xf2,0xec,0xe1,0xff,0xf1,0xec,0xe1,0xff,0xf3,0xeb,0xe1,0xff,0xf5,0xeb,0xe1,0xff,
    0xf7,0xea,0xe1,0xff,0xf4,0xeb,0xe1,0xff,0xf4,0xeb,0xe1,0xff,0xf4,0xeb,0xe1,0xff,
    0xf4,0xeb,0xe1,0xff,0xf3,0xed,0xe2,0xff,0xf3,0xed,0xe2,0xff,0xf3,0xed,0xe2,0xff,
    0xf3,0xed,0xe2,0xff,0xf2,0xeb,0xe0,0xff,0xf8,0xf0,0xe4,0xff,0xf5,0xeb,0xdb,0xff,
    0xd5,0xc5,0xb8,0xff,0xe5,0xd8,0xca,0xff,0xe1,0xd5,0xd2,0xff,0xde,0xd9,0xc6,0xff,
    0xdf,0xd8,0xc6,0xff,0xdf,0xd7,0xcb,0xff,0xdf,0xd7,0xca,0xff,0xdf,0xd7,0xca,0xff,
    0xdf,0xd7,0xca,0xff,0xdf,0xd6,0xcc,0xff,0xdf,0xd6,0xcc,0xff,0xdf,0xd8,0xc9,0xff,
    0xdf,0xd8,0xc7,0xff,0xdf,0xd7,0xca,0xff,0xdf,0xd7,0xca,0xff,0xdf,0xd7,0xca,0xff,
    0xdf,0xd7,0xca,0xff,0xdf,0xd7,0xca,0xff,0xdf,0xd7,0xca,0xff,0xdf,0xd7,0xca,0xff,
    0xe0,0xd7,0xcc,0xff,0xe8,0xe1,0xd6,0xff,0xb6,0xb6,0x8a,0xff,0x72,0x73,0x22,0xff,
    0x7d,0x75,0x2f,0xff,0x7c,0x76,0x35,0xff,0x7a,0x78,0x31,0xff,0x7a,0x78,0x31,0xff,
    0x7a,0x78,0x31,0xff,0x7b,0x77,0x32,0xff,0x81,0x7d,0x3d,0xff,0x4e,0x4d,0x27,0xff,
    0xff,0xff,0xff,0x00,0xff,0xff,0xff,0x00,0xff,0xff,0xff,0x00,0xff,0xff,0xff,0x00,
    0xff,0xff,0xff,0x00,0xff,0xff,0xff,0x00,0xff,0xff,0xff,0x00,0xff,0xff,0xff,0x00,
    0xff,0xff,0xff,0x00,0xff,0xff,0xff,0x00,0xff,0xff,0xff,0x00,0xff,0xff,0xff,0x00,
    0xff,0xff,0xff,0x00,0xff,0xff,0xff,0x00,0xff,0xff,0xff,0x00,0xff,0xff,0xff,0x00,
    0xff,0xff,0xff,0x00,0xff,0xff,0xff,0x00,0xff,0xff,0xff,0x00,0xff,0xff,0xff,0x00,
    0xff,0xff,0xff,0x00,0xff,0xff,0xff,0x00,0xff,0xff,0xff,0x00,0xff,0xff,0xff,0x00,
    0xff,0xff,0xff,0x00,0xff,0xff,0xff,0x00,0xff,0xff,0xff,0x00,0xff,0xff,0xff,0x00,
    0xff,0xff,0xff,0x00,0xff,0xff,0xff,0x00,0xff,0xff,0xff,0x00,0xff,0xff,0xff,0x00,
    0xff,0xff,0xff,0x00,0xff,0xff,0xff,0x00,0xff,0xff,0xff,0x00,0xff,0xff,0xff,0x00,
    0xff,0xff,0xff,0x00,0xff,0xff,0xff,0x00,0xff,0xff,0xff,0x00,0xff,0xff,0xff,0x00,
    0xff,0xff,0xff,0x00,0xff,0xff,0xff,0x00,0xff,0xff,0xff,0x00,0xff,0xff,0xff,0x00,
    0xff,0xff,0xff,0x00,0xff,0xff,0xff,0x00,0xff,0xff,0xff,0x00,0xff,0xff,0xff,0x00,
    0xff,0xff,0xff,0x00,0xff,0xff,0xff,0x00,0xff,0xff,0xff,0x00,0xff,0xff,0xff,0x00,
    0xff,0xff,0xff,0x00,0xff,0xff,0xff,0x00,0xff,0xff,0xff,0x00,0xff,0xff,0xff,0x00,
    0x50,0x4a,0x2d,0xff,0x9d,0x9d,0x4e,0xff,0x93,0x95,0x3c,0xff,0x92,0x8f,0x45,0xff,
    0x91,0x8f,0x43,0xff,0x8f,0x8c,0x42,0xff,0x8e,0x8e,0x3b,0xff,0x8f,0x8c,0x3e,0xff,
    0x85,0x82,0x40,0xff,0xd5,0xd5,0xac,0xff,0xff,0xf9,0xf1,0xff,0xf7,0xe9,0xed,0xff,
    0xf5,0xeb,0xe4,0xff,0xf3,0xed,0xe2,0xff,0xf3,0xed,0xe2,0xff,0xf3,0xed,0xe2,0xff,
    0xf3,0xed,0xe2,0xff,0xf2,0xed,0xe2,0xff,0xf4,0xec,0xe2,0xff,0xf6,0xec,0xe2,0xff,
    0xf8,0xeb,0xe2,0xff,0xf4,0xeb,0xe1,0xff,0xf4,0xeb,0xe1,0xff,0xf3,0xea,0xe0,0xff,
    0xf3,0xea,0xe0,0xff,0xf3,0xed,0xe2,0xff,0xf3,0xed,0xe2,0xff,0xf3,0xed,0xe2,0xff,
    0xf3,0xed,0xe2,0xff,0xf6,0xeb,0xea,0xff,0xf2,0xe8,0xdb,0xff,0x84,0x87,0x38,0xff,
    0x57,0x55,0x04,0xff,0x9d,0x8c,0x67,0xff,0xea,0xdd,0xd4,0xff,0xdc,0xd9,0xcb,0xff,
    0xe0,0xd7,0xc9,0xff,0xe0,0xd6,0xcb,0xff,0xdf,0xd7,0xca,0xff,0xdf,0xd7,0xca,0xff,
    0xdf,0xd7,0xca,0xff,0xdf,0xd6,0xcc,0xff,0xdf,0xd6,0xcc,0xff,0xdf,0xd8,0xc9,0xff,
    0xdf,0xd8,0xc7,0xff,0xdf,0xd7,0xca,0xff,0xdf,0xd7,0xca,0xff,0xdf,0xd7,0xca,0xff,
    0xdf,0xd7,0xca,0xff,0xdf,0xd7,0xca,0xff,0xdf,0xd7,0xca,0xff,0xdf,0xd7,0xca,0xff,
    0xdf,0xd7,0xca,0xff,0xdc,0xd6,0xd1,0xff,0xe3,0xe5,0xd1,0xff,0xa5,0xa8,0x73,0xff,
    0x71,0x6a,0x28,0xff,0x7e,0x77,0x32,0xff,0x79,0x78,0x31,0xff,0x7b,0x79,0x32,0xff,
    0x7c,0x7a,0x33,0xff,0x79,0x77,0x36,0xff,0x7c,0x79,0x2f,0xff,0x82,0x7f,0x36,0xff,
    0x27,0x25,0x13,0xff,0xff,0xff,0xff,0x00,0xff,0xff,0xff,0x00,0xff,0xff,0xff,0x00,
    0xff,0xff,0xff,0x00,0xff,0xff,0xff,0x00,0xff,0xff,0xff,0x00,0xff,0xff,0xff,0x00,
    0xff,0xff,0xff,0x00,0xff,0xff,0xff,0x00,0xff,0xff,0xff,0x00,0xff,0xff,0xff,0x00,
    0xff,0xff,0xff,0x00,0xff,0xff,0xff,0x00,0xff,0xff,0xff,0x00,0xff,0xff,0xff,0x00,
    0xff,0xff,0xff,0x00,0xff,0xff,0xff,0x00,0xff,0xff,0xff,0x00,0xff,0xff,0xff,0x00,
    0xff,0xff,0xff,0x00,0xff,0xff,0xff,0x00,0xff,0xff,0xff,0x00,0xff,0xff,0xff,0x00,
    0xff,0xff,0xff,0x00,0xff,0xff,0xff,0x00,0xff,0xff,0xff,0x00,0xff,0xff,0xff,0x00,
    0xff,0xff,0xff,0x00,0xff,0xff,0xff,0x00,0xff,0xff,0xff,0x00,0xff,0xff,0xff,0x00,
    0xff,0xff,0xff,0x00,0xff,0xff,0xff,0x00,0xff,0xff,0xff,0x00,0xff,0xff,0xff,0x00,
    0xff,0xff,0xff,0x00,0xff,0xff,0xff,0x00,0xff,0xff,0xff,0x00,0xff,0xff,0xff,0x00,
    0xff,0xff,0xff,0x00,0xff,0xff,0xff,0x00,0xff,0xff,0xff,0x00,0xff,0xff,0xff,0x00,
    0xff,0xff,0xff,0x00,0xff,0xff,0xff,0x00,0xff,0xff,0xff,0x00,0xff,0xff,0xff,0x00,
    0xff,0xff,0xff,0x00,0xff,0xff,0xff,0x00,0xff,0xff,0xff,0x00,0xff,0xff,0xff,0x00,
    0xff,0xff,0xff,0x00,0xff,0xff,0xff,0x00,0xff,0xff,0xff,0x00,0x1c,0x17,0x0b,0xff,
    0x8c,0x8a,0x52,0xff,0x90,0x96,0x46,0xff,0x8c,0x94,0x40,0xff,0x90,0x8f,0x46,0xff,
    0x94,0x90,0x40,0xff,0x8f,0x8f,0x3d,0xff,0x8f,0x90,0x39,0xff,0x85,0x82,0x37,0xff,
    0xc1,0xb7,0x91,0xff,0xff,0xf8,0xf0,0xff,0xf4,0xef,0xe0,0xff,0xf7,0xef,0xe3,0xff,
    0xf6,0xeb,0xe4,0xff,0xf3,0xec,0xe2,0xff,0xf3,0xed,0xe2,0xff,0xf3,0xed,0xe2,0xff,
    0xf3,0xed,0xe2,0xff,0xf2,0xed,0xe2,0xff,0xf4,0xed,0xe2,0xff,0xf7,0xed,0xe3,0xff,
    0xf8,0xec,0xe3,0xff,0xf4,0xeb,0xe1,0xff,0xf4,0xeb,0xe1,0xff,0xf5,0xec,0xe2,0xff,
    0xf5,0xec,0xe2,0xff,0xf3,0xed,0xe2,0xff,0xf3,0xed,0xe2,0xff,0xf3,0xed,0xe2,0xff,
    0xf3,0xee,0xe1,0xff,0xfc,0xf5,0xea,0xff,0xd5,0xca,0xb4,0xff,0x5d,0x60,0x02,0xff,
    0x61,0x5b,0x03,0xff,0x6c,0x5c,0x22,0xff,0xde,0xd6,0xbf,0xff,0xdd,0xdb,0xcd,0xff,
    0xe1,0xd5,0xcc,0xff,0xe1,0xd6,0xcc,0xff,0xdf,0xd7,0xca,0xff,0xdf,0xd7,0xca,0xff,
    0xdf,0xd7,0xca,0xff,0xdf,0xd6,0xcc,0xff,0xdf,0xd6,0xcc,0xff,0xdf,0xd8,0xc9,0xff,
    0xdf,0xd8,0xc8,0xff,0xdf,0xd7,0xca,0xff,0xdf,0xd7,0xca,0xff,0xdf,0xd7,0xca,0xff,
    0xdf,0xd7,0xca,0xff,0xdf,0xd7,0xca,0xff,0xdf,0xd7,0xca,0xff,0xdf,0xd7,0xca,0xff,
    0xdf,0xd7,0xca,0xff,0xde,0xd9,0xc8,0xff,0xdd,0xda,0xd1,0xff,0xe1,0xdf,0xd1,0xff,
    0x91,0x91,0x59,0xff,0x72,0x71,0x25,0xff,0x7b,0x79,0x31,0xff,0x7c,0x79,0x32,0xff,
    0x7d,0x7a,0x34,0xff,0x78,0x79,0x34,0xff,0x7c,0x79,0x2e,0xff,0x86,0x7e,0x35,0xff,
    0x61,0x5f,0x36,0xff,0xff,0xff,0xff,0x00,0xff,0xff,0xff,0x00,0xff,0xff,0xff,0x00,
    0xff,0xff,0xff,0x00,0xff,0xff,0xff,0x00,0xff,0xff,0xff,0x00,0xff,0xff,0xff,0x00,
    0xff,0xff,0xff,0x00,0xff,0xff,0xff,0x00,0xff,0xff,0xff,0x00,0xff,0xff,0xff,0x00,
    0xff,0xff,0xff,0x00,0xff,0xff,0xff,0x00,0xff,0xff,0xff,0x00,0xff,0xff,0xff,0x00,
    0xff,0xff,0xff,0x00,0xff,0xff,0xff,0x00,0xff,0xff,0xff,0x00,0xff,0xff,0xff,0x00,
    0xff,0xff,0xff,0x00,0xff,0xff,0xff,0x00,0xff,0xff,0xff,0x00,0xff,0xff,0xff,0x00,
    0xff,0xff,0xff,0x00,0xff,0xff,0xff,0x00,0xff,0xff,0xff,0x00,0xff,0xff,0xff,0x00,
    0xff,0xff,0xff,0x00,0xff,0xff,0xff,0x00,0xff,0xff,0xff,0x00,0xff,0xff,0xff,0x00,
    0xff,0xff,0xff,0x00,0xff,0xff,0xff,0x00,0xff,0xff,0xff,0x00,0xff,0xff,0xff,0x00,
    0xff,0xff,0xff,0x00,0xff,0xff,0xff,0x00,0xff,0xff,0xff,0x00,0xff,0xff,0xff,0x00,
    0xff,0xff,0xff,0x00,0xff,0xff,0xff,0x00,0xff,0xff,0xff,0x00,0xff,0xff,0xff,0x00,
    0xff,0xff,0xff,0x00,0xff,0xff,0xff,0x00,0xff,0xff,0xff,0x00,0xff,0xff,0xff,0x00,
    0xff,0xff,0xff,0x00,0xff,0xff,0xff,0x00,0xff,0xff,0xff,0x00,0xff,0xff,0xff,0x00,
    0xff,0xff,0xff,0x00,0xff,0xff,0xff,0x00,0xff,0xff,0xff,0x00,0x58,0x56,0x2f,0xff,
    0x9e,0x9a,0x50,0xff,0x91,0x90,0x42,0xff,0x90,0x8f,0x41,0xff,0x92,0x90,0x43,0xff,
    0x91,0x92,0x3e,0xff,0x90,0x8f,0x3c,0xff,0x8a,0x84,0x37,0xff,0xa0,0xa0,0x5c,0xff,
    0xf9,0xf4,0xe3,0xff,0xf5,0xee,0xe7,0xff,0xf3,0xed,0xe1,0xff,0xf3,0xed,0xe1,0xff,
    0xf3,0xed,0xe2,0xff,0xf3,0xed,0xe2,0xff,0xf3,0xed,0xe2,0xff,0xf3,0xed,0xe2,0xff,
    0xf3,0xed,0xe2,0xff,0xf3,0xed,0xe2,0xff,0xf3,0xed,0xe2,0xff,0xf4,0xed,0xe2,0xff,
    0xf4,0xed,0xe2,0xff,0xf3,0xed,0xe2,0xff,0xf3,0xed,0xe2,0xff,0xf3,0xed,0xe2,0xff,
    0xf3,0xed,0xe2,0xff,0xf3,0xed,0xe2,0xff,0xf3,0xed,0xe2,0xff,0xf3,0xed,0xe2,0xff,
    0xf2,0xee,0xe0,0xff,0xf7,0xf4,0xeb,0xff,0xd5,0xce,0xb1,0xff,0x66,0x63,0x0f,0xff,
    0x62,0x59,0x08,0xff,0x6a,0x65,0x20,0xff,0xd6,0xd5,0xc2,0xff,0xe4,0xd8,0xd2,0xff,
    0xe2,0xd7,0xca,0xff,0xde,0xd6,0xcc,0xff,0xdf,0xd6,0xcc,0xff,0xdf,0xd6,0xcc,0xff,
    0xdf,0xd6,0xcc,0xff,0xdf,0xd6,0xcc,0xff,0xdf,0xd6,0xcc,0xff,0xdf,0xd6,0xcc,0xff,
    0xdf,0xd6,0xcc,0xff,0xdf,0xd7,0xcb,0xff,0xdf,0xd7,0xca,0xff,0xdf,0xd7,0xca,0xff,
    0xdf,0xd7,0xca,0xff,0xdf,0xd7,0xca,0xff,0xdf,0xd7,0xca,0xff,0xdf,0xd7,0xca,0xff,
    0xdf,0xd7,0xca,0xff,0xdf,0xd8,0xc8,0xff,0xdf,0xd5,0xcd,0xff,0xe5,0xdc,0xd5,0xff,
    0xd3,0xd2,0xb3,0xff,0x75,0x77,0x3a,0xff,0x79,0x78,0x27,0xff,0x80,0x79,0x30,0xff,
    0x79,0x77,0x35,0xff,0x77,0x79,0x30,0xff,0x7a,0x79,0x2d,0xff,0x7c,0x7a,0x2e,0xff,
    0x84,0x7e,0x3d,0xff,0x30,0x2e,0x13,0xff,0xff,0xff,0xff,0x00,0xff,0xff,0xff,0x00,
    0xff,0xff,0xff,0x00,0xff,0xff,0xff,0x00,0xff,0xff,0xff,0x00,0xff,0xff,0xff,0x00,
    0xff,0xff,0xff,0x00,0xff,0xff,0xff,0x00,0xff,0xff,0xff,0x00,0xff,0xff,0xff,0x00,
    0xff,0xff,0xff,0x00,0xff,0xff,0xff,0x00,0xff,0xff,0xff,0x00,0xff,0xff,0xff,0x00,
    0xff,0xff,0xff,0x00,0xff,0xff,0xff,0x00,0xff,0xff,0xff,0x00,0xff,0xff,0xff,0x00,
    0xff,0xff,0xff,0x00,0xff,0xff,0xff,0x00,0xff,0xff,0xff,0x00,0xff,0xff,0xff,0x00,
    0xff,0xff,0xff,0x00,0xff,0xff,0xff,0x00,0xff,0xff,0xff,0x00,0xff,0xff,0xff,0x00,
    0xff,0xff,0xff,0x00,0xff,0xff,0xff,0x00,0xff,0xff,0xff,0x00,0xff,0xff,0xff,0x00,
    0xff,0xff,0xff,0x00,0xff,0xff,0xff,0x00,0xff,0xff,0xff,0x00,0xff,0xff,0xff,0x00,
    0xff,0xff,0xff,0x00,0xff,0xff,0xff,0x00,0xff,0xff,0xff,0x00,0xff,0xff,0xff,0x00,
    0xff,0xff,0xff,0x00,0xff,0xff,0xff,0x00,0xff,0xff,0xff,0x00,0xff,0xff,0xff,0x00,
    0xff,0xff,0xff,0x00,0xff,0xff,0xff,0x00,0xff,0xff,0xff,0x00,0xff,0xff,0xff,0x00,
    0xff,0xff,0xff,0x00,0xff,0xff,0xff,0x00,0xff,0xff,0xff,0x00,0xff,0xff,0xff,0x00,
    0xff,0xff,0xff,0x00,0xff,0xff,0xff,0x00,0x18,0x16,0x0d,0xff,0x8c,0x8e,0x4e,0xff,
    0x96,0x95,0x44,0xff,0x92,0x90,0x42,0xff,0x91,0x8f,0x41,0xff,0x92,0x90,0x42,0xff,
    0x91,0x8f,0x44,0xff,0x8c,0x90,0x36,0xff,0x89,0x8a,0x3b,0xff,0xe0,0xd7,0xc4,0xff,
    0xfc,0xf7,0xe7,0xff,0xf2,0xed,0xe1,0xff,0xf3,0xed,0xe2,0xff,0xf3,0xed,0xe2,0xff,
    0xf3,0xed,0xe2,0xff,0xf3,0xed,0xe2,0xff,0xf3,0xed,0xe2,0xff,0xf3,0xed,0xe2,0xff,
    0xf3,0xed,0xe2,0xff,0xf3,0xed,0xe2,0xff,0xf3,0xed,0xe2,0xff,0xf3,0xed,0xe2,0xff,
    0xf3,0xed,0xe2,0xff,0xf3,0xed,0xe2,0xff,0xf3,0xed,0xe2,0xff,0xf3,0xed,0xe2,0xff,
    0xf3,0xed,0xe2,0xff,0xf3,0xed,0xe2,0xff,0xf3,0xed,0xe2,0xff,0xf3,0xed,0xe2,0xff,
    0xf2,0xee,0xe0,0xff,0xf6,0xf3,0xec,0xff,0xd6,0xcf,0xb2,0xff,0x66,0x63,0x0f,0xff,
    0x62,0x5a,0x07,0xff,0x69,0x65,0x20,0xff,0xd6,0xd5,0xc3,0xff,0xe5,0xd7,0xd2,0xff,
    0xe2,0xd7,0xca,0xff,0xde,0xd6,0xcc,0xff,0xdf,0xd6,0xcc,0xff,0xdf,0xd6,0xcc,0xff,
    0xdf,0xd6,0xcc,0xff,0xdf,0xd6,0xcc,0xff,0xdf,0xd6,0xcc,0xff,0xdf,0xd6,0xcc,0xff,
    0xdf,0xd6,0xcc,0xff,0xdf,0xd7,0xcb,0xff,0xdf,0xd7,0xca,0xff,0xdf,0xd7,0xca,0xff,
    0xdf,0xd7,0xca,0xff,0xdf,0xd7,0xca,0xff,0xdf,0xd7,0xca,0xff,0xdf,0xd7,0xca,0xff,
    0xdf,0xd7,0xca,0xff,0xdf,0xd8,0xc8,0xff,0xdf,0xd6,0xcc,0xff,0xdf,0xd4,0xd0,0xff,
    0xea,0xe1,0xd7,0xff,0xb1,0xae,0x88,0xff,0x6e,0x70,0x24,0xff,0x7d,0x7a,0x2c,0xff,
    0x79,0x79,0x30,0xff,0x77,0x7b,0x2a,0xff,0x78,0x79,0x29,0xff,0x79,0x7a,0x2b,0xff,
    0x82,0x7f,0x35,0xff,0x62,0x61,0x32,0xff,0xff,0xff,0xff,0x00,0xff,0xff,0xff,0x00,
    0xff,0xff,0xff,0x00,0xff,0xff,0xff,0x00,0xff,0xff,0xff,0x00,0xff,0xff,0xff,0x00,
    0xff,0xff,0xff,0x00,0xff,0xff,0xff,0x00,0xff,0xff,0xff,0x00,0xff,0xff,0xff,0x00,
    0xff,0xff,0xff,0x00,0xff,0xff,0xff,0x00,0xff,0xff,0xff,0x00,0xff,0xff,0xff,0x00,
    0xff,0xff,0xff,0x00,0xff,0xff,0xff,0x00,0xff,0xff,0xff,0x00,0xff,0xff,0xff,0x00,
    0xff,0xff,0xff,0x00,0xff,0xff,0xff,0x00,0xff,0xff,0xff,0x00,0xff,0xff,0xff,0x00,
    0xff,0xff,0xff,0x00,0xff,0xff,0xff,0x00,0xff,0xff,0xff,0x00,0xff,0xff,0xff,0x00,
    0xff,0xff,0xff,0x00,0xff,0xff,0xff,0x00,0xff,0xff,0xff,0x00,0xff,0xff,0xff,0x00,
    0xff,0xff,0xff,0x00,0xff,0xff,0xff,0x00,0xff,0xff,0xff,0x00,0xff,0xff,0xff,0x00,
    0xff,0xff,0xff,0x00,0xff,0xff,0xff,0x00,0xff,0xff,0xff,0x00,0xff,0xff,0xff,0x00,
    0xff,0xff,0xff,0x00,0xff,0xff,0xff,0x00,0xff,0xff,0xff,0x00,0xff,0xff,0xff,0x00,
    0xff,0xff,0xff,0x00,0xff,0xff,0xff,0x00,0xff,0xff,0xff,0x00,0xff,0xff,0xff,0x00,
    0xff,0xff,0xff,0x00,0xff,0xff,0xff,0x00,0xff,0xff,0xff,0x00,0xff,0xff,0xff,0x00,
    0xff,0xff,0xff,0x00,0xff,0xff,0xff,0x00,0x52,0x51,0x2c,0xff,0x9a,0x9e,0x4c,0xff,
    0x92,0x91,0x43,0xff,0x92,0x90,0x42,0xff,0x92,0x90,0x42,0xff,0x92,0x90,0x42,0xff,
    0x92,0x8f,0x44,0xff,0x84,0x85,0x35,0xff,0xb7,0xb8,0x82,0xff,0xff,0xf5,0xf6,0xff,
    0xf7,0xed,0xe2,0xff,0xf2,0xec,0xe0,0xff,0xf2,0xec,0xe1,0xff,0xf3,0xed,0xe2,0xff,
    0xf3,0xed,0xe2,0xff,0xf3,0xed,0xe2,0xff,0xf3,0xed,0xe2,0xff,0xf2,0xec,0xe1,0xff,
    0xf2,0xec,0xe1,0xff,0xf3,0xed,0xe2,0xff,0xf3,0xed,0xe2,0xff,0xf3,0xed,0xe2,0xff,
    0xf3,0xed,0xe2,0xff,0xf3,0xed,0xe2,0xff,0xf3,0xed,0xe2,0xff,0xf3,0xed,0xe2,0xff,
    0xf3,0xed,0xe2,0xff,0xf2,0xec,0xe1,0xff,0xf2,0xec,0xe1,0xff,0xf3,0xed,0xe2,0xff,
    0xf2,0xee,0xe0,0xff,0xf8,0xf5,0xee,0xff,0xd5,0xce,0xb1,0xff,0x66,0x62,0x0e,0xff,
    0x62,0x5a,0x07,0xff,0x69,0x65,0x20,0xff,0xd6,0xd5,0xc3,0xff,0xe5,0xd7,0xd2,0xff,
    0xe2,0xd7,0xca,0xff,0xde,0xd6,0xcc,0xff,0xdf,0xd6,0xcc,0xff,0xdf,0xd6,0xcc,0xff,
    0xdf,0xd6,0xcc,0xff,0xdf,0xd6,0xcc,0xff,0xdf,0xd6,0xcc,0xff,0xdf,0xd6,0xcc,0xff,
    0xdf,0xd6,0xcc,0xff,0xdf,0xd7,0xcb,0xff,0xdf,0xd7,0xca,0xff,0xdf,0xd7,0xca,0xff,
    0xdf,0xd7,0xca,0xff,0xdf,0xd7,0xca,0xff,0xdf,0xd7,0xca,0xff,0xdf,0xd7,0xca,0xff,
    0xdf,0xd7,0xca,0xff,0xdf,0xd7,0xc9,0xff,0xdf,0xd6,0xcb,0xff,0xdf,0xd5,0xce,0xff,
    0xe1,0xd6,0xd2,0xff,0xe1,0xdb,0xcd,0xff,0x88,0x8a,0x51,0xff,0x74,0x74,0x27,0xff,
    0x79,0x79,0x2f,0xff,0x7b,0x7e,0x2b,0xff,0x7c,0x7b,0x2f,0xff,0x79,0x78,0x30,0xff,
    0x7b,0x7b,0x2e,0xff,0x7f,0x7f,0x3a,0xff,0x2c,0x29,0x13,0xff,0xff,0xff,0xff,0x00,
    0xff,0xff,0xff,0x00,0xff,0xff,0xff,0x00,0xff,0xff,0xff,0x00,0xff,0xff,0xff,0x00,
    0xff,0xff,0xff,0x00,0xff,0xff,0xff,0x00,0xff,0xff,0xff,0x00,0xff,0xff,0xff,0x00,
    0xff,0xff,0xff,0x00,0xff,0xff,0xff,0x00,0xff,0xff,0xff,0x00,0xff,0xff,0xff,0x00,
    0xff,0xff,0xff,0x00,0xff,0xff,0xff,0x00,0xff,0xff,0xff,0x00,0xff,0xff,0xff,0x00,
    0xff,0xff,0xff,0x00,0xff,0xff,0xff,0x00,0xff,0xff,0xff,0x00,0xff,0xff,0xff,0x00,
    0xff,0xff,0xff,0x00,0xff,0xff,0xff,0x00,0xff,0xff,0xff,0x00,0xff,0xff,0xff,0x00,
    0xff,0xff,0xff,0x00,0xff,0xff,0xff,0x00,0xff,0xff,0xff,0x00,0xff,0xff,0xff,0x00,
    0xff,0xff,0xff,0x00,0xff,0xff,0xff,0x00,0xff,0xff,0xff,0x00,0xff,0xff,0xff,0x00,
    0xff,0xff,0xff,0x00,0xff,0xff,0xff,0x00,0xff,0xff,0xff,0x00,0xff,0xff,0xff,0x00,
    0xff,0xff,0xff,0x00,0xff,0xff,0xff,0x00,0xff,0xff,0xff,0x00,0xff,0xff,0xff,0x00,
    0xff,0xff,0xff,0x00,0xff,0xff,0xff,0x00,0xff,0xff,0xff,0x00,0xff,0xff,0xff,0x00,
    0xff,0xff,0xff,0x00,0xff,0xff,0xff,0x00,0xff,0xff,0xff,0x00,0xff,0xff,0xff,0x00,
    0xff,0xff,0xff,0x00,0x0a,0x0c,0x05,0xff,0x81,0x81,0x44,0xff,0x98,0x9a,0x42,0xff,
    0x92,0x90,0x49,0xff,0x92,0x90,0x42,0xff,0x92,0x90,0x42,0xff,0x92,0x90,0x42,0xff,
    0x91,0x8f,0x3c,0xff,0x94,0x8d,0x53,0xff,0xeb,0xe5,0xd6,0xff,0xf8,0xf5,0xe1,0xff,
    0xf6,0xea,0xe6,0xff,0xf2,0xeb,0xe2,0xff,0xf2,0xec,0xe1,0xff,0xf3,0xed,0xe2,0xff,
    0xf3,0xed,0xe2,0xff,0xf3,0xed,0xe2,0xff,0xf3,0xed,0xe2,0xff,0xf2,0xec,0xe1,0xff,
    0xf2,0xec,0xe1,0xff,0xf3,0xed,0xe2,0xff,0xf3,0xed,0xe2,0xff,0xf3,0xed,0xe2,0xff,
    0xf3,0xed,0xe2,0xff,0xf3,0xed,0xe2,0xff,0xf3,0xed,0xe2,0xff,0xf3,0xed,0xe2,0xff,
    0xf3,0xed,0xe2,0xff,0xf2,0xec,0xe1,0xff,0xf2,0xec,0xe1,0xff,0xf3,0xed,0xe2,0xff,
    0xf2,0xee,0xe0,0xff,0xf8,0xf5,0xee,0xff,0xd5,0xce,0xb1,0xff,0x66,0x62,0x0e,0xff,
    0x62,0x5a,0x07,0xff,0x69,0x65,0x20,0xff,0xd6,0xd5,0xc3,0xff,0xe5,0xd7,0xd2,0xff,
    0xe2,0xd7,0xca,0xff,0xde,0xd6,0xcc,0xff,0xdf,0xd6,0xcc,0xff,0xdf,0xd6,0xcc,0xff,
    0xdf,0xd6,0xcc,0xff,0xdf,0xd6,0xcc,0xff,0xdf,0xd6,0xcc,0xff,0xdf,0xd6,0xcc,0xff,
    0xdf,0xd6,0xcc,0xff,0xdf,0xd7,0xcb,0xff,0xdf,0xd7,0xca,0xff,0xdf,0xd7,0xca,0xff,
    0xdf,0xd7,0xca,0xff,0xdf,0xd7,0xca,0xff,0xdf,0xd7,0xca,0xff,0xdf,0xd7,0xca,0xff,
    0xdf,0xd7,0xca,0xff,0xdf,0xd5,0xcc,0xff,0xdf,0xd6,0xcb,0xff,0xdf,0xd8,0xc8,0xff,
    0xdf,0xd7,0xc8,0xff,0xe3,0xdc,0xd9,0xff,0xbe,0xbc,0x9c,0xff,0x72,0x70,0x2c,0xff,
    0x79,0x77,0x2f,0xff,0x7a,0x7a,0x30,0xff,0x7c,0x79,0x35,0xff,0x7b,0x76,0x38,0xff,
    0x7a,0x77,0x31,0xff,0x83,0x82,0x33,0xff,0x58,0x56,0x2d,0xff,0xff,0xff,0xff,0x00,
    0xff,0xff,0xff,0x00,0xff,0xff,0xff,0x00,0xff,0xff,0xff,0x00,0xff,0xff,0xff,0x00,
    0xff,0xff,0xff,0x00,0xff,0xff,0xff,0x00,0xff,0xff,0xff,0x00,0xff,0xff,0xff,0x00,
    0xff,0xff,0xff,0x00,0xff,0xff,0xff,0x00,0xff,0xff,0xff,0x00,0xff,0xff,0xff,0x00,
    0xff,0xff,0xff,0x00,0xff,0xff,0xff,0x00,0xff,0xff,0xff,0x00,0xff,0xff,0xff,0x00,
    0xff,0xff,0xff,0x00,0xff,0xff,0xff,0x00,0xff,0xff,0xff,0x00,0xff,0xff,0xff,0x00,
    0xff,0xff,0xff,0x00,0xff,0xff,0xff,0x00,0xff,0xff,0xff,0x00,0xff,0xff,0xff,0x00,
    0xff,0xff,0xff,0x00,0xff,0xff,0xff,0x00,0xff,0xff,0xff,0x00,0xff,0xff,0xff,0x00,
    0xff,0xff,0xff,0x00,0xff,0xff,0xff,0x00,0xff,0xff,0xff,0x00,0xff,0xff,0xff,0x00,
    0xff,0xff,0xff,0x00,0xff,0xff,0xff,0x00,0xff,0xff,0xff,0x00,0xff,0xff,0xff,0x00,
    0xff,0xff,0xff,0x00,0xff,0xff,0xff,0x00,0xff,0xff,0xff,0x00,0xff,0xff,0xff,0x00,
    0xff,0xff,0xff,0x00,0xff,0xff,0xff,0x00,0xff,0xff,0xff,0x00,0xff,0xff,0xff,0x00,
    0xff,0xff,0xff,0x00,0xff,0xff,0xff,0x00,0xff,0xff,0xff,0x00,0xff,0xff,0xff,0x00,
    0xff,0xff,0xff,0x00,0x34,0x37,0x22,0xff,0x9d,0x9a,0x50,0xff,0x96,0x92,0x43,0xff,
    0x8f,0x93,0x3f,0xff,0x8f,0x90,0x3d,0xff,0x91,0x8e,0x43,0xff,0x91,0x92,0x3d,0xff,
    0x86,0x86,0x32,0xff,0xbe,0xb8,0x8a,0xff,0xfe,0xf3,0xf5,0xff,0xf2,0xf1,0xd9,0xff,
    0xf6,0xe9,0xe6,0xff,0xf5,0xeb,0xe3,0xff,0xf5,0xec,0xe2,0xff,0xf5,0xec,0xe2,0xff,
    0xf5,0xec,0xe2,0xff,0xf3,0xed,0xe2,0xff,0xf3,0xed,0xe2,0xff,0xf3,0xed,0xe2,0xff,
    0xf3,0xed,0xe2,0xff,0xf3,0xed,0xe2,0xff,0xf3,0xed,0xe2,0xff,0xf3,0xed,0xe2,0xff,
    0xf3,0xed,0xe2,0xff,0xf3,0xed,0xe2,0xff,0xf3,0xed,0xe2,0xff,0xf2,0xec,0xe1,0xff,
    0xf2,0xec,0xe1,0xff,0xf3,0xed,0xe2,0xff,0xf3,0xed,0xe2,0xff,0xf3,0xed,0xe2,0xff,
    0xf2,0xee,0xe0,0xff,0xfb,0xf2,0xee,0xff,0xd9,0xcd,0xb3,0xff,0x67,0x63,0x0e,0xff,
    0x60,0x5b,0x05,0xff,0x68,0x66,0x1e,0xff,0xd6,0xd5,0xc1,0xff,0xe5,0xd8,0xd1,0xff,
    0xe2,0xd7,0xc9,0xff,0xde,0xd6,0xcc,0xff,0xdf,0xd6,0xcc,0xff,0xdf,0xd6,0xcc,0xff,
    0xdf,0xd6,0xcc,0xff,0xdf,0xd6,0xcc,0xff,0xdf,0xd6,0xcc,0xff,0xdf,0xd6,0xcc,0xff,
    0xdf,0xd6,0xcc,0xff,0xdf,0xd6,0xcc,0xff,0xdf,0xd6,0xcc,0xff,0xdf,0xd6,0xcc,0xff,
    0xdf,0xd6,0xcc,0xff,0xdf,0xd7,0xcb,0xff,0xdf,0xd7,0xca,0xff,0xdf,0xd7,0xca,0xff,
    0xdf,0xd7,0xca,0xff,0xdf,0xd7,0xcb,0xff,0xdf,0xd7,0xca,0xff,0xdf,0xd7,0xc9,0xff,
    0xdf,0xd7,0xc9,0xff,0xdc,0xd8,0xcd,0xff,0xe6,0xd6,0xd6,0xff,0x94,0x8a,0x52,0xff,
    0x73,0x76,0x20,0xff,0x79,0x76,0x37,0xff,0x7d,0x79,0x35,0xff,0x7b,0x77,0x35,0xff,
    0x7a,0x77,0x33,0xff,0x7f,0x7a,0x31,0xff,0x76,0x76,0x38,0xff,0x11,0x14,0x09,0xff,
    0xff,0xff,0xff,0x00,0xff,0xff,0xff,0x00,0xff,0xff,0xff,0x00,0xff,0xff,0xff,0x00,
    0xff,0xff,0xff,0x00,0xff,0xff,0xff,0x00,0xff,0xff,0xff,0x00,0xff,0xff,0xff,0x00,
    0xff,0xff,0xff,0x00,0xff,0xff,0xff,0x00,0xff,0xff,0xff,0x00,0xff,0xff,0xff,0x00,
    0xff,0xff,0xff,0x00,0xff,0xff,0xff,0x00,0xff,0xff,0xff,0x00,0xff,0xff,0xff,0x00,
    0xff,0xff,0xff,0x00,0xff,0xff,0xff,0x00,0xff,0xff,0xff,0x00,0xff,0xff,0xff,0x00,
    0xff,0xff,0xff,0x00,0xff,0xff,0xff,0x00,0xff,0xff,0xff,0x00,0xff,0xff,0xff,0x00,
    0xff,0xff,0xff,0x00,0xff,0xff,0xff,0x00,0xff,0xff,0xff,0x00,0xff,0xff,0xff,0x00,
    0xff,0xff,0xff,0x00,0xff,0xff,0xff,0x00,0xff,0xff,0xff,0x00,0xff,0xff,0xff,0x00,
    0xff,0xff,0xff,0x00,0xff,0xff,0xff,0x00,0xff,0xff,0xff,0x00,0xff,0xff,0xff,0x00,
    0xff,0xff,0xff,0x00,0xff,0xff,0xff,0x00,0xff,0xff,0xff,0x00,0xff,0xff,0xff,0x00,
    0xff,0xff,0xff,0x00,0xff,0xff,0xff,0x00,0xff,0xff,0xff,0x00,0xff,0xff,0xff,0x00,
    0xff,0xff,0xff,0x00,0xff,0xff,0xff,0x00,0xff,0xff,0xff,0x00,0xff,0xff,0xff,0x00,
    0xff,0xff,0xff,0x00,0x62,0x65,0x3e,0xff,0x99,0x98,0x49,0xff,0x94,0x8f,0x43,0xff,
    0x8e,0x91,0x3e,0xff,0x8f,0x8e,0x40,0xff,0x91,0x90,0x40,0xff,0x8f,0x93,0x33,0xff,
    0x8e,0x8e,0x41,0xff,0xe9,0xe0,0xc9,0xff,0xfc,0xed,0xf2,0xff,0xf6,0xef,0xdd,0xff,
    0xf6,0xeb,0xe1,0xff,0xf5,0xeb,0xe3,0xff,0xf5,0xec,0xe2,0xff,0xf5,0xec,0xe2,0xff,
    0xf5,0xec,0xe2,0xff,0xf3,0xed,0xe2,0xff,0xf3,0xed,0xe2,0xff,0xf3,0xed,0xe2,0xff,
    0xf3,0xed,0xe2,0xff,0xf3,0xed,0xe2,0xff,0xf3,0xed,0xe2,0xff,0xf3,0xed,0xe2,0xff,
    0xf3,0xed,0xe2,0xff,0xf3,0xed,0xe2,0xff,0xf3,0xed,0xe2,0xff,0xf2,0xec,0xe1,0xff,
    0xf2,0xec,0xe1,0xff,0xf3,0xed,0xe2,0xff,0xf3,0xed,0xe2,0xff,0xf3,0xed,0xe2,0xff,
    0xf2,0xee,0xe0,0xff,0xfb,0xf2,0xee,0xff,0xda,0xcd,0xb3,0xff,0x67,0x63,0x0e,0xff,
    0x60,0x5b,0x05,0xff,0x68,0x66,0x1e,0xff,0xd6,0xd5,0xc1,0xff,0xe5,0xd8,0xd1,0xff,
    0xe2,0xd7,0xc9,0xff,0xde,0xd6,0xcc,0xff,0xdf,0xd6,0xcc,0xff,0xdf,0xd6,0xcc,0xff,
    0xdf,0xd6,0xcc,0xff,0xdf,0xd6,0xcc,0xff,0xdf,0xd6,0xcc,0xff,0xdf,0xd6,0xcc,0xff,
    0xdf,0xd6,0xcc,0xff,0xdf,0xd6,0xcc,0xff,0xdf,0xd6,0xcc,0xff,0xdf,0xd6,0xcc,0xff,
    0xdf,0xd6,0xcc,0xff,0xdf,0xd7,0xcb,0xff,0xdf,0xd7,0xca,0xff,0xdf,0xd7,0xca,0xff,
    0xdf,0xd7,0xca,0xff,0xdf,0xd7,0xca,0xff,0xdf,0xd7,0xca,0xff,0xdf,0xd7,0xca,0xff,
    0xdf,0xd7,0xca,0xff,0xdc,0xd6,0xc9,0xff,0xea,0xdc,0xdc,0xff,0xc1,0xb8,0x8d,0xff,
    0x70,0x72,0x24,0xff,0x7b,0x78,0x36,0xff,0x7c,0x79,0x33,0xff,0x7b,0x79,0x32,0xff,
    0x7a,0x77,0x31,0xff,0x7c,0x78,0x30,0xff,0x81,0x81,0x3c,0xff,0x37,0x38,0x1f,0xff,
    0xff,0xff,0xff,0x00,0xff,0xff,0xff,0x00,0xff,0xff,0xff,0x00,0xff,0xff,0xff,0x00,
    0xff,0xff,0xff,0x00,0xff,0xff,0xff,0x00,0xff,0xff,0xff,0x00,0xff,0xff,0xff,0x00,
    0xff,0xff,0xff,0x00,0xff,0xff,0xff,0x00,0xff,0xff,0xff,0x00,0xff,0xff,0xff,0x00,
    0xff,0xff,0xff,0x00,0xff,0xff,0xff,0x00,0xff,0xff,0xff,0x00,0xff,0xff,0xff,0x00,
    0xff,0xff,0xff,0x00,0xff,0xff,0xff,0x00,0xff,0xff,0xff,0x00,0xff,0xff,0xff,0x00,
    0xff,0xff,0xff,0x00,0xff,0xff,0xff,0x00,0xff,0xff,0xff,0x00,0xff,0xff,0xff,0x00,
    0xff,0xff,0xff,0x00,0xff,0xff,0xff,0x00,0xff,0xff,0xff,0x00,0xff,0xff,0xff,0x00,
    0xff,0xff,0xff,0x00,0xff,0xff,0xff,0x00,0xff,0xff,0xff,0x00,0xff,0xff,0xff,0x00,
    0xff,0xff,0xff,0x00,0xff,0xff,0xff,0x00,0xff,0xff,0xff,0x00,0xff,0xff,0xff,0x00,
    0xff,0xff,0xff,0x00,0xff,0xff,0xff,0x00,0xff,0xff,0xff,0x00,0xff,0xff,0xff,0x00,
    0xff,0xff,0xff,0x00,0xff,0xff,0xff,0x00,0xff,0xff,0xff,0x00,0xff,0xff,0xff,0x00,
    0xff,0xff,0xff,0x00,0xff,0xff,0xff,0x00,0xff,0xff,0xff,0x00,0xff,0xff,0xff,0x00,
    0x11,0x10,0x07,0xff,0x85,0x87,0x48,0xff,0x92,0x96,0x41,0xff,0x92,0x90,0x44,0xff,
    0x91,0x91,0x41,0xff,0x92,0x8f,0x45,0xff,0x91,0x91,0x40,0xff,0x89,0x8b,0x2f,0xff,
    0xad,0xa9,0x71,0xff,0xfd,0xf4,0xeb,0xff,0xf9,0xe9,0xe8,0xff,0xf8,0xeb,0xe0,0xff,
    0xf5,0xed,0xdd,0xff,0xf4,0xeb,0xe1,0xff,0xf4,0xeb,0xe1,0xff,0xf4,0xeb,0xe1,0xff,
    0xf4,0xeb,0xe1,0xff,0xf3,0xed,0xe2,0xff,0xf3,0xed,0xe2,0xff,0xf3,0xed,0xe2,0xff,
    0xf3,0xed,0xe2,0xff,0xf3,0xed,0xe2,0xff,0xf3,0xed,0xe2,0xff,0xf3,0xed,0xe2,0xff,
    0xf3,0xed,0xe2,0xff,0xf3,0xed,0xe2,0xff,0xf3,0xed,0xe2,0xff,0xf3,0xed,0xe2,0xff,
    0xf3,0xed,0xe2,0xff,0xf2,0xec,0xe1,0xff,0xf2,0xec,0xe1,0xff,0xf2,0xec,0xe1,0xff,
    0xf1,0xed,0xdf,0xff,0xfb,0xf2,0xee,0xff,0xda,0xce,0xb3,0xff,0x67,0x63,0x0e,0xff,
    0x60,0x5b,0x05,0xff,0x68,0x66,0x1e,0xff,0xd6,0xd5,0xc1,0xff,0xe5,0xd8,0xd1,0xff,
    0xe2,0xd7,0xc9,0xff,0xde,0xd6,0xcc,0xff,0xdf,0xd6,0xcc,0xff,0xdf,0xd6,0xcc,0xff,
    0xdf,0xd6,0xcc,0xff,0xdf,0xd6,0xcc,0xff,0xdf,0xd6,0xcc,0xff,0xdf,0xd6,0xcc,0xff,
    0xdf,0xd6,0xcc,0xff,0xdf,0xd6,0xcc,0xff,0xdf,0xd6,0xcc,0xff,0xdf,0xd6,0xcc,0xff,
    0xdf,0xd6,0xcc,0xff,0xdf,0xd7,0xcb,0xff,0xdf,0xd7,0xca,0xff,0xdf,0xd7,0xca,0xff,
    0xdf,0xd7,0xca,0xff,0xdf,0xd7,0xca,0xff,0xdf,0xd7,0xca,0xff,0xdf,0xd7,0xca,0xff,
    0xdf,0xd7,0xca,0xff,0xde,0xd7,0xca,0xff,0xe0,0xd8,0xd0,0xff,0xda,0xd5,0xbd,0xff,
    0x81,0x7f,0x43,0xff,0x78,0x78,0x2c,0xff,0x7a,0x79,0x2f,0xff,0x7c,0x7b,0x31,0xff,
    0x7a,0x79,0x2f,0xff,0x7b,0x78,0x31,0xff,0x80,0x7f,0x36,0xff,0x5d,0x5b,0x30,0xff,
    0xff,0xff,0xff,0x00,0xff,0xff,0xff,0x00,0xff,0xff,0xff,0x00,0xff,0xff,0xff,0x00,
    0xff,0xff,0xff,0x00,0xff,0xff,0xff,0x00,0xff,0xff,0xff,0x00,0xff,0xff,0xff,0x00,
    0xff,0xff,0xff,0x00,0xff,0xff,0xff,0x00,0xff,0xff,0xff,0x00,0xff,0xff,0xff,0x00,
    0xff,0xff,0xff,0x00,0xff,0xff,0xff,0x00,0xff,0xff,0xff,0x00,0xff,0xff,0xff,0x00,
    0xff,0xff,0xff,0x00,0xff,0xff,0xff,0x00,0xff,0xff,0xff,0x00,0xff,0xff,0xff,0x00,
    0xff,0xff,0xff,0x00,0xff,0xff,0xff,0x00,0xff,0xff,0xff,0x00,0xff,0xff,0xff,0x00,
    0xff,0xff,0xff,0x00,0xff,0xff,0xff,0x00,0xff,0xff,0xff,0x00,0xff,0xff,0xff,0x00,
    0xff,0xff,0xff,0x00,0xff,0xff,0xff,0x00,0xff,0xff,0xff,0x00,0xff,0xff,0xff,0x00,
    0xff,0xff,0xff,0x00,0xff,0xff,0xff,0x00,0xff,0xff,0xff,0x00,0xff,0xff,0xff,0x00,
    0xff,0xff,0xff,0x00,0xff,0xff,0xff,0x00,0xff,0xff,0xff,0x00,0xff,0xff,0xff,0x00,
    0xff,0xff,0xff,0x00,0xff,0xff,0xff,0x00,0xff,0xff,0xff,0x00,0xff,0xff,0xff,0x00,
    0xff,0xff,0xff,0x00,0xff,0xff,0xff,0x00,0xff,0xff,0xff,0x00,0xff,0xff,0xff,0x00,
    0x31,0x2e,0x1c,0xff,0x99,0x9a,0x49,0xff,0x90,0x96,0x3d,0xff,0x91,0x8f,0x45,0xff,
    0x93,0x90,0x41,0xff,0x92,0x8f,0x46,0xff,0x91,0x8f,0x42,0xff,0x88,0x83,0x3a,0xff,
    0xd3,0xca,0xab,0xff,0xfb,0xf9,0xe8,0xff,0xfa,0xeb,0xdd,0xff,0xfc,0xe9,0xe2,0xff,
    0xf5,0xed,0xdc,0xff,0xf4,0xeb,0xe0,0xff,0xf4,0xeb,0xe1,0xff,0xf4,0xeb,0xe1,0xff,
    0xf4,0xeb,0xe1,0xff,0xf3,0xed,0xe2,0xff,0xf3,0xed,0xe2,0xff,0xf3,0xed,0xe2,0xff,
    0xf3,0xed,0xe2,0xff,0xf3,0xed,0xe2,0xff,0xf3,0xed,0xe2,0xff,0xf3,0xed,0xe2,0xff,
    0xf3,0xed,0xe2,0xff,0xf3,0xed,0xe2,0xff,0xf3,0xed,0xe2,0xff,0xf3,0xed,0xe2,0xff,
    0xf3,0xed,0xe2,0xff,0xf2,0xec,0xe1,0xff,0xf2,0xec,0xe1,0xff,0xf2,0xec,0xe1,0xff,
    0xf1,0xed,0xdf,0xff,0xfb,0xf2,0xee,0xff,0xda,0xce,0xb3,0xff,0x67,0x63,0x0e,0xff,
    0x60,0x5b,0x05,0xff,0x68,0x66,0x1e,0xff,0xd6,0xd5,0xc1,0xff,0xe5,0xd8,0xd1,0xff,
    0xe2,0xd7,0xc9,0xff,0xde,0xd6,0xcc,0xff,0xdf,0xd6,0xcc,0xff,0xdf,0xd6,0xcc,0xff,
    0xdf,0xd6,0xcc,0xff,0xdf,0xd6,0xcc,0xff,0xdf,0xd6,0xcc,0xff,0xdf,0xd6,0xcc,0xff,
    0xdf,0xd6,0xcc,0xff,0xdf,0xd6,0xcc,0xff,0xdf,0xd6,0xcc,0xff,0xdf,0xd6,0xcc,0xff,
    0xdf,0xd6,0xcc,0xff,0xdf,0xd7,0xcb,0xff,0xdf,0xd7,0xca,0xff,0xdf,0xd7,0xca,0xff,
    0xdf,0xd7,0xca,0xff,0xdf,0xd7,0xca,0xff,0xdf,0xd7,0xca,0xff,0xdf,0xd7,0xca,0xff,
    0xdf,0xd7,0xca,0xff,0xdf,0xd7,0xca,0xff,0xdb,0xd7,0xca,0xff,0xe4,0xe1,0xd6,0xff,
    0xa3,0x9f,0x6f,0xff,0x73,0x72,0x22,0xff,0x7a,0x7a,0x2f,0xff,0x79,0x79,0x2e,0xff,
    0x7b,0x7b,0x2f,0xff,0x7a,0x78,0x34,0xff,0x7b,0x7b,0x2f,0xff,0x74,0x71,0x36,0xff,
    0x13,0x10,0x09,0xff,0xff,0xff,0xff,0x00,0xff,0xff,0xff,0x00,0xff,0xff,0xff,0x00,
    0xff,0xff,0xff,0x00,0xff,0xff,0xff,0x00,0xff,0xff,0xff,0x00,0xff,0xff,0xff,0x00,
    0xff,0xff,0xff,0x00,0xff,0xff,0xff,0x00,0xff,0xff,0xff,0x00,0xff,0xff,0xff,0x00,
    0xff,0xff,0xff,0x00,0xff,0xff,0xff,0x00,0xff,0xff,0xff,0x00,0xff,0xff,0xff,0x00,
    0xff,0xff,0xff,0x00,0xff,0xff,0xff,0x00,0xff,0xff,0xff,0x00,0xff,0xff,0xff,0x00,
    0xff,0xff,0xff,0x00,0xff,0xff,0xff,0x00,0xff,0xff,0xff,0x00,0xff,0xff,0xff,0x00,
    0xff,0xff,0xff,0x00,0xff,0xff,0xff,0x00,0xff,0xff,0xff,0x00,0xff,0xff,0xff,0x00,
    0xff,0xff,0xff,0x00,0xff,0xff,0xff,0x00,0xff,0xff,0xff,0x00,0xff,0xff,0xff,0x00,
    0xff,0xff,0xff,0x00,0xff,0xff,0xff,0x00,0xff,0xff,0xff,0x00,0xff,0xff,0xff,0x00,
    0xff,0xff,0xff,0x00,0xff,0xff,0xff,0x00,0xff,0xff,0xff,0x00,0xff,0xff,0xff,0x00,
    0xff,0xff,0xff,0x00,0xff,0xff,0xff,0x00,0xff,0xff,0xff,0x00,0xff,0xff,0xff,0x00,
    0xff,0xff,0xff,0x00,0xff,0xff,0xff,0x00,0xff,0xff,0xff,0x00,0xff,0xff,0xff,0x00,
    0x54,0x52,0x2e,0xff,0x9e,0x9a,0x47,0xff,0x92,0x8f,0x3e,0xff,0x93,0x8f,0x41,0xff,
    0x92,0x92,0x3d,0xff,0x93,0x8f,0x43,0xff,0x94,0x8d,0x40,0xff,0x96,0x92,0x47,0xff,
    0xf0,0xe1,0xd8,0xff,0xf9,0xf0,0xe6,0xff,0xf6,0xeb,0xdf,0xff,0xf7,0xea,0xe1,0xff,
    0xf5,0xeb,0xe0,0xff,0xf2,0xec,0xe1,0xff,0xf2,0xec,0xe1,0xff,0xf2,0xec,0xe1,0xff,
    0xf2,0xec,0xe1,0xff,0xf2,0xec,0xe1,0xff,0xf2,0xec,0xe1,0xff,0xf3,0xed,0xe2,0xff,
    0xf3,0xed,0xe2,0xff,0xf2,0xec,0xe1,0xff,0xf2,0xec,0xe1,0xff,0xf2,0xec,0xe1,0xff,
    0xf2,0xec,0xe1,0xff,0xf3,0xed,0xe2,0xff,0xf3,0xed,0xe2,0xff,0xf2,0xec,0xe1,0xff,
    0xf2,0xec,0xe1,0xff,0xf2,0xec,0xe1,0xff,0xf2,0xec,0xe1,0xff,0xf2,0xec,0xe1,0xff,
    0xf2,0xed,0xe0,0xff,0xfc,0xf3,0xef,0xff,0xd9,0xcc,0xb1,0xff,0x67,0x63,0x0d,0xff,
    0x60,0x5c,0x05,0xff,0x68,0x66,0x1e,0xff,0xd6,0xd5,0xc1,0xff,0xe5,0xd8,0xd1,0xff,
    0xe2,0xd7,0xc9,0xff,0xde,0xd6,0xcc,0xff,0xdf,0xd6,0xcc,0xff,0xdf,0xd6,0xcc,0xff,
    0xdf,0xd6,0xcc,0xff,0xdf,0xd6,0xcc,0xff,0xdf,0xd6,0xcc,0xff,0xdf,0xd6,0xcc,0xff,
    0xdf,0xd6,0xcc,0xff,0xdf,0xd6,0xcc,0xff,0xdf,0xd6,0xcc,0xff,0xdf,0xd6,0xcc,0xff,
    0xdf,0xd6,0xcc,0xff,0xdf,0xd6,0xcc,0xff,0xdf,0xd6,0xcc,0xff,0xdf,0xd8,0xc9,0xff,
    0xdf,0xd8,0xc8,0xff,0xdf,0xd7,0xc9,0xff,0xdf,0xd7,0xca,0xff,0xdf,0xd7,0xca,0xff,
    0xdf,0xd7,0xca,0xff,0xde,0xd6,0xcc,0xff,0xda,0xd7,0xcb,0xff,0xe6,0xde,0xd9,0xff,
    0xc6,0xbc,0x99,0xff,0x74,0x70,0x27,0xff,0x7c,0x78,0x30,0xff,0x7c,0x78,0x32,0xff,
    0x7c,0x77,0x32,0xff,0x7d,0x77,0x31,0xff,0x74,0x79,0x2e,0xff,0x7b,0x7e,0x35,0xff,
    0x30,0x2b,0x15,0xff,0xff,0xff,0xff,0x00,0xff,0xff,0xff,0x00,0xff,0xff,0xff,0x00,
    0xff,0xff,0xff,0x00,0xff,0xff,0xff,0x00,0xff,0xff,0xff,0x00,0xff,0xff,0xff,0x00,
    0xff,0xff,0xff,0x00,0xff,0xff,0xff,0x00,0xff,0xff,0xff,0x00,0xff,0xff,0xff,0x00,
    0xff,0xff,0xff,0x00,0xff,0xff,0xff,0x00,0xff,0xff,0xff,0x00,0xff,0xff,0xff,0x00,
    0xff,0xff,0xff,0x00,0xff,0xff,0xff,0x00,0xff,0xff,0xff,0x00,0xff,0xff,0xff,0x00,
    0xff,0xff,0xff,0x00,0xff,0xff,0xff,0x00,0xff,0xff,0xff,0x00,0xff,0xff,0xff,0x00,
    0xff,0xff,0xff,0x00,0xff,0xff,0xff,0x00,0xff,0xff,0xff,0x00,0xff,0xff,0xff,0x00,
    0xff,0xff,0xff,0x00,0xff,0xff,0xff,0x00,0xff,0xff,0xff,0x00,0xff,0xff,0xff,0x00,
    0xff,0xff,0xff,0x00,0xff,0xff,0xff,0x00,0xff,0xff,0xff,0x00,0xff,0xff,0xff,0x00,
    0xff,0xff,0xff,0x00,0xff,0xff,0xff,0x00,0xff,0xff,0xff,0x00,0xff,0xff,0xff,0x00,
    0xff,0xff,0xff,0x00,0xff,0xff,0xff,0x00,0xff,0xff,0xff,0x00,0xff,0xff,0xff,0x00,
    0xff,0xff,0xff,0x00,0xff,0xff,0xff,0x00,0xff,0xff,0xff,0x00,0xff,0xff,0xff,0x00,
    0x70,0x6d,0x3d,0xff,0x99,0x95,0x43,0xff,0x91,0x8d,0x3e,0xff,0x92,0x8e,0x3f,0xff,
    0x91,0x91,0x3c,0xff,0x94,0x91,0x40,0xff,0x8e,0x88,0x39,0xff,0xa8,0xa5,0x62,0xff,
    0xfe,0xf2,0xeb,0xff,0xf6,0xed,0xe5,0xff,0xf3,0xeb,0xe1,0xff,0xf3,0xec,0xe1,0xff,
    0xf3,0xeb,0xe1,0xff,0xf2,0xec,0xe1,0xff,0xf2,0xec,0xe1,0xff,0xf2,0xec,0xe1,0xff,
    0xf2,0xec,0xe1,0xff,0xf2,0xec,0xe1,0xff,0xf2,0xec,0xe1,0xff,0xf3,0xed,0xe2,0xff,
    0xf3,0xed,0xe2,0xff,0xf2,0xec,0xe1,0xff,0xf2,0xec,0xe1,0xff,0xf2,0xec,0xe1,0xff,
    0xf2,0xec,0xe1,0xff,0xf3,0xed,0xe2,0xff,0xf3,0xed,0xe2,0xff,0xf2,0xec,0xe1,0xff,
    0xf2,0xec,0xe1,0xff,0xf2,0xec,0xe1,0xff,0xf2,0xec,0xe1,0xff,0xf2,0xec,0xe1,0xff,
    0xf2,0xed,0xe0,0xff,0xfc,0xf3,0xef,0xff,0xd9,0xcc,0xb1,0xff,0x67,0x63,0x0d,0xff,
    0x60,0x5c,0x05,0xff,0x68,0x66,0x1e,0xff,0xd6,0xd5,0xc1,0xff,0xe5,0xd8,0xd1,0xff,
    0xe2,0xd7,0xc9,0xff,0xde,0xd6,0xcc,0xff,0xdf,0xd6,0xcc,0xff,0xdf,0xd6,0xcc,0xff,
    0xdf,0xd6,0xcc,0xff,0xdf,0xd6,0xcc,0xff,0xdf,0xd6,0xcc,0xff,0xdf,0xd6,0xcc,0xff,
    0xdf,0xd6,0xcc,0xff,0xdf,0xd6,0xcc,0xff,0xdf,0xd6,0xcc,0xff,0xdf,0xd6,0xcc,0xff,
    0xdf,0xd6,0xcc,0xff,0xdf,0xd6,0xcc,0xff,0xdf,0xd6,0xcc,0xff,0xdf,0xd8,0xc9,0xff,
    0xdf,0xd8,0xc7,0xff,0xdf,0xd7,0xc9,0xff,0xdf,0xd7,0xca,0xff,0xdf,0xd7,0xca,0xff,
    0xdf,0xd7,0xca,0xff,0xdf,0xd6,0xcc,0xff,0xdc,0xd7,0xca,0xff,0xe2,0xd9,0xd2,0xff,
    0xe0,0xd4,0xba,0xff,0x80,0x7b,0x37,0xff,0x78,0x76,0x27,0xff,0x7a,0x78,0x2a,0xff,
    0x7a,0x79,0x2a,0xff,0x7d,0x78,0x2b,0xff,0x76,0x79,0x2e,0xff,0x7d,0x82,0x31,0xff,
    0x46,0x41,0x1e,0xff,0xff,0xff,0xff,0x00,0xff,0xff,0xff,0x00,0xff,0xff,0xff,0x00,
    0xff,0xff,0xff,0x00,0xff,0xff,0xff,0x00,0xff,0xff,0xff,0x00,0xff,0xff,0xff,0x00,
    0xff,0xff,0xff,0x00,0xff,0xff,0xff,0x00,0xff,0xff,0xff,0x00,0xff,0xff,0xff,0x00,
    0xff,0xff,0xff,0x00,0xff,0xff,0xff,0x00,0xff,0xff,0xff,0x00,0xff,0xff,0xff,0x00,
    0xff,0xff,0xff,0x00,0xff,0xff,0xff,0x00,0xff,0xff,0xff,0x00,0xff,0xff,0xff,0x00,
    0xff,0xff,0xff,0x00,0xff,0xff,0xff,0x00,0xff,0xff,0xff,0x00,0xff,0xff,0xff,0x00,
    0xff,0xff,0xff,0x00,0xff,0xff,0xff,0x00,0xff,0xff,0xff,0x00,0xff,0xff,0xff,0x00,
    0xff,0xff,0xff,0x00,0xff,0xff,0xff,0x00,0xff,0xff,0xff,0x00,0xff,0xff,0xff,0x00,
    0xff,0xff,0xff,0x00,0xff,0xff,0xff,0x00,0xff,0xff,0xff,0x00,0xff,0xff,0xff,0x00,
    0xff,0xff,0xff,0x00,0xff,0xff,0xff,0x00,0xff,0xff,0xff,0x00,0xff,0xff,0xff,0x00,
    0xff,0xff,0xff,0x00,0xff,0xff,0xff,0x00,0xff,0xff,0xff,0x00,0xff,0xff,0xff,0x00,
    0xff,0xff,0xff,0x00,0xff,0xff,0xff,0x00,0xff,0xff,0xff,0x00,0x0c,0x10,0x07,0xff,
    0x87,0x83,0x46,0xff,0x98,0x94,0x42,0xff,0x93,0x8f,0x40,0xff,0x91,0x8d,0x3e,0xff,
    0x90,0x8d,0x3e,0xff,0x92,0x90,0x3b,0xff,0x89,0x85,0x32,0xff,0xc0,0xbc,0x8a,0xff,
    0xfd,0xf7,0xee,0xff,0xf2,0xec,0xe3,0xff,0xf2,0xed,0xe2,0xff,0xf1,0xec,0xe1,0xff,
    0xf1,0xec,0xe1,0xff,0xf2,0xec,0xe1,0xff,0xf2,0xec,0xe1,0xff,0xf3,0xed,0xe2,0xff,
    0xf3,0xed,0xe2,0xff,0xf3,0xed,0xe2,0xff,0xf3,0xed,0xe2,0xff,0xf3,0xed,0xe2,0xff,
    0xf3,0xed,0xe2,0xff,0xf3,0xed,0xe2,0xff,0xf3,0xed,0xe2,0xff,0xf3,0xed,0xe2,0xff,
    0xf3,0xed,0xe2,0xff,0xf3,0xed,0xe2,0xff,0xf3,0xed,0xe2,0xff,0xf3,0xed,0xe2,0xff,
    0xf3,0xed,0xe2,0xff,0xf3,0xed,0xe2,0xff,0xf3,0xed,0xe2,0xff,0xf3,0xed,0xe2,0xff,
    0xf3,0xee,0xe1,0xff,0xfb,0xf2,0xee,0xff,0xd9,0xcd,0xb2,0xff,0x67,0x63,0x0e,0xff,
    0x5f,0x5b,0x05,0xff,0x69,0x66,0x1f,0xff,0xd6,0xd6,0xc1,0xff,0xe5,0xd7,0xd0,0xff,
    0xe2,0xd7,0xc9,0xff,0xde,0xd6,0xcc,0xff,0xdf,0xd6,0xcc,0xff,0xdf,0xd6,0xcc,0xff,
    0xdf,0xd6,0xcc,0xff,0xdf,0xd6,0xcc,0xff,0xdf,0xd6,0xcc,0xff,0xdf,0xd6,0xcc,0xff,
    0xdf,0xd6,0xcc,0xff,0xdf,0xd6,0xcc,0xff,0xdf,0xd6,0xcc,0xff,0xdf,0xd6,0xcc,0xff,
    0xdf,0xd6,0xcc,0xff,0xdf,0xd6,0xcc,0xff,0xdf,0xd6,0xcc,0xff,0xdf,0xd8,0xc9,0xff,
    0xdf,0xd8,0xc7,0xff,0xdf,0xd7,0xc9,0xff,0xdf,0xd7,0xca,0xff,0xdf,0xd7,0xca,0xff,
    0xdf,0xd7,0xca,0xff,0xe1,0xd6,0xcc,0xff,0xe0,0xd8,0xc7,0xff,0xdf,0xd8,0xce,0xff,
    0xea,0xde,0xd0,0xff,0x94,0x8e,0x53,0xff,0x75,0x73,0x22,0xff,0x79,0x78,0x26,0xff,
    0x78,0x7a,0x22,0xff,0x7d,0x7a,0x26,0xff,0x78,0x7a,0x2a,0xff,0x7d,0x81,0x28,0xff,
    0x58,0x55,0x25,0xff,0xff,0xff,0xff,0x00,0xff,0xff,0xff,0x00,0xff,0xff,0xff,0x00,
    0xff,0xff,0xff,0x00,0xff,0xff,0xff,0x00,0xff,0xff,0xff,0x00,0xff,0xff,0xff,0x00,
    0xff,0xff,0xff,0x00,0xff,0xff,0xff,0x00,0xff,0xff,0xff,0x00,0xff,0xff,0xff,0x00,
    0xff,0xff,0xff,0x00,0xff,0xff,0xff,0x00,0xff,0xff,0xff,0x00,0xff,0xff,0xff,0x00,
    0xff,0xff,0xff,0x00,0xff,0xff,0xff,0x00,0xff,0xff,0xff,0x00,0xff,0xff,0xff,0x00,
    0xff,0xff,0xff,0x00,0xff,0xff,0xff,0x00,0xff,0xff,0xff,0x00,0xff,0xff,0xff,0x00,
    0xff,0xff,0xff,0x00,0xff,0xff,0xff,0x00,0xff,0xff,0xff,0x00,0xff,0xff,0xff,0x00,
    0xff,0xff,0xff,0x00,0xff,0xff,0xff,0x00,0xff,0xff,0xff,0x00,0xff,0xff,0xff,0x00,
    0xff,0xff,0xff,0x00,0xff,0xff,0xff,0x00,0xff,0xff,0xff,0x00,0xff,0xff,0xff,0x00,
    0xff,0xff,0xff,0x00,0xff,0xff,0xff,0x00,0xff,0xff,0xff,0x00,0xff,0xff,0xff,0x00,
    0xff,0xff,0xff,0x00,0xff,0xff,0xff,0x00,0xff,0xff,0xff,0x00,0xff,0xff,0xff,0x00,
    0xff,0xff,0xff,0x00,0xff,0xff,0xff,0x00,0xff,0xff,0xff,0x00,0x20,0x21,0x10,0xff,
    0x95,0x90,0x48,0xff,0x96,0x92,0x41,0xff,0x93,0x8f,0x40,0xff,0x91,0x8d,0x3e,0xff,
    0x91,0x8c,0x40,0xff,0x91,0x90,0x38,0xff,0x87,0x89,0x31,0xff,0xd3,0xd1,0xab,0xff,
    0xf9,0xf7,0xee,0xff,0xef,0xed,0xe2,0xff,0xf0,0xed,0xe2,0xff,0xef,0xeb,0xe2,0xff,
    0xf0,0xeb,0xe2,0xff,0xf2,0xec,0xe1,0xff,0xf2,0xec,0xe1,0xff,0xf3,0xed,0xe2,0xff,
    0xf3,0xed,0xe2,0xff,0xf3,0xed,0xe2,0xff,0xf3,0xed,0xe2,0xff,0xf3,0xed,0xe2,0xff,
    0xf3,0xed,0xe2,0xff,0xf3,0xed,0xe2,0xff,0xf3,0xed,0xe2,0xff,0xf3,0xed,0xe2,0xff,
    0xf3,0xed,0xe2,0xff,0xf3,0xed,0xe2,0xff,0xf3,0xed,0xe2,0xff,0xf3,0xed,0xe2,0xff,
    0xf3,0xed,0xe2,0xff,0xf3,0xed,0xe2,0xff,0xf3,0xed,0xe2,0xff,0xf3,0xed,0xe1,0xff,
    0xf3,0xee,0xe1,0xff,0xfb,0xf2,0xef,0xff,0xdb,0xcf,0xb5,0xff,0x67,0x63,0x0e,0xff,
    0x5f,0x5b,0x05,0xff,0x69,0x67,0x20,0xff,0xd8,0xd8,0xc4,0xff,0xe5,0xd6,0xd1,0xff,
    0xe2,0xd7,0xc9,0xff,0xde,0xd6,0xcc,0xff,0xdf,0xd6,0xcc,0xff,0xdf,0xd6,0xcc,0xff,
    0xdf,0xd6,0xcc,0xff,0xdf,0xd6,0xcc,0xff,0xdf,0xd6,0xcc,0xff,0xdf,0xd6,0xcc,0xff,
    0xdf,0xd6,0xcc,0xff,0xdf,0xd6,0xcc,0xff,0xdf,0xd6,0xcc,0xff,0xdf,0xd6,0xcc,0xff,
    0xdf,0xd6,0xcc,0xff,0xdf,0xd6,0xcc,0xff,0xdf,0xd6,0xcc,0xff,0xdf,0xd8,0xc9,0xff,
    0xdf,0xd8,0xc7,0xff,0xdf,0xd7,0xc8,0xff,0xdf,0xd7,0xc9,0xff,0xdf,0xd7,0xcb,0xff,
    0xdf,0xd6,0xcb,0xff,0xe4,0xd4,0xcc,0xff,0xe2,0xd9,0xc5,0xff,0xde,0xd8,0xcd,0xff,
    0xe9,0xde,0xd8,0xff,0xa8,0xa0,0x72,0xff,0x73,0x6f,0x24,0xff,0x7a,0x79,0x2b,0xff,
    0x78,0x79,0x24,0xff,0x7d,0x79,0x24,0xff,0x79,0x7a,0x25,0xff,0x7b,0x7f,0x20,0xff,
    0x68,0x66,0x2b,0xff,0xff,0xff,0xff,0x00,0xff,0xff,0xff,0x00,0xff,0xff,0xff,0x00,
    0xff,0xff,0xff,0x00,0xff,0xff,0xff,0x00,0xff,0xff,0xff,0x00,0xff,0xff,0xff,0x00,
    0xff,0xff,0xff,0x00,0xff,0xff,0xff,0x00,0xff,0xff,0xff,0x00,0xff,0xff,0xff,0x00,
    0xff,0xff,0xff,0x00,0xff,0xff,0xff,0x00,0xff,0xff,0xff,0x00,0xff,0xff,0xff,0x00,
    0xff,0xff,0xff,0x00,0xff,0xff,0xff,0x00,0xff,0xff,0xff,0x00,0xff,0xff,0xff,0x00,
    0xff,0xff,0xff,0x00,0xff,0xff,0xff,0x00,0xff,0xff,0xff,0x00,0xff,0xff,0xff,0x00,
    0xff,0xff,0xff,0x00,0xff,0xff,0xff,0x00,0xff,0xff,0xff,0x00,0xff,0xff,0xff,0x00,
    0xff,0xff,0xff,0x00,0xff,0xff,0xff,0x00,0xff,0xff,0xff,0x00,0xff,0xff,0xff,0x00,
    0xff,0xff,0xff,0x00,0xff,0xff,0xff,0x00,0xff,0xff,0xff,0x00,0xff,0xff,0xff,0x00,
    0xff,0xff,0xff,0x00,0xff,0xff,0xff,0x00,0xff,0xff,0xff,0x00,0xff,0xff,0xff,0x00,
    0xff,0xff,0xff,0x00,0xff,0xff,0xff,0x00,0xff,0xff,0xff,0x00,0xff,0xff,0xff,0x00,
    0xff,0xff,0xff,0x00,0xff,0xff,0xff,0x00,0xff,0xff,0xff,0x00,0x32,0x2e,0x19,0xff,
    0x95,0x94,0x48,0xff,0x92,0x8f,0x3d,0xff,0x91,0x8e,0x3d,0xff,0x91,0x8e,0x3d,0xff,
    0x92,0x8d,0x3f,0xff,0x90,0x8e,0x37,0xff,0x8a,0x8d,0x3d,0xff,0xe3,0xdf,0xc3,0xff,
    0xf6,0xf2,0xe9,0xff,0xf2,0xee,0xdf,0xff,0xf4,0xec,0xe3,0xff,0xf5,0xeb,0xe4,0xff,
    0xf4,0xec,0xe2,0xff,0xef,0xef,0xdd,0xff,0xf1,0xef,0xdd,0xff,0xf6,0xec,0xe2,0xff,
    0xf6,0xea,0xe4,0xff,0xf3,0xed,0xe2,0xff,0xf3,0xed,0xe2,0xff,0xf2,0xec,0xe1,0xff,
    0xf2,0xec,0xe1,0xff,0xf3,0xed,0xe2,0xff,0xf3,0xed,0xe2,0xff,0xf3,0xed,0xe2,0xff,
    0xf3,0xed,0xe2,0xff,0xf3,0xed,0xe2,0xff,0xf3,0xed,0xe2,0xff,0xf3,0xed,0xe2,0xff,
    0xf3,0xed,0xe1,0xff,0xf2,0xed,0xe2,0xff,0xf4,0xea,0xe6,0xff,0xf2,0xee,0xdc,0xff,
    0xef,0xee,0xdf,0xff,0xff,0xfc,0xf6,0xff,0xd4,0xce,0xa3,0xff,0x66,0x64,0x0e,0xff,
    0x5f,0x5e,0x05,0xff,0x67,0x67,0x1b,0xff,0xdd,0xd7,0xc0,0xff,0xe8,0xdd,0xd8,0xff,
    0xe4,0xd4,0xcb,0xff,0xe2,0xd6,0xcc,0xff,0xdf,0xd7,0xca,0xff,0xdf,0xd7,0xca,0xff,
    0xdf,0xd7,0xca,0xff,0xdf,0xd6,0xcc,0xff,0xdf,0xd6,0xcc,0xff,0xdf,0xd6,0xcc,0xff,
    0xdf,0xd6,0xcc,0xff,0xdf,0xd6,0xcc,0xff,0xdf,0xd6,0xcc,0xff,0xdf,0xd6,0xcc,0xff,
    0xdf,0xd6,0xcc,0xff,0xdf,0xd6,0xcc,0xff,0xdf,0xd6,0xcc,0xff,0xdf,0xd8,0xc9,0xff,
    0xdf,0xd8,0xc7,0xff,0xdf,0xd9,0xc6,0xff,0xdf,0xd9,0xc6,0xff,0xe1,0xd7,0xca,0xff,
    0xe2,0xd5,0xcd,0xff,0xdf,0xd5,0xce,0xff,0xdd,0xd7,0xca,0xff,0xdf,0xd8,0xc9,0xff,
    0xec,0xdf,0xd6,0xff,0xb6,0xae,0x89,0xff,0x6e,0x71,0x23,0xff,0x79,0x7a,0x2d,0xff,
    0x7b,0x79,0x2e,0xff,0x7e,0x79,0x29,0xff,0x78,0x7b,0x22,0xff,0x7a,0x7a,0x22,0xff,
    0x71,0x71,0x27,0xff,0x0f,0x0f,0x06,0xff,0xff,0xff,0xff,0x00,0xff,0xff,0xff,0x00,
    0xff,0xff,0xff,0x00,0xff,0xff,0xff,0x00,0xff,0xff,0xff,0x00,0xff,0xff,0xff,0x00,
    0xff,0xff,0xff,0x00,0xff,0xff,0xff,0x00,0xff,0xff,0xff,0x00,0xff,0xff,0xff,0x00,
    0xff,0xff,0xff,0x00,0xff,0xff,0xff,0x00,0xff,0xff,0xff,0x00,0xff,0xff,0xff,0x00,
    0xff,0xff,0xff,0x00,0xff,0xff,0xff,0x00,0xff,0xff,0xff,0x00,0xff,0xff,0xff,0x00,
    0xff,0xff,0xff,0x00,0xff,0xff,0xff,0x00,0xff,0xff,0xff,0x00,0xff,0xff,0xff,0x00,
    0xff,0xff,0xff,0x00,0xff,0xff,0xff,0x00,0xff,0xff,0xff,0x00,0xff,0xff,0xff,0x00,
    0xff,0xff,0xff,0x00,0xff,0xff,0xff,0x00,0xff,0xff,0xff,0x00,0xff,0xff,0xff,0x00,
    0xff,0xff,0xff,0x00,0xff,0xff,0xff,0x00,0xff,0xff,0xff,0x00,0xff,0xff,0xff,0x00,
    0xff,0xff,0xff,0x00,0xff,0xff,0xff,0x00,0xff,0xff,0xff,0x00,0xff,0xff,0xff,0x00,
    0xff,0xff,0xff,0x00,0xff,0xff,0xff,0x00,0xff,0xff,0xff,0x00,0xff,0xff,0xff,0x00,
    0xff,0xff,0xff,0x00,0xff,0xff,0xff,0x00,0xff,0xff,0xff,0x00,0x40,0x3b,0x22,0xff,
    0x97,0x98,0x48,0xff,0x91,0x8e,0x3c,0xff,0x91,0x8e,0x3d,0xff,0x91,0x8e,0x3d,0xff,
    0x92,0x8d,0x3e,0xff,0x8e,0x8d,0x36,0xff,0x92,0x93,0x4c,0xff,0xef,0xe8,0xd1,0xff,
    0xf5,0xed,0xe8,0xff,0xf4,0xea,0xe5,0xff,0xf2,0xee,0xe0,0xff,0xef,0xf1,0xd9,0xff,
    0xef,0xf2,0xd8,0xff,0xf0,0xed,0xe1,0xff,0xf2,0xec,0xe4,0xff,0xf5,0xeb,0xe3,0xff,
    0xf6,0xeb,0xe3,0xff,0xf3,0xed,0xe2,0xff,0xf3,0xed,0xe2,0xff,0xf2,0xec,0xe1,0xff,
    0xf2,0xec,0xe1,0xff,0xf3,0xed,0xe2,0xff,0xf3,0xed,0xe2,0xff,0xf3,0xed,0xe2,0xff,
    0xf3,0xed,0xe2,0xff,0xf3,0xed,0xe2,0xff,0xf3,0xed,0xe2,0xff,0xf3,0xed,0xe2,0xff,
    0xf3,0xed,0xe2,0xff,0xf3,0xed,0xe0,0xff,0xf3,0xeb,0xe5,0xff,0xf2,0xea,0xe4,0xff,
    0xff,0xfa,0xed,0xff,0xcb,0xc6,0xa0,0xff,0x72,0x6c,0x24,0xff,0x6e,0x67,0x0e,0xff,
    0x68,0x61,0x0e,0xff,0x5f,0x56,0x0a,0xff,0x70,0x6a,0x32,0xff,0xcb,0xcc,0xa2,0xff,
    0xe6,0xdc,0xd6,0xff,0xde,0xd4,0xce,0xff,0xdf,0xd7,0xc9,0xff,0xdf,0xd7,0xca,0xff,
    0xdf,0xd7,0xca,0xff,0xdf,0xd6,0xcc,0xff,0xdf,0xd6,0xcc,0xff,0xdf,0xd6,0xcc,0xff,
    0xdf,0xd6,0xcc,0xff,0xdf,0xd6,0xcc,0xff,0xdf,0xd6,0xcc,0xff,0xdf,0xd6,0xcc,0xff,
    0xdf,0xd6,0xcc,0xff,0xdf,0xd6,0xcc,0xff,0xdf,0xd6,0xcc,0xff,0xdf,0xd8,0xc9,0xff,
    0xdf,0xd8,0xc7,0xff,0xe0,0xd6,0xca,0xff,0xdf,0xd6,0xcb,0xff,0xde,0xd9,0xc6,0xff,
    0xdc,0xdb,0xc2,0xff,0xdb,0xd9,0xc7,0xff,0xdd,0xd7,0xca,0xff,0xe0,0xd9,0xc6,0xff,
    0xe9,0xe2,0xcc,0xff,0xc6,0xc0,0x99,0xff,0x6e,0x73,0x26,0xff,0x76,0x79,0x28,0xff,
    0x7c,0x79,0x2e,0xff,0x7c,0x76,0x2a,0xff,0x79,0x7a,0x28,0xff,0x7c,0x78,0x2b,0xff,
    0x78,0x76,0x2c,0xff,0x17,0x17,0x0a,0xff,0xff,0xff,0xff,0x00,0xff,0xff,0xff,0x00,
    0xff,0xff,0xff,0x00,0xff,0xff,0xff,0x00,0xff,0xff,0xff,0x00,0xff,0xff,0xff,0x00,
    0xff,0xff,0xff,0x00,0xff,0xff,0xff,0x00,0xff,0xff,0xff,0x00,0xff,0xff,0xff,0x00,
    0xff,0xff,0xff,0x00,0xff,0xff,0xff,0x00,0xff,0xff,0xff,0x00,0xff,0xff,0xff,0x00,
    0xff,0xff,0xff,0x00,0xff,0xff,0xff,0x00,0xff,0xff,0xff,0x00,0xff,0xff,0xff,0x00,
    0xff,0xff,0xff,0x00,0xff,0xff,0xff,0x00,0xff,0xff,0xff,0x00,0xff,0xff,0xff,0x00,
    0xff,0xff,0xff,0x00,0xff,0xff,0xff,0x00,0xff,0xff,0xff,0x00,0xff,0xff,0xff,0x00,
    0xff,0xff,0xff,0x00,0xff,0xff,0xff,0x00,0xff,0xff,0xff,0x00,0xff,0xff,0xff,0x00,
    0xff,0xff,0xff,0x00,0xff,0xff,0xff,0x00,0xff,0xff,0xff,0x00,0xff,0xff,0xff,0x00,
    0xff,0xff,0xff,0x00,0xff,0xff,0xff,0x00,0xff,0xff,0xff,0x00,0xff,0xff,0xff,0x00,
    0xff,0xff,0xff,0x00,0xff,0xff,0xff,0x00,0xff,0xff,0xff,0x00,0xff,0xff,0xff,0x00,
    0xff,0xff,0xff,0x00,0xff,0xff,0xff,0x00,0xff,0xff,0xff,0x00,0x4b,0x48,0x29,0xff,
    0x99,0x9b,0x46,0xff,0x91,0x8e,0x3c,0xff,0x91,0x8e,0x3d,0xff,0x91,0x8e,0x3d,0xff,
    0x92,0x8e,0x3d,0xff,0x8e,0x8c,0x37,0xff,0x9a,0x99,0x59,0xff,0xf5,0xec,0xdb,0xff,
    0xf4,0xee,0xe6,0xff,0xf3,0xee,0xdf,0xff,0xfc,0xf9,0xe5,0xff,0xfd,0xf8,0xee,0xff,
    0xff,0xf8,0xf3,0xff,0xfc,0xf5,0xe5,0xff,0xf2,0xe9,0xe4,0xff,0xf2,0xeb,0xe6,0xff,
    0xf1,0xed,0xe1,0xff,0xf3,0xed,0xe2,0xff,0xf3,0xed,0xe2,0xff,0xf2,0xec,0xe1,0xff,
    0xf2,0xec,0xe1,0xff,0xf3,0xed,0xe2,0xff,0xf3,0xed,0xe2,0xff,0xf2,0xec,0xe1,0xff,
    0xf2,0xec,0xe1,0xff,0xf3,0xed,0xe2,0xff,0xf3,0xed,0xe2,0xff,0xf2,0xec,0xe1,0xff,
    0xf3,0xeb,0xe2,0xff,0xf4,0xeb,0xe1,0xff,0xef,0xee,0xdf,0xff,0xfa,0xef,0xf1,0xff,
    0xdb,0xd2,0xb5,0xff,0x66,0x63,0x14,0xff,0x6a,0x63,0x08,0xff,0x74,0x6a,0x11,0xff,
    0x68,0x60,0x11,0xff,0x63,0x5a,0x0d,0xff,0x53,0x4e,0x00,0xff,0x6a,0x6d,0x23,0xff,
    0xd9,0xd5,0xc3,0xff,0xe0,0xd8,0xd2,0xff,0xdf,0xd7,0xc9,0xff,0xdf,0xd7,0xca,0xff,
    0xdf,0xd7,0xca,0xff,0xdf,0xd6,0xcc,0xff,0xdf,0xd6,0xcc,0xff,0xdf,0xd6,0xcc,0xff,
    0xdf,0xd6,0xcc,0xff,0xdf,0xd6,0xcc,0xff,0xdf,0xd6,0xcc,0xff,0xdf,0xd6,0xcc,0xff,
    0xdf,0xd6,0xcc,0xff,0xdf,0xd6,0xcc,0xff,0xdf,0xd6,0xcc,0xff,0xdf,0xd8,0xc9,0xff,
    0xdf,0xd8,0xc7,0xff,0xdf,0xd8,0xc5,0xff,0xe1,0xda,0xc9,0xff,0xe9,0xe1,0xd7,0xff,
    0xec,0xe1,0xdf,0xff,0xed,0xe3,0xdb,0xff,0xe7,0xdc,0xd4,0xff,0xdf,0xd3,0xd3,0xff,
    0xe5,0xdb,0xd6,0xff,0xce,0xc7,0xab,0xff,0x71,0x74,0x2b,0xff,0x76,0x7b,0x24,0xff,
    0x79,0x78,0x28,0xff,0x7c,0x77,0x29,0xff,0x7a,0x7a,0x2a,0xff,0x7b,0x76,0x2d,0xff,
    0x7c,0x7c,0x2d,0xff,0x1d,0x20,0x0e,0xff,0xff,0xff,0xff,0x00,0xff,0xff,0xff,0x00,
    0xff,0xff,0xff,0x00,0xff,0xff,0xff,0x00,0xff,0xff,0xff,0x00,0xff,0xff,0xff,0x00,
    0xff,0xff,0xff,0x00,0xff,0xff,0xff,0x00,0xff,0xff,0xff,0x00,0xff,0xff,0xff,0x00,
    0xff,0xff,0xff,0x00,0xff,0xff,0xff,0x00,0xff,0xff,0xff,0x00,0xff,0xff,0xff,0x00,
    0xff,0xff,0xff,0x00,0xff,0xff,0xff,0x00,0xff,0xff,0xff,0x00,0xff,0xff,0xff,0x00,
    0xff,0xff,0xff,0x00,0xff,0xff,0xff,0x00,0xff,0xff,0xff,0x00,0xff,0xff,0xff,0x00,
    0xff,0xff,0xff,0x00,0xff,0xff,0xff,0x00,0xff,0xff,0xff,0x00,0xff,0xff,0xff,0x00,
    0xff,0xff,0xff,0x00,0xff,0xff,0xff,0x00,0xff,0xff,0xff,0x00,0xff,0xff,0xff,0x00,
    0xff,0xff,0xff,0x00,0xff,0xff,0xff,0x00,0xff,0xff,0xff,0x00,0xff,0xff,0xff,0x00,
    0xff,0xff,0xff,0x00,0xff,0xff,0xff,0x00,0xff,0xff,0xff,0x00,0xff,0xff,0xff,0x00,
    0xff,0xff,0xff,0x00,0xff,0xff,0xff,0x00,0xff,0xff,0xff,0x00,0xff,0xff,0xff,0x00,
    0xff,0xff,0xff,0x00,0xff,0xff,0xff,0x00,0xff,0xff,0xff,0x00,0x4f,0x4e,0x2b,0xff,
    0x99,0x9d,0x43,0xff,0x91,0x8e,0x3c,0xff,0x91,0x8e,0x3d,0xff,0x91,0x8e,0x3d,0xff,
    0x92,0x8e,0x3d,0xff,0x8d,0x8b,0x37,0xff,0x9f,0x9c,0x63,0xff,0xfa,0xf0,0xe3,0xff,
    0xf4,0xf0,0xe7,0xff,0xf4,0xf2,0xe2,0xff,0xc7,0xc7,0x9b,0xff,0xae,0xa6,0x70,0xff,
    0xb0,0xa5,0x74,0xff,0xd5,0xd3,0xac,0xff,0xfa,0xf3,0xe5,0xff,0xf0,0xeb,0xe6,0xff,
    0xef,0xee,0xe1,0xff,0xf3,0xed,0xe2,0xff,0xf3,0xed,0xe2,0xff,0xf2,0xec,0xe1,0xff,
    0xf2,0xec,0xe1,0xff,0xf3,0xed,0xe2,0xff,0xf3,0xed,0xe2,0xff,0xf2,0xec,0xe1,0xff,
    0xf2,0xec,0xe1,0xff,0xf3,0xed,0xe2,0xff,0xf3,0xed,0xe2,0xff,0xf2,0xec,0xe1,0xff,
    0xf3,0xeb,0xe3,0xff,0xf5,0xe9,0xe3,0xff,0xee,0xf1,0xd9,0xff,0xfd,0xf5,0xf1,0xff,
    0x9e,0x95,0x5a,0xff,0x5f,0x5f,0x00,0xff,0x70,0x6d,0x10,0xff,0x6f,0x6a,0x13,0xff,
    0x61,0x61,0x10,0xff,0x59,0x5b,0x0b,0xff,0x60,0x59,0x11,0xff,0x54,0x4d,0x05,0xff,
    0xb1,0xaa,0x82,0xff,0xea,0xe2,0xd5,0xff,0xdf,0xd7,0xca,0xff,0xdf,0xd7,0xca,0xff,
    0xdf,0xd7,0xca,0xff,0xdf,0xd6,0xcc,0xff,0xdf,0xd6,0xcc,0xff,0xdf,0xd6,0xcc,0xff,
    0xdf,0xd6,0xcc,0xff,0xdf,0xd6,0xcc,0xff,0xdf,0xd6,0xcc,0xff,0xdf,0xd6,0xcc,0xff,
    0xdf,0xd6,0xcc,0xff,0xdf,0xd6,0xcc,0xff,0xdf,0xd6,0xcc,0xff,0xdf,0xd8,0xc9,0xff,
    0xdf,0xd8,0xc7,0xff,0xdd,0xd9,0xc7,0xff,0xe0,0xdc,0xc4,0xff,0xb4,0xab,0x87,0xff,
    0xa6,0x96,0x66,0xff,0x9f,0x98,0x64,0xff,0xca,0xc6,0xa5,0xff,0xe5,0xdb,0xd3,0xff,
    0xe0,0xdb,0xd5,0xff,0xd1,0xca,0xb3,0xff,0x73,0x74,0x2e,0xff,0x75,0x7b,0x1f,0xff,
    0x79,0x78,0x26,0xff,0x7d,0x79,0x27,0xff,0x7a,0x7d,0x26,0xff,0x79,0x75,0x28,0xff,
    0x7a,0x7e,0x23,0xff,0x20,0x25,0x0c,0xff,0xff,0xff,0xff,0x00,0xff,0xff,0xff,0x00,
    0xff,0xff,0xff,0x00,0xff,0xff,0xff,0x00,0xff,0xff,0xff,0x00,0xff,0xff,0xff,0x00,
    0xff,0xff,0xff,0x00,0xff,0xff,0xff,0x00,0xff,0xff,0xff,0x00,0xff,0xff,0xff,0x00,
    0xff,0xff,0xff,0x00,0xff,0xff,0xff,0x00,0xff,0xff,0xff,0x00,0xff,0xff,0xff,0x00,
    0xff,0xff,0xff,0x00,0xff,0xff,0xff,0x00,0xff,0xff,0xff,0x00,0xff,0xff,0xff,0x00,
    0xff,0xff,0xff,0x00,0xff,0xff,0xff,0x00,0xff,0xff,0xff,0x00,0xff,0xff,0xff,0x00,
    0xff,0xff,0xff,0x00,0xff,0xff,0xff,0x00,0xff,0xff,0xff,0x00,0xff,0xff,0xff,0x00,
    0xff,0xff,0xff,0x00,0xff,0xff,0xff,0x00,0xff,0xff,0xff,0x00,0xff,0xff,0xff,0x00,
    0xff,0xff,0xff,0x00,0xff,0xff,0xff,0x00,0xff,0xff,0xff,0x00,0xff,0xff,0xff,0x00,
    0xff,0xff,0xff,0x00,0xff,0xff,0xff,0x00,0xff,0xff,0xff,0x00,0xff,0xff,0xff,0x00,
    0xff,0xff,0xff,0x00,0xff,0xff,0xff,0x00,0xff,0xff,0xff,0x00,0xff,0xff,0xff,0x00,
    0xff,0xff,0xff,0x00,0xff,0xff,0xff,0x00,0xff,0xff,0xff,0x00,0x51,0x4e,0x2f,0xff,
    0x9b,0x9b,0x44,0xff,0x91,0x8e,0x3c,0xff,0x91,0x8e,0x3d,0xff,0x91,0x8e,0x3d,0xff,
    0x90,0x8e,0x3d,0xff,0x8d,0x8a,0x35,0xff,0xa2,0x9e,0x5e,0xff,0xf6,0xf5,0xe1,0xff,
    0xfb,0xf4,0xee,0xff,0xeb,0xe7,0xd5,0xff,0x6d,0x63,0x24,0xff,0x5c,0x58,0x00,0xff,
    0x56,0x5b,0x00,0xff,0x7d,0x78,0x34,0xff,0xf5,0xf1,0xe4,0xff,0xf0,0xf3,0xdc,0xff,
    0xf5,0xeb,0xe4,0xff,0xf3,0xeb,0xe2,0xff,0xf2,0xec,0xe1,0xff,0xf3,0xed,0xe2,0xff,
    0xf3,0xed,0xe2,0xff,0xf3,0xed,0xe2,0xff,0xf3,0xed,0xe2,0xff,0xf3,0xed,0xe2,0xff,
    0xf3,0xed,0xe2,0xff,0xf3,0xed,0xe2,0xff,0xf3,0xed,0xe2,0xff,0xf2,0xec,0xe1,0xff,
    0xf3,0xeb,0xe3,0xff,0xf5,0xec,0xde,0xff,0xef,0xf3,0xd8,0xff,0xf3,0xeb,0xe9,0xff,
    0x84,0x7b,0x3a,0xff,0x6b,0x66,0x05,0xff,0x70,0x6a,0x14,0xff,0x6d,0x69,0x18,0xff,
    0x5f,0x62,0x0e,0xff,0x5a,0x5f,0x05,0xff,0x62,0x56,0x19,0xff,0x55,0x4f,0x02,0xff,
    0x98,0x91,0x5e,0xff,0xed,0xe3,0xd7,0xff,0xde,0xd7,0xca,0xff,0xdf,0xd7,0xca,0xff,
    0xdf,0xd7,0xca,0xff,0xdf,0xd6,0xcc,0xff,0xdf,0xd6,0xcc,0xff,0xdf,0xd6,0xcc,0xff,
    0xdf,0xd6,0xcc,0xff,0xdf,0xd6,0xcc,0xff,0xdf,0xd6,0xcc,0xff,0xdf,0xd6,0xcc,0xff,
    0xdf,0xd6,0xcc,0xff,0xdf,0xd7,0xcb,0xff,0xdf,0xd7,0xca,0xff,0xdf,0xd7,0xca,0xff,
    0xdf,0xd7,0xca,0xff,0xe4,0xda,0xd4,0xff,0xcf,0xc6,0xab,0xff,0x54,0x4f,0x08,0xff,
    0x57,0x4e,0x00,0xff,0x52,0x47,0x00,0xff,0x7e,0x79,0x3c,0xff,0xe3,0xe2,0xce,0xff,
    0xdf,0xdb,0xd2,0xff,0xd8,0xcf,0xb9,0xff,0x79,0x79,0x2e,0xff,0x77,0x74,0x23,0xff,
    0x7a,0x7d,0x1f,0xff,0x79,0x78,0x24,0xff,0x76,0x7b,0x26,0xff,0x7b,0x77,0x2c,0xff,
    0x7f,0x80,0x25,0xff,0x24,0x28,0x0e,0xff,0xff,0xff,0xff,0x00,0xff,0xff,0xff,0x00,
    0xff,0xff,0xff,0x00,0xff,0xff,0xff,0x00,0xff,0xff,0xff,0x00,0xff,0xff,0xff,0x00,
    0xff,0xff,0xff,0x00,0xff,0xff,0xff,0x00,0xff,0xff,0xff,0x00,0xff,0xff,0xff,0x00,
    0xff,0xff,0xff,0x00,0xff,0xff,0xff,0x00,0xff,0xff,0xff,0x00,0xff,0xff,0xff,0x00,
    0xff,0xff,0xff,0x00,0xff,0xff,0xff,0x00,0xff,0xff,0xff,0x00,0xff,0xff,0xff,0x00,
    0xff,0xff,0xff,0x00,0xff,0xff,0xff,0x00,0xff,0xff,0xff,0x00,0xff,0xff,0xff,0x00,
    0xff,0xff,0xff,0x00,0xff,0xff,0xff,0x00,0xff,0xff,0xff,0x00,0xff,0xff,0xff,0x00,
    0xff,0xff,0xff,0x00,0xff,0xff,0xff,0x00,0xff,0xff,0xff,0x00,0xff,0xff,0xff,0x00,
    0xff,0xff,0xff,0x00,0xff,0xff,0xff,0x00,0xff,0xff,0xff,0x00,0xff,0xff,0xff,0x00,
    0xff,0xff,0xff,0x00,0xff,0xff,0xff,0x00,0xff,0xff,0xff,0x00,0xff,0xff,0xff,0x00,
    0xff,0xff,0xff,0x00,0xff,0xff,0xff,0x00,0xff,0xff,0xff,0x00,0xff,0xff,0xff,0x00,
    0xff,0xff,0xff,0x00,0xff,0xff,0xff,0x00,0xff,0xff,0xff,0x00,0x53,0x4e,0x30,0xff,
    0x9c,0x9a,0x45,0xff,0x91,0x8e,0x3c,0xff,0x91,0x8e,0x3d,0xff,0x91,0x8e,0x3d,0xff,
    0x8f,0x8e,0x3d,0xff,0x8e,0x8a,0x34,0xff,0xa2,0x9e,0x5c,0xff,0xf5,0xf5,0xe1,0xff,
    0xf8,0xf2,0xe9,0xff,0xf5,0xf6,0xdb,0xff,0xa9,0xa3,0x6f,0xff,0x81,0x80,0x3b,0xff,
    0x7c,0x82,0x36,0xff,0xb8,0xaf,0x83,0xff,0xf7,0xf2,0xec,0xff,0xf0,0xf2,0xda,0xff,
    0xf6,0xeb,0xe3,0xff,0xf2,0xeb,0xe2,0xff,0xf2,0xec,0xe1,0xff,0xf3,0xed,0xe2,0xff,
    0xf3,0xed,0xe2,0xff,0xf3,0xed,0xe2,0xff,0xf3,0xed,0xe2,0xff,0xf3,0xed,0xe2,0xff,
    0xf3,0xed,0xe2,0xff,0xf3,0xed,0xe2,0xff,0xf3,0xed,0xe2,0xff,0xf2,0xec,0xe1,0xff,
    0xf3,0xeb,0xe2,0xff,0xf5,0xeb,0xe1,0xff,0xef,0xef,0xdd,0xff,0xf8,0xf1,0xeb,0xff,
    0x8c,0x87,0x4a,0xff,0x67,0x65,0x00,0xff,0x6f,0x6d,0x0e,0xff,0x6d,0x6b,0x15,0xff,
    0x62,0x60,0x10,0xff,0x5d,0x5c,0x09,0xff,0x62,0x5c,0x0f,0xff,0x50,0x52,0x00,0xff,
    0xa1,0x9a,0x71,0xff,0xec,0xe2,0xda,0xff,0xdf,0xd7,0xca,0xff,0xdf,0xd7,0xca,0xff,
    0xdf,0xd7,0xca,0xff,0xdf,0xd6,0xcc,0xff,0xdf,0xd6,0xcc,0xff,0xdf,0xd6,0xcc,0xff,
    0xdf,0xd6,0xcc,0xff,0xdf,0xd6,0xcc,0xff,0xdf,0xd6,0xcc,0xff,0xdf,0xd6,0xcc,0xff,
    0xdf,0xd6,0xcc,0xff,0xdf,0xd7,0xcb,0xff,0xdf,0xd7,0xca,0xff,0xdf,0xd7,0xca,0xff,
    0xdf,0xd7,0xca,0xff,0xde,0xd7,0xce,0xff,0xdc,0xd9,0xbf,0xff,0x8e,0x8c,0x57,0xff,
    0x78,0x6f,0x33,0xff,0x79,0x6e,0x31,0xff,0xad,0xa8,0x7f,0xff,0xe2,0xdd,0xd2,0xff,
    0xe6,0xd9,0xd3,0xff,0xd8,0xcc,0xb5,0xff,0x78,0x79,0x2a,0xff,0x7a,0x73,0x27,0xff,
    0x7b,0x7d,0x1e,0xff,0x79,0x78,0x26,0xff,0x76,0x7b,0x27,0xff,0x7c,0x79,0x2d,0xff,
    0x80,0x7e,0x2a,0xff,0x24,0x26,0x10,0xff,0xff,0xff,0xff,0x00,0xff,0xff,0xff,0x00,
    0xff,0xff,0xff,0x00,0xff,0xff,0xff,0x00,0xff,0xff,0xff,0x00,0xff,0xff,0xff,0x00,
    0xff,0xff,0xff,0x00,0xff,0xff,0xff,0x00,0xff,0xff,0xff,0x00,0xff,0xff,0xff,0x00,
    0xff,0xff,0xff,0x00,0xff,0xff,0xff,0x00,0xff,0xff,0xff,0x00,0xff,0xff,0xff,0x00,
    0xff,0xff,0xff,0x00,0xff,0xff,0xff,0x00,0xff,0xff,0xff,0x00,0xff,0xff,0xff,0x00,
    0xff,0xff,0xff,0x00,0xff,0xff,0xff,0x00,0xff,0xff,0xff,0x00,0xff,0xff,0xff,0x00,
    0xff,0xff,0xff,0x00,0xff,0xff,0xff,0x00,0xff,0xff,0xff,0x00,0xff,0xff,0xff,0x00,
    0xff,0xff,0xff,0x00,0xff,0xff,0xff,0x00,0xff,0xff,0xff,0x00,0xff,0xff,0xff,0x00,
    0xff,0xff,0xff,0x00,0xff,0xff,0xff,0x00,0xff,0xff,0xff,0x00,0xff,0xff,0xff,0x00,
    0xff,0xff,0xff,0x00,0xff,0xff,0xff,0x00,0xff,0xff,0xff,0x00,0xff,0xff,0xff,0x00,
    0xff,0xff,0xff,0x00,0xff,0xff,0xff,0x00,0xff,0xff,0xff,0x00,0xff,0xff,0xff,0x00,
    0xff,0xff,0xff,0x00,0xff,0xff,0xff,0x00,0xff,0xff,0xff,0x00,0x4f,0x4b,0x2c,0xff,
    0x9b,0x99,0x43,0xff,0x91,0x8e,0x3c,0xff,0x91,0x8e,0x3d,0xff,0x91,0x8e,0x3d,0xff,
    0x8f,0x8e,0x3d,0xff,0x8d,0x89,0x33,0xff,0xa1,0x9d,0x5b,0xff,0xf4,0xf4,0xe0,0xff,
    0xf6,0xef,0xe7,0xff,0xf1,0xee,0xe6,0xff,0xf9,0xf3,0xe7,0xff,0xf5,0xef,0xe3,0xff,
    0xf6,0xf0,0xe3,0xff,0xfe,0xf4,0xe9,0xff,0xf3,0xec,0xe4,0xff,0xf2,0xee,0xde,0xff,
    0xf4,0xec,0xe1,0xff,0xf3,0xed,0xe2,0xff,0xf3,0xed,0xe2,0xff,0xf3,0xed,0xe2,0xff,
    0xf3,0xed,0xe2,0xff,0xf3,0xed,0xe2,0xff,0xf3,0xed,0xe2,0xff,0xf3,0xed,0xe2,0xff,
    0xf3,0xed,0xe2,0xff,0xf3,0xed,0xe2,0xff,0xf3,0xed,0xe2,0xff,0xf2,0xec,0xe1,0xff,
    0xf2,0xec,0xe1,0xff,0xf4,0xeb,0xe3,0xff,0xf1,0xeb,0xe4,0xff,0xfe,0xf9,0xec,0xff,
    0xbe,0xbd,0x8f,0xff,0x5b,0x59,0x04,0xff,0x6c,0x6c,0x0c,0xff,0x6f,0x6d,0x11,0xff,
    0x68,0x60,0x11,0xff,0x61,0x5c,0x0f,0xff,0x5d,0x5a,0x04,0xff,0x58,0x57,0x0a,0xff,
    0xc9,0xc5,0xa7,0xff,0xe5,0xdc,0xd3,0xff,0xdf,0xd7,0xca,0xff,0xdf,0xd7,0xca,0xff,
    0xdf,0xd7,0xca,0xff,0xdf,0xd6,0xcc,0xff,0xdf,0xd6,0xcc,0xff,0xdf,0xd6,0xcc,0xff,
    0xdf,0xd6,0xcc,0xff,0xdf,0xd6,0xcc,0xff,0xdf,0xd6,0xcc,0xff,0xdf,0xd6,0xcc,0xff,
    0xdf,0xd6,0xcc,0xff,0xdf,0xd7,0xcb,0xff,0xdf,0xd7,0xca,0xff,0xdf,0xd7,0xca,0xff,
    0xdf,0xd7,0xca,0xff,0xdb,0xd8,0xc8,0xff,0xdc,0xdc,0xc6,0xff,0xe6,0xe3,0xc9,0xff,
    0xe7,0xde,0xc7,0xff,0xe5,0xde,0xc7,0xff,0xe4,0xdf,0xce,0xff,0xde,0xd5,0xce,0xff,
    0xe8,0xda,0xd1,0xff,0xd4,0xc9,0xae,0xff,0x76,0x78,0x25,0xff,0x7e,0x77,0x2a,0xff,
    0x7c,0x7c,0x21,0xff,0x79,0x76,0x29,0xff,0x75,0x7b,0x26,0xff,0x7c,0x7b,0x2b,0xff,
    0x81,0x7d,0x2f,0xff,0x22,0x21,0x12,0xff,0xff,0xff,0xff,0x00,0xff,0xff,0xff,0x00,
    0xff,0xff,0xff,0x00,0xff,0xff,0xff,0x00,0xff,0xff,0xff,0x00,0xff,0xff,0xff,0x00,
    0xff,0xff,0xff,0x00,0xff,0xff,0xff,0x00,0xff,0xff,0xff,0x00,0xff,0xff,0xff,0x00,
    0xff,0xff,0xff,0x00,0xff,0xff,0xff,0x00,0xff,0xff,0xff,0x00,0xff,0xff,0xff,0x00,
    0xff,0xff,0xff,0x00,0xff,0xff,0xff,0x00,0xff,0xff,0xff,0x00,0xff,0xff,0xff,0x00,
    0xff,0xff,0xff,0x00,0xff,0xff,0xff,0x00,0xff,0xff,0xff,0x00,0xff,0xff,0xff,0x00,
    0xff,0xff,0xff,0x00,0xff,0xff,0xff,0x00,0xff,0xff,0xff,0x00,0xff,0xff,0xff,0x00,
    0xff,0xff,0xff,0x00,0xff,0xff,0xff,0x00,0xff,0xff,0xff,0x00,0xff,0xff,0xff,0x00,
    0xff,0xff,0xff,0x00,0xff,0xff,0xff,0x00,0xff,0xff,0xff,0x00,0xff,0xff,0xff,0x00,
    0xff,0xff,0xff,0x00,0xff,0xff,0xff,0x00,0xff,0xff,0xff,0x00,0xff,0xff,0xff,0x00,
    0xff,0xff,0xff,0x00,0xff,0xff,0xff,0x00,0xff,0xff,0xff,0x00,0xff,0xff,0xff,0x00,
    0xff,0xff,0xff,0x00,0xff,0xff,0xff,0x00,0xff,0xff,0xff,0x00,0x47,0x43,0x25,0xff,
    0x9b,0x98,0x43,0xff,0x91,0x8e,0x3c,0xff,0x91,0x8e,0x3d,0xff,0x91,0x8e,0x3d,0xff,
    0x8f,0x8e,0x3d,0xff,0x8e,0x8a,0x35,0xff,0x9a,0x95,0x55,0xff,0xed,0xee,0xda,0xff,
    0xf9,0xef,0xe7,0xff,0xf6,0xec,0xe2,0xff,0xf2,0xeb,0xe5,0xff,0xf3,0xec,0xe8,0xff,
    0xf4,0xeb,0xea,0xff,0xf1,0xec,0xe5,0xff,0xf3,0xf0,0xda,0xff,0xf4,0xec,0xe1,0xff,
    0xf3,0xec,0xe3,0xff,0xf3,0xed,0xe2,0xff,0xf3,0xed,0xe2,0xff,0xf3,0xed,0xe2,0xff,
    0xf3,0xed,0xe2,0xff,0xf3,0xed,0xe2,0xff,0xf3,0xed,0xe2,0xff,0xf3,0xed,0xe2,0xff,
    0xf3,0xed,0xe2,0xff,0xf3,0xed,0xe2,0xff,0xf3,0xed,0xe2,0xff,0xf2,0xec,0xe1,0xff,
    0xf2,0xed,0xdf,0xff,0xf3,0xf0,0xdc,0xff,0xf4,0xe9,0xe6,0xff,0xf5,0xef,0xe2,0xff,
    0xf8,0xf8,0xe1,0xff,0x9f,0x99,0x64,0xff,0x5b,0x57,0x05,0xff,0x65,0x62,0x03,0xff,
    0x65,0x5c,0x05,0xff,0x55,0x50,0x00,0xff,0x55,0x4f,0x08,0xff,0xac,0xa1,0x7f,0xff,
    0xe3,0xe4,0xcc,0xff,0xdc,0xd8,0xc7,0xff,0xdf,0xd7,0xcb,0xff,0xdf,0xd7,0xca,0xff,
    0xdf,0xd7,0xca,0xff,0xdf,0xd6,0xcc,0xff,0xdf,0xd6,0xcc,0xff,0xdf,0xd6,0xcc,0xff,
    0xdf,0xd6,0xcc,0xff,0xdf,0xd6,0xcc,0xff,0xdf,0xd6,0xcc,0xff,0xdf,0xd6,0xcc,0xff,
    0xdf,0xd6,0xcc,0xff,0xdf,0xd7,0xcb,0xff,0xdf,0xd7,0xca,0xff,0xdf,0xd7,0xca,0xff,
    0xdf,0xd7,0xca,0xff,0xde,0xd9,0xc7,0xff,0xde,0xd8,0xc8,0xff,0xe0,0xd7,0xcd,0xff,
    0xe3,0xd8,0xce,0xff,0xe1,0xd9,0xca,0xff,0xe0,0xd7,0xc9,0xff,0xe0,0xd6,0xcc,0xff,
    0xe3,0xdc,0xd3,0xff,0xc8,0xc4,0xa8,0xff,0x74,0x77,0x21,0xff,0x7d,0x76,0x29,0xff,
    0x7c,0x7b,0x23,0xff,0x7b,0x77,0x2d,0xff,0x75,0x7b,0x26,0xff,0x7a,0x79,0x27,0xff,
    0x80,0x7a,0x31,0xff,0x1f,0x1c,0x12,0xff,0xff,0xff,0xff,0x00,0xff,0xff,0xff,0x00,
    0xff,0xff,0xff,0x00,0xff,0xff,0xff,0x00,0xff,0xff,0xff,0x00,0xff,0xff,0xff,0x00,
    0xff,0xff,0xff,0x00,0xff,0xff,0xff,0x00,0xff,0xff,0xff,0x00,0xff,0xff,0xff,0x00,
    0xff,0xff,0xff,0x00,0xff,0xff,0xff,0x00,0xff,0xff,0xff,0x00,0xff,0xff,0xff,0x00,
    0xff,0xff,0xff,0x00,0xff,0xff,0xff,0x00,0xff,0xff,0xff,0x00,0xff,0xff,0xff,0x00,
    0xff,0xff,0xff,0x00,0xff,0xff,0xff,0x00,0xff,0xff,0xff,0x00,0xff,0xff,0xff,0x00,
    0xff,0xff,0xff,0x00,0xff,0xff,0xff,0x00,0xff,0xff,0xff,0x00,0xff,0xff,0xff,0x00,
    0xff,0xff,0xff,0x00,0xff,0xff,0xff,0x00,0xff,0xff,0xff,0x00,0xff,0xff,0xff,0x00,
    0xff,0xff,0xff,0x00,0xff,0xff,0xff,0x00,0xff,0xff,0xff,0x00,0xff,0xff,0xff,0x00,
    0xff,0xff,0xff,0x00,0xff,0xff,0xff,0x00,0xff,0xff,0xff,0x00,0xff,0xff,0xff,0x00,
    0xff,0xff,0xff,0x00,0xff,0xff,0xff,0x00,0xff,0xff,0xff,0x00,0xff,0xff,0xff,0x00,
    0xff,0xff,0xff,0x00,0xff,0xff,0xff,0x00,0xff,0xff,0xff,0x00,0x3b,0x3a,0x1c,0xff,
    0xa1,0x9b,0x44,0xff,0x94,0x91,0x3e,0xff,0x93,0x90,0x3f,0xff,0x91,0x8e,0x3d,0xff,
    0x91,0x8f,0x3c,0xff,0x8f,0x8d,0x37,0xff,0x93,0x91,0x42,0xff,0xeb,0xe1,0xd4,0xff,
    0xf9,0xf2,0xe6,0xff,0xf5,0xee,0xde,0xff,0xf3,0xed,0xe0,0xff,0xf2,0xed,0xe0,0xff,
    0xf2,0xec,0xe0,0xff,0xf2,0xed,0xe3,0xff,0xf3,0xee,0xdf,0xff,0xf4,0xed,0xe2,0xff,
    0xf3,0xed,0xe2,0xff,0xf3,0xed,0xe2,0xff,0xf3,0xed,0xe2,0xff,0xf3,0xed,0xe2,0xff,
    0xf3,0xed,0xe2,0xff,0xf3,0xed,0xe2,0xff,0xf3,0xed,0xe2,0xff,0xf3,0xed,0xe2,0xff,
    0xf3,0xed,0xe2,0xff,0xf3,0xed,0xe2,0xff,0xf3,0xed,0xe2,0xff,0xf3,0xed,0xe2,0xff,
    0xf3,0xed,0xe1,0xff,0xf3,0xee,0xdf,0xff,0xf4,0xec,0xe3,0xff,0xf2,0xec,0xe0,0xff,
    0xf4,0xef,0xe5,0xff,0xf6,0xf3,0xe4,0xff,0xbd,0xba,0x96,0xff,0x93,0x8d,0x50,0xff,
    0x81,0x77,0x2d,0xff,0x85,0x84,0x48,0xff,0xc0,0xbc,0x98,0xff,0xeb,0xe1,0xd4,0xff,
    0xde,0xd8,0xc9,0xff,0xde,0xd7,0xc8,0xff,0xdf,0xd7,0xca,0xff,0xdf,0xd7,0xca,0xff,
    0xdf,0xd7,0xca,0xff,0xdf,0xd7,0xca,0xff,0xdf,0xd7,0xca,0xff,0xdf,0xd7,0xca,0xff,
    0xdf,0xd7,0xca,0xff,0xdf,0xd7,0xca,0xff,0xdf,0xd7,0xca,0xff,0xdf,0xd7,0xca,0xff,
    0xdf,0xd7,0xca,0xff,0xdf,0xd7,0xca,0xff,0xdf,0xd7,0xca,0xff,0xdf,0xd7,0xca,0xff,
    0xdf,0xd7,0xca,0xff,0xdf,0xd7,0xc9,0xff,0xdf,0xd7,0xca,0xff,0xe0,0xd7,0xcb,0xff,
    0xe0,0xd7,0xcb,0xff,0xe0,0xd7,0xcc,0xff,0xdf,0xd9,0xc6,0xff,0xde,0xd6,0xc9,0xff,
    0xe4,0xdc,0xd8,0xff,0xc2,0xbb,0x98,0xff,0x72,0x6f,0x1e,0xff,0x79,0x79,0x1c,0xff,
    0x7b,0x7b,0x1e,0xff,0x7b,0x7a,0x2a,0xff,0x75,0x7a,0x29,0xff,0x7d,0x78,0x24,0xff,
    0x7c,0x70,0x34,0xff,0x17,0x14,0x0c,0xff,0xff,0xff,0xff,0x00,0xff,0xff,0xff,0x00,
    0xff,0xff,0xff,0x00,0xff,0xff,0xff,0x00,0xff,0xff,0xff,0x00,0xff,0xff,0xff,0x00,
    0xff,0xff,0xff,0x00,0xff,0xff,0xff,0x00,0xff,0xff,0xff,0x00,0xff,0xff,0xff,0x00,
    0xff,0xff,0xff,0x00,0xff,0xff,0xff,0x00,0xff,0xff,0xff,0x00,0xff,0xff,0xff,0x00,
    0xff,0xff,0xff,0x00,0xff,0xff,0xff,0x00,0xff,0xff,0xff,0x00,0xff,0xff,0xff,0x00,
    0xff,0xff,0xff,0x00,0xff,0xff,0xff,0x00,0xff,0xff,0xff,0x00,0xff,0xff,0xff,0x00,
    0xff,0xff,0xff,0x00,0xff,0xff,0xff,0x00,0xff,0xff,0xff,0x00,0xff,0xff,0xff,0x00,
    0xff,0xff,0xff,0x00,0xff,0xff,0xff,0x00,0xff,0xff,0xff,0x00,0xff,0xff,0xff,0x00,
    0xff,0xff,0xff,0x00,0xff,0xff,0xff,0x00,0xff,0xff,0xff,0x00,0xff,0xff,0xff,0x00,
    0xff,0xff,0xff,0x00,0xff,0xff,0xff,0x00,0xff,0xff,0xff,0x00,0xff,0xff,0xff,0x00,
    0xff,0xff,0xff,0x00,0xff,0xff,0xff,0x00,0xff,0xff,0xff,0x00,0xff,0xff,0xff,0x00,
    0xff,0xff,0xff,0x00,0xff,0xff,0xff,0x00,0xff,0xff,0xff,0x00,0x2c,0x2d,0x16,0xff,
    0x9c,0x95,0x46,0xff,0x96,0x92,0x40,0xff,0x93,0x90,0x3f,0xff,0x91,0x8e,0x3d,0xff,
    0x91,0x8f,0x3b,0xff,0x91,0x8e,0x3b,0xff,0x8b,0x8a,0x36,0xff,0xe1,0xd6,0xc2,0xff,
    0xf8,0xf4,0xe8,0xff,0xf3,0xed,0xe1,0xff,0xf3,0xed,0xe2,0xff,0xf2,0xec,0xe1,0xff,
    0xf2,0xec,0xe1,0xff,0xf3,0xed,0xe2,0xff,0xf3,0xed,0xe3,0xff,0xf3,0xed,0xe2,0xff,
    0xf3,0xed,0xe2,0xff,0xf3,0xed,0xe2,0xff,0xf3,0xed,0xe2,0xff,0xf3,0xed,0xe2,0xff,
    0xf3,0xed,0xe2,0xff,0xf3,0xed,0xe2,0xff,0xf3,0xed,0xe2,0xff,0xf3,0xed,0xe2,0xff,
    0xf3,0xed,0xe2,0xff,0xf3,0xed,0xe2,0xff,0xf3,0xed,0xe2,0xff,0xf3,0xed,0xe2,0xff,
    0xf3,0xed,0xe2,0xff,0xf3,0xed,0xe3,0xff,0xf3,0xed,0xe2,0xff,0xf2,0xec,0xe1,0xff,
    0xf2,0xec,0xe1,0xff,0xf3,0xec,0xe0,0xff,0xff,0xf6,0xec,0xff,0xff,0xf4,0xed,0xff,
    0xf0,0xde,0xd6,0xff,0xea,0xe3,0xcf,0xff,0xe6,0xe1,0xd2,0xff,0xde,0xd6,0xcb,0xff,
    0xdf,0xd8,0xc9,0xff,0xdf,0xd7,0xca,0xff,0xdf,0xd7,0xca,0xff,0xdf,0xd7,0xca,0xff,
    0xdf,0xd7,0xca,0xff,0xdf,0xd7,0xca,0xff,0xdf,0xd7,0xca,0xff,0xdf,0xd7,0xca,0xff,
    0xdf,0xd7,0xca,0xff,0xdf,0xd7,0xca,0xff,0xdf,0xd7,0xca,0xff,0xdf,0xd7,0xca,0xff,
    0xdf,0xd7,0xca,0xff,0xdf,0xd7,0xca,0xff,0xdf,0xd7,0xca,0xff,0xdf,0xd7,0xca,0xff,
    0xdf,0xd7,0xca,0xff,0xdf,0xd7,0xca,0xff,0xdf,0xd7,0xca,0xff,0xdf,0xd7,0xca,0xff,
    0xdf,0xd7,0xca,0xff,0xdf,0xd6,0xcd,0xff,0xdf,0xd9,0xc5,0xff,0xdf,0xd7,0xca,0xff,
    0xe8,0xde,0xd9,0xff,0xb0,0xaa,0x79,0xff,0x70,0x6e,0x17,0xff,0x79,0x7b,0x1b,0xff,
    0x7b,0x78,0x23,0xff,0x7b,0x79,0x2b,0xff,0x74,0x79,0x2a,0xff,0x7f,0x79,0x27,0xff,
    0x75,0x69,0x35,0xff,0x0b,0x0a,0x06,0xff,0xff,0xff,0xff,0x00,0xff,0xff,0xff,0x00,
    0xff,0xff,0xff,0x00,0xff,0xff,0xff,0x00,0xff,0xff,0xff,0x00,0xff,0xff,0xff,0x00,
    0xff,0xff,0xff,0x00,0xff,0xff,0xff,0x00,0xff,0xff,0xff,0x00,0xff,0xff,0xff,0x00,
    0xff,0xff,0xff,0x00,0xff,0xff,0xff,0x00,0xff,0xff,0xff,0x00,0xff,0xff,0xff,0x00,
    0xff,0xff,0xff,0x00,0xff,0xff,0xff,0x00,0xff,0xff,0xff,0x00,0xff,0xff,0xff,0x00,
    0xff,0xff,0xff,0x00,0xff,0xff,0xff,0x00,0xff,0xff,0xff,0x00,0xff,0xff,0xff,0x00,
    0xff,0xff,0xff,0x00,0xff,0xff,0xff,0x00,0xff,0xff,0xff,0x00,0xff,0xff,0xff,0x00,
    0xff,0xff,0xff,0x00,0xff,0xff,0xff,0x00,0xff,0xff,0xff,0x00,0xff,0xff,0xff,0x00,
    0xff,0xff,0xff,0x00,0xff,0xff,0xff,0x00,0xff,0xff,0xff,0x00,0xff,0xff,0xff,0x00,
    0xff,0xff,0xff,0x00,0xff,0xff,0xff,0x00,0xff,0xff,0xff,0x00,0xff,0xff,0xff,0x00,
    0xff,0xff,0xff,0x00,0xff,0xff,0xff,0x00,0xff,0xff,0xff,0x00,0xff,0xff,0xff,0x00,
    0xff,0xff,0xff,0x00,0xff,0xff,0xff,0x00,0xff,0xff,0xff,0x00,0x18,0x1b,0x0d,0xff,
    0x8e,0x88,0x47,0xff,0x94,0x91,0x3e,0xff,0x92,0x8f,0x3e,0xff,0x91,0x8e,0x3d,0xff,
    0x91,0x90,0x39,0xff,0x91,0x8c,0x41,0xff,0x86,0x86,0x31,0xff,0xcc,0xc9,0xa1,0xff,
    0xfc,0xf6,0xed,0xff,0xf3,0xed,0xe1,0xff,0xf3,0xed,0xe2,0xff,0xf3,0xed,0xe2,0xff,
    0xf3,0xed,0xe2,0xff,0xf3,0xed,0xe2,0xff,0xf3,0xed,0xe2,0xff,0xf3,0xed,0xe2,0xff,
    0xf3,0xed,0xe2,0xff,0xf3,0xed,0xe2,0xff,0xf3,0xed,0xe2,0xff,0xf4,0xee,0xe3,0xff,
    0xf4,0xee,0xe3,0xff,0xf3,0xed,0xe2,0xff,0xf3,0xed,0xe2,0xff,0xf3,0xed,0xe2,0xff,
    0xf3,0xed,0xe2,0xff,0xf3,0xed,0xe2,0xff,0xf3,0xed,0xe2,0xff,0xf3,0xed,0xe2,0xff,
    0xf3,0xed,0xe2,0xff,0xf3,0xed,0xe2,0xff,0xf3,0xed,0xe2,0xff,0xf3,0xed,0xe2,0xff,
    0xf3,0xed,0xe2,0xff,0xf7,0xe7,0xe4,0xff,0xf7,0xe8,0xe3,0xff,0xf6,0xec,0xe1,0xff,
    0xe7,0xe1,0xd3,0xff,0xde,0xd4,0xcd,0xff,0xdf,0xd5,0xcd,0xff,0xdf,0xd7,0xca,0xff,
    0xdf,0xd8,0xc9,0xff,0xdf,0xd7,0xca,0xff,0xdf,0xd7,0xca,0xff,0xdf,0xd7,0xca,0xff,
    0xdf,0xd7,0xca,0xff,0xdf,0xd7,0xca,0xff,0xdf,0xd7,0xca,0xff,0xdf,0xd7,0xca,0xff,
    0xdf,0xd7,0xca,0xff,0xdf,0xd7,0xca,0xff,0xdf,0xd7,0xca,0xff,0xdf,0xd7,0xca,0xff,
    0xdf,0xd7,0xca,0xff,0xdf,0xd7,0xca,0xff,0xdf,0xd7,0xca,0xff,0xdf,0xd7,0xca,0xff,
    0xdf,0xd7,0xca,0xff,0xdf,0xd7,0xca,0xff,0xdf,0xd7,0xca,0xff,0xdf,0xd7,0xca,0xff,
    0xdf,0xd7,0xca,0xff,0xdf,0xd7,0xca,0xff,0xdf,0xd9,0xc6,0xff,0xe1,0xd7,0xcd,0xff,
    0xe8,0xe1,0xd5,0xff,0x98,0x99,0x58,0xff,0x71,0x71,0x13,0xff,0x7a,0x79,0x21,0xff,
    0x7c,0x77,0x2a,0xff,0x7b,0x78,0x2b,0xff,0x75,0x7a,0x29,0xff,0x82,0x7f,0x2e,0xff,
    0x66,0x5f,0x31,0xff,0xff,0xff,0xff,0x00,0xff,0xff,0xff,0x00,0xff,0xff,0xff,0x00,
    0xff,0xff,0xff,0x00,0xff,0xff,0xff,0x00,0xff,0xff,0xff,0x00,0xff,0xff,0xff,0x00,
    0xff,0xff,0xff,0x00,0xff,0xff,0xff,0x00,0xff,0xff,0xff,0x00,0xff,0xff,0xff,0x00,
    0xff,0xff,0xff,0x00,0xff,0xff,0xff,0x00,0xff,0xff,0xff,0x00,0xff,0xff,0xff,0x00,
    0xff,0xff,0xff,0x00,0xff,0xff,0xff,0x00,0xff,0xff,0xff,0x00,0xff,0xff,0xff,0x00,
    0xff,0xff,0xff,0x00,0xff,0xff,0xff,0x00,0xff,0xff,0xff,0x00,0xff,0xff,0xff,0x00,
    0xff,0xff,0xff,0x00,0xff,0xff,0xff,0x00,0xff,0xff,0xff,0x00,0xff,0xff,0xff,0x00,
    0xff,0xff,0xff,0x00,0xff,0xff,0xff,0x00,0xff,0xff,0xff,0x00,0xff,0xff,0xff,0x00,
    0xff,0xff,0xff,0x00,0xff,0xff,0xff,0x00,0xff,0xff,0xff,0x00,0xff,0xff,0xff,0x00,
    0xff,0xff,0xff,0x00,0xff,0xff,0xff,0x00,0xff,0xff,0xff,0x00,0xff,0xff,0xff,0x00,
    0xff,0xff,0xff,0x00,0xff,0xff,0xff,0x00,0xff,0xff,0xff,0x00,0xff,0xff,0xff,0x00,
    0xff,0xff,0xff,0x00,0xff,0xff,0xff,0x00,0xff,0xff,0xff,0x00,0x06,0x09,0x05,0xff,
    0x7e,0x78,0x43,0xff,0x96,0x93,0x3f,0xff,0x91,0x8e,0x3d,0xff,0x91,0x8e,0x3e,0xff,
    0x91,0x91,0x38,0xff,0x92,0x8a,0x45,0xff,0x86,0x85,0x30,0xff,0xb2,0xb4,0x7b,0xff,
    0xfc,0xf6,0xf1,0xff,0xf3,0xed,0xe2,0xff,0xf3,0xed,0xe2,0xff,0xf3,0xed,0xe2,0xff,
    0xf3,0xed,0xe2,0xff,0xf3,0xed,0xe2,0xff,0xf3,0xed,0xe2,0xff,0xf3,0xed,0xe2,0xff,
    0xf3,0xed,0xe2,0xff,0xf3,0xed,0xe2,0xff,0xf3,0xed,0xe2,0xff,0xf5,0xef,0xe4,0xff,
    0xf5,0xef,0xe4,0xff,0xf3,0xed,0xe2,0xff,0xf3,0xed,0xe2,0xff,0xf3,0xed,0xe2,0xff,
    0xf3,0xed,0xe2,0xff,0xf3,0xed,0xe2,0xff,0xf3,0xed,0xe2,0xff,0xf3,0xed,0xe2,0xff,
    0xf3,0xed,0xe2,0xff,0xf3,0xed,0xe2,0xff,0xf3,0xed,0xe2,0xff,0xf3,0xed,0xe2,0xff,
    0xf3,0xed,0xe2,0xff,0xf3,0xeb,0xe3,0xff,0xf3,0xeb,0xe1,0xff,0xf4,0xec,0xdf,0xff,
    0xe7,0xe0,0xd1,0xff,0xdd,0xd5,0xc9,0xff,0xdf,0xd9,0xc6,0xff,0xdf,0xd9,0xc5,0xff,
    0xdf,0xd6,0xcc,0xff,0xdf,0xd6,0xcb,0xff,0xdf,0xd7,0xca,0xff,0xdf,0xd7,0xca,0xff,
    0xdf,0xd7,0xca,0xff,0xdf,0xd7,0xca,0xff,0xdf,0xd7,0xca,0xff,0xdf,0xd7,0xca,0xff,
    0xdf,0xd7,0xca,0xff,0xdf,0xd7,0xca,0xff,0xdf,0xd7,0xca,0xff,0xdf,0xd7,0xca,0xff,
    0xdf,0xd7,0xca,0xff,0xdf,0xd7,0xca,0xff,0xdf,0xd7,0xca,0xff,0xdf,0xd7,0xca,0xff,
    0xdf,0xd7,0xca,0xff,0xdf,0xd7,0xca,0xff,0xdf,0xd7,0xca,0xff,0xdf,0xd7,0xca,0xff,
    0xdf,0xd7,0xca,0xff,0xdf,0xd7,0xc9,0xff,0xdf,0xd9,0xc7,0xff,0xe0,0xd6,0xcf,0xff,
    0xe0,0xdb,0xca,0xff,0x84,0x86,0x41,0xff,0x74,0x72,0x18,0xff,0x79,0x77,0x24,0xff,
    0x7a,0x77,0x25,0xff,0x7d,0x7a,0x26,0xff,0x77,0x7b,0x2a,0xff,0x84,0x82,0x32,0xff,
    0x56,0x53,0x2a,0xff,0xff,0xff,0xff,0x00,0xff,0xff,0xff,0x00,0xff,0xff,0xff,0x00,
    0xff,0xff,0xff,0x00,0xff,0xff,0xff,0x00,0xff,0xff,0xff,0x00,0xff,0xff,0xff,0x00,
    0xff,0xff,0xff,0x00,0xff,0xff,0xff,0x00,0xff,0xff,0xff,0x00,0xff,0xff,0xff,0x00,
    0xff,0xff,0xff,0x00,0xff,0xff,0xff,0x00,0xff,0xff,0xff,0x00,0xff,0xff,0xff,0x00,
    0xff,0xff,0xff,0x00,0xff,0xff,0xff,0x00,0xff,0xff,0xff,0x00,0xff,0xff,0xff,0x00,
    0xff,0xff,0xff,0x00,0xff,0xff,0xff,0x00,0xff,0xff,0xff,0x00,0xff,0xff,0xff,0x00,
    0xff,0xff,0xff,0x00,0xff,0xff,0xff,0x00,0xff,0xff,0xff,0x00,0xff,0xff,0xff,0x00,
    0xff,0xff,0xff,0x00,0xff,0xff,0xff,0x00,0xff,0xff,0xff,0x00,0xff,0xff,0xff,0x00,
    0xff,0xff,0xff,0x00,0xff,0xff,0xff,0x00,0xff,0xff,0xff,0x00,0xff,0xff,0xff,0x00,
    0xff,0xff,0xff,0x00,0xff,0xff,0xff,0x00,0xff,0xff,0xff,0x00,0xff,0xff,0xff,0x00,
    0xff,0xff,0xff,0x00,0xff,0xff,0xff,0x00,0xff,0xff,0xff,0x00,0xff,0xff,0xff,0x00,
    0xff,0xff,0xff,0x00,0xff,0xff,0xff,0x00,0xff,0xff,0xff,0x00,0xff,0xff,0xff,0x00,
    0x64,0x64,0x38,0xff,0x9d,0x94,0x49,0xff,0x90,0x8d,0x3f,0xff,0x90,0x90,0x3a,0xff,
    0x8f,0x8e,0x3d,0xff,0x90,0x8c,0x40,0xff,0x90,0x89,0x36,0xff,0x99,0x9b,0x59,0xff,
    0xf1,0xf1,0xdf,0xff,0xf4,0xee,0xe4,0xff,0xf3,0xed,0xe0,0xff,0xf3,0xec,0xe3,0xff,
    0xf3,0xeb,0xe4,0xff,0xf3,0xed,0xe2,0xff,0xf3,0xed,0xe2,0xff,0xf3,0xed,0xe2,0xff,
    0xf3,0xed,0xe2,0xff,0xf3,0xed,0xe2,0xff,0xf3,0xed,0xe2,0xff,0xf4,0xee,0xe3,0xff,
    0xf4,0xee,0xe3,0xff,0xf3,0xed,0xe2,0xff,0xf3,0xed,0xe2,0xff,0xf4,0xee,0xe3,0xff,
    0xf4,0xee,0xe3,0xff,0xf3,0xed,0xe2,0xff,0xf3,0xed,0xe2,0xff,0xf3,0xed,0xe2,0xff,
    0xf4,0xee,0xe3,0xff,0xf2,0xec,0xe1,0xff,0xf2,0xec,0xe1,0xff,0xf3,0xed,0xe2,0xff,
    0xf3,0xed,0xe2,0xff,0xf2,0xec,0xdf,0xff,0xf3,0xeb,0xe1,0xff,0xf5,0xeb,0xe4,0xff,
    0xe7,0xdb,0xd7,0xff,0xdd,0xd5,0xc8,0xff,0xdf,0xd8,0xc7,0xff,0xdf,0xd8,0xc8,0xff,
    0xdf,0xd7,0xcb,0xff,0xdf,0xd7,0xcb,0xff,0xdf,0xd7,0xca,0xff,0xdf,0xd7,0xca,0xff,
    0xdf,0xd7,0xca,0xff,0xdf,0xd7,0xca,0xff,0xdf,0xd7,0xca,0xff,0xdf,0xd7,0xca,0xff,
    0xdf,0xd7,0xca,0xff,0xdf,0xd7,0xca,0xff,0xdf,0xd7,0xca,0xff,0xdf,0xd7,0xca,0xff,
    0xdf,0xd7,0xca,0xff,0xdf,0xd7,0xca,0xff,0xdf,0xd7,0xca,0xff,0xdf,0xd7,0xca,0xff,
    0xdf,0xd7,0xca,0xff,0xdf,0xd7,0xca,0xff,0xdf,0xd7,0xca,0xff,0xdf,0xd7,0xca,0xff,
    0xe0,0xd8,0xcb,0xff,0xe1,0xd8,0xca,0xff,0xe0,0xda,0xc7,0xff,0xe3,0xd8,0xd9,0xff,
    0xd1,0xce,0xb2,0xff,0x74,0x78,0x24,0xff,0x78,0x76,0x1e,0xff,0x79,0x77,0x22,0xff,
    0x79,0x78,0x20,0xff,0x78,0x79,0x24,0xff,0x7a,0x76,0x2f,0xff,0x87,0x7d,0x3b,0xff,
    0x3b,0x3b,0x1b,0xff,0xff,0xff,0xff,0x00,0xff,0xff,0xff,0x00,0xff,0xff,0xff,0x00,
    0xff,0xff,0xff,0x00,0xff,0xff,0xff,0x00,0xff,0xff,0xff,0x00,0xff,0xff,0xff,0x00,
    0xff,0xff,0xff,0x00,0xff,0xff,0xff,0x00,0xff,0xff,0xff,0x00,0xff,0xff,0xff,0x00,
    0xff,0xff,0xff,0x00,0xff,0xff,0xff,0x00,0xff,0xff,0xff,0x00,0xff,0xff,0xff,0x00,
    0xff,0xff,0xff,0x00,0xff,0xff,0xff,0x00,0xff,0xff,0xff,0x00,0xff,0xff,0xff,0x00,
    0xff,0xff,0xff,0x00,0xff,0xff,0xff,0x00,0xff,0xff,0xff,0x00,0xff,0xff,0xff,0x00,
    0xff,0xff,0xff,0x00,0xff,0xff,0xff,0x00,0xff,0xff,0xff,0x00,0xff,0xff,0xff,0x00,
    0xff,0xff,0xff,0x00,0xff,0xff,0xff,0x00,0xff,0xff,0xff,0x00,0xff,0xff,0xff,0x00,
    0xff,0xff,0xff,0x00,0xff,0xff,0xff,0x00,0xff,0xff,0xff,0x00,0xff,0xff,0xff,0x00,
    0xff,0xff,0xff,0x00,0xff,0xff,0xff,0x00,0xff,0xff,0xff,0x00,0xff,0xff,0xff,0x00,
    0xff,0xff,0xff,0x00,0xff,0xff,0xff,0x00,0xff,0xff,0xff,0x00,0xff,0xff,0xff,0x00,
    0xff,0xff,0xff,0x00,0xff,0xff,0xff,0x00,0xff,0xff,0xff,0x00,0xff,0xff,0xff,0x00,
    0x46,0x4a,0x26,0xff,0x9c,0x98,0x48,0xff,0x92,0x90,0x3b,0xff,0x91,0x8f,0x3a,0xff,
    0x8e,0x8d,0x3f,0xff,0x8f,0x8d,0x3e,0xff,0x96,0x8d,0x3c,0xff,0x87,0x87,0x3d,0xff,
    0xdc,0xdb,0xbd,0xff,0xfa,0xf3,0xeb,0xff,0xf2,0xec,0xe1,0xff,0xf3,0xed,0xe0,0xff,
    0xf3,0xed,0xe0,0xff,0xf3,0xed,0xe2,0xff,0xf3,0xed,0xe2,0xff,0xf3,0xed,0xe2,0xff,
    0xf3,0xed,0xe2,0xff,0xf3,0xed,0xe2,0xff,0xf3,0xed,0xe2,0xff,0xf3,0xed,0xe2,0xff,
    0xf4,0xee,0xe3,0xff,0xf5,0xef,0xe4,0xff,0xf5,0xef,0xe4,0xff,0xf5,0xef,0xe4,0xff,
    0xf5,0xef,0xe4,0xff,0xf3,0xed,0xe2,0xff,0xf3,0xed,0xe2,0xff,0xf3,0xed,0xe2,0xff,
    0xf4,0xee,0xe3,0xff,0xf4,0xee,0xe3,0xff,0xf4,0xee,0xe3,0xff,0xf3,0xed,0xe2,0xff,
    0xf3,0xed,0xe2,0xff,0xf4,0xeb,0xe1,0xff,0xf4,0xeb,0xe1,0xff,0xf5,0xec,0xe2,0xff,
    0xe6,0xdd,0xd2,0xff,0xdd,0xd5,0xc8,0xff,0xdf,0xd7,0xca,0xff,0xdf,0xd7,0xca,0xff,
    0xdf,0xd7,0xca,0xff,0xdf,0xd7,0xca,0xff,0xdf,0xd7,0xca,0xff,0xdf,0xd7,0xca,0xff,
    0xdf,0xd7,0xca,0xff,0xdf,0xd7,0xca,0xff,0xdf,0xd7,0xca,0xff,0xdf,0xd7,0xca,0xff,
    0xdf,0xd7,0xca,0xff,0xdf,0xd7,0xca,0xff,0xdf,0xd7,0xca,0xff,0xdf,0xd7,0xca,0xff,
    0xdf,0xd7,0xca,0xff,0xdf,0xd7,0xca,0xff,0xdf,0xd7,0xca,0xff,0xdf,0xd7,0xca,0xff,
    0xdf,0xd7,0xca,0xff,0xdf,0xd7,0xca,0xff,0xdf,0xd7,0xca,0xff,0xe0,0xd8,0xcb,0xff,
    0xe1,0xd9,0xcc,0xff,0xe2,0xd9,0xca,0xff,0xe0,0xd9,0xc9,0xff,0xe9,0xdf,0xdb,0xff,
    0xb2,0xaf,0x83,0xff,0x6c,0x70,0x14,0xff,0x79,0x78,0x1f,0xff,0x79,0x78,0x20,0xff,
    0x79,0x78,0x1f,0xff,0x76,0x79,0x22,0xff,0x78,0x77,0x29,0xff,0x7f,0x77,0x3f,0xff,
    0x21,0x20,0x11,0xff,0xff,0xff,0xff,0x00,0xff,0xff,0xff,0x00,0xff,0xff,0xff,0x00,
    0xff,0xff,0xff,0x00,0xff,0xff,0xff,0x00,0xff,0xff,0xff,0x00,0xff,0xff,0xff,0x00,
    0xff,0xff,0xff,0x00,0xff,0xff,0xff,0x00,0xff,0xff,0xff,0x00,0xff,0xff,0xff,0x00,
    0xff,0xff,0xff,0x00,0xff,0xff,0xff,0x00,0xff,0xff,0xff,0x00,0xff,0xff,0xff,0x00,
    0xff,0xff,0xff,0x00,0xff,0xff,0xff,0x00,0xff,0xff,0xff,0x00,0xff,0xff,0xff,0x00,
    0xff,0xff,0xff,0x00,0xff,0xff,0xff,0x00,0xff,0xff,0xff,0x00,0xff,0xff,0xff,0x00,
    0xff,0xff,0xff,0x00,0xff,0xff,0xff,0x00,0xff,0xff,0xff,0x00,0xff,0xff,0xff,0x00,
    0xff,0xff,0xff,0x00,0xff,0xff,0xff,0x00,0xff,0xff,0xff,0x00,0xff,0xff,0xff,0x00,
    0xff,0xff,0xff,0x00,0xff,0xff,0xff,0x00,0xff,0xff,0xff,0x00,0xff,0xff,0xff,0x00,
    0xff,0xff,0xff,0x00,0xff,0xff,0xff,0x00,0xff,0xff,0xff,0x00,0xff,0xff,0xff,0x00,
    0xff,0xff,0xff,0x00,0xff,0xff,0xff,0x00,0xff,0xff,0xff,0x00,0xff,0xff,0xff,0x00,
    0xff,0xff,0xff,0x00,0xff,0xff,0xff,0x00,0xff,0xff,0xff,0x00,0xff,0xff,0xff,0x00,
    0x21,0x23,0x12,0xff,0x8f,0x93,0x46,0xff,0x96,0x95,0x39,0xff,0x95,0x8e,0x43,0xff,
    0x90,0x90,0x3d,0xff,0x91,0x8d,0x3e,0xff,0x93,0x8e,0x3d,0xff,0x86,0x86,0x32,0xff,
    0xc1,0xbe,0x8f,0xff,0xff,0xfa,0xed,0xff,0xf3,0xec,0xe3,0xff,0xf3,0xee,0xe0,0xff,
    0xf3,0xef,0xdc,0xff,0xf3,0xed,0xe2,0xff,0xf3,0xed,0xe2,0xff,0xf3,0xed,0xe2,0xff,
    0xf3,0xed,0xe2,0xff,0xf3,0xed,0xe2,0xff,0xf3,0xed,0xe2,0xff,0xf3,0xed,0xe2,0xff,
    0xf4,0xee,0xe3,0xff,0xf5,0xef,0xe4,0xff,0xf5,0xef,0xe4,0xff,0xf4,0xee,0xe3,0xff,
    0xf3,0xed,0xe2,0xff,0xf3,0xed,0xe2,0xff,0xf3,0xed,0xe2,0xff,0xf3,0xed,0xe2,0xff,
    0xf4,0xee,0xe3,0xff,0xf4,0xee,0xe3,0xff,0xf3,0xed,0xe2,0xff,0xf3,0xed,0xe2,0xff,
    0xf3,0xed,0xe2,0xff,0xf4,0xeb,0xe1,0xff,0xf4,0xeb,0xe1,0xff,0xf6,0xed,0xe3,0xff,
    0xe7,0xde,0xd4,0xff,0xdd,0xd5,0xc9,0xff,0xdf,0xd7,0xca,0xff,0xdf,0xd7,0xca,0xff,
    0xdf,0xd7,0xca,0xff,0xdf,0xd7,0xca,0xff,0xdf,0xd7,0xca,0xff,0xdf,0xd7,0xca,0xff,
    0xdf,0xd7,0xca,0xff,0xdf,0xd7,0xca,0xff,0xdf,0xd7,0xca,0xff,0xdf,0xd7,0xca,0xff,
    0xdf,0xd7,0xca,0xff,0xdf,0xd7,0xca,0xff,0xdf,0xd7,0xca,0xff,0xdf,0xd7,0xca,0xff,
    0xdf,0xd7,0xca,0xff,0xdf,0xd7,0xca,0xff,0xdf,0xd7,0xca,0xff,0xdf,0xd7,0xca,0xff,
    0xdf,0xd7,0xca,0xff,0xdf,0xd7,0xca,0xff,0xdf,0xd7,0xca,0xff,0xdf,0xd7,0xca,0xff,
    0xdf,0xd7,0xca,0xff,0xdf,0xd8,0xc8,0xff,0xe0,0xd7,0xce,0xff,0xe6,0xe0,0xca,0xff,
    0x8f,0x8d,0x49,0xff,0x72,0x71,0x17,0xff,0x79,0x78,0x20,0xff,0x79,0x78,0x20,0xff,
    0x79,0x78,0x20,0xff,0x78,0x79,0x21,0xff,0x7c,0x82,0x26,0xff,0x6d,0x6c,0x39,0xff,
    0x0b,0x07,0x09,0xff,0xff,0xff,0xff,0x00,0xff,0xff,0xff,0x00,0xff,0xff,0xff,0x00,
    0xff,0xff,0xff,0x00,0xff,0xff,0xff,0x00,0xff,0xff,0xff,0x00,0xff,0xff,0xff,0x00,
    0xff,0xff,0xff,0x00,0xff,0xff,0xff,0x00,0xff,0xff,0xff,0x00,0xff,0xff,0xff,0x00,
    0xff,0xff,0xff,0x00,0xff,0xff,0xff,0x00,0xff,0xff,0xff,0x00,0xff,0xff,0xff,0x00,
    0xff,0xff,0xff,0x00,0xff,0xff,0xff,0x00,0xff,0xff,0xff,0x00,0xff,0xff,0xff,0x00,
    0xff,0xff,0xff,0x00,0xff,0xff,0xff,0x00,0xff,0xff,0xff,0x00,0xff,0xff,0xff,0x00,
    0xff,0xff,0xff,0x00,0xff,0xff,0xff,0x00,0xff,0xff,0xff,0x00,0xff,0xff,0xff,0x00,
    0xff,0xff,0xff,0x00,0xff,0xff,0xff,0x00,0xff,0xff,0xff,0x00,0xff,0xff,0xff,0x00,
    0xff,0xff,0xff,0x00,0xff,0xff,0xff,0x00,0xff,0xff,0xff,0x00,0xff,0xff,0xff,0x00,
    0xff,0xff,0xff,0x00,0xff,0xff,0xff,0x00,0xff,0xff,0xff,0x00,0xff,0xff,0xff,0x00,
    0xff,0xff,0xff,0x00,0xff,0xff,0xff,0x00,0xff,0xff,0xff,0x00,0xff,0xff,0xff,0x00,
    0xff,0xff,0xff,0x00,0xff,0xff,0xff,0x00,0xff,0xff,0xff,0x00,0xff,0xff,0xff,0x00,
    0xff,0xff,0xff,0x00,0x76,0x79,0x45,0xff,0x9c,0x98,0x41,0xff,0x96,0x8c,0x4a,0xff,
    0x8f,0x94,0x3a,0xff,0x91,0x8d,0x3e,0xff,0x90,0x8e,0x3e,0xff,0x8f,0x8d,0x32,0xff,
    0x9d,0x98,0x58,0xff,0xf2,0xf3,0xd7,0xff,0xf4,0xed,0xe3,0xff,0xf3,0xeb,0xe5,0xff,
    0xf3,0xee,0xdf,0xff,0xf3,0xed,0xe2,0xff,0xf3,0xed,0xe2,0xff,0xf3,0xed,0xe2,0xff,
    0xf3,0xed,0xe2,0xff,0xf3,0xed,0xe2,0xff,0xf3,0xed,0xe2,0xff,0xf3,0xed,0xe2,0xff,
    0xf4,0xee,0xe3,0xff,0xf5,0xef,0xe4,0xff,0xf5,0xef,0xe4,0xff,0xf4,0xee,0xe3,0xff,
    0xf2,0xec,0xe1,0xff,0xf3,0xed,0xe2,0xff,0xf3,0xed,0xe2,0xff,0xf3,0xed,0xe2,0xff,
    0xf4,0xee,0xe3,0xff,0xf4,0xee,0xe3,0xff,0xf3,0xed,0xe2,0xff,0xf3,0xed,0xe2,0xff,
    0xf3,0xed,0xe2,0xff,0xf4,0xeb,0xe1,0xff,0xf4,0xeb,0xe1,0xff,0xf6,0xed,0xe3,0xff,
    0xe8,0xdf,0xd5,0xff,0xdd,0xd5,0xc9,0xff,0xdf,0xd7,0xca,0xff,0xdf,0xd7,0xca,0xff,
    0xdf,0xd7,0xca,0xff,0xdf,0xd7,0xca,0xff,0xdf,0xd7,0xca,0xff,0xdf,0xd7,0xca,0xff,
    0xdf,0xd7,0xca,0xff,0xdf,0xd7,0xca,0xff,0xdf,0xd7,0xca,0xff,0xdf,0xd7,0xca,0xff,
    0xdf,0xd7,0xca,0xff,0xdf,0xd7,0xca,0xff,0xdf,0xd7,0xca,0xff,0xdf,0xd7,0xca,0xff,
    0xdf,0xd7,0xca,0xff,0xdf,0xd7,0xca,0xff,0xdf,0xd7,0xca,0xff,0xdf,0xd7,0xca,0xff,
    0xdf,0xd7,0xca,0xff,0xdf,0xd7,0xca,0xff,0xdf,0xd7,0xca,0xff,0xdf,0xd7,0xca,0xff,
    0xdf,0xd7,0xca,0xff,0xdf,0xd9,0xc6,0xff,0xe5,0xda,0xd7,0xff,0xcd,0xc9,0xa6,0xff,
    0x76,0x75,0x1d,0xff,0x7b,0x77,0x1c,0xff,0x79,0x78,0x20,0xff,0x79,0x78,0x20,0xff,
    0x79,0x78,0x1f,0xff,0x79,0x76,0x25,0xff,0x7e,0x86,0x29,0xff,0x4d,0x51,0x22,0xff,
    0xff,0xff,0xff,0x00,0xff,0xff,0xff,0x00,0xff,0xff,0xff,0x00,0xff,0xff,0xff,0x00,
    0xff,0xff,0xff,0x00,0xff,0xff,0xff,0x00,0xff,0xff,0xff,0x00,0xff,0xff,0xff,0x00,
    0xff,0xff,0xff,0x00,0xff,0xff,0xff,0x00,0xff,0xff,0xff,0x00,0xff,0xff,0xff,0x00,
    0xff,0xff,0xff,0x00,0xff,0xff,0xff,0x00,0xff,0xff,0xff,0x00,0xff,0xff,0xff,0x00,
    0xff,0xff,0xff,0x00,0xff,0xff,0xff,0x00,0xff,0xff,0xff,0x00,0xff,0xff,0xff,0x00,
    0xff,0xff,0xff,0x00,0xff,0xff,0xff,0x00,0xff,0xff,0xff,0x00,0xff,0xff,0xff,0x00,
    0xff,0xff,0xff,0x00,0xff,0xff,0xff,0x00,0xff,0xff,0xff,0x00,0xff,0xff,0xff,0x00,
    0xff,0xff,0xff,0x00,0xff,0xff,0xff,0x00,0xff,0xff,0xff,0x00,0xff,0xff,0xff,0x00,
    0xff,0xff,0xff,0x00,0xff,0xff,0xff,0x00,0xff,0xff,0xff,0x00,0xff,0xff,0xff,0x00,
    0xff,0xff,0xff,0x00,0xff,0xff,0xff,0x00,0xff,0xff,0xff,0x00,0xff,0xff,0xff,0x00,
    0xff,0xff,0xff,0x00,0xff,0xff,0xff,0x00,0xff,0xff,0xff,0x00,0xff,0xff,0xff,0x00,
    0xff,0xff,0xff,0x00,0xff,0xff,0xff,0x00,0xff,0xff,0xff,0x00,0xff,0xff,0xff,0x00,
    0xff,0xff,0xff,0x00,0x4e,0x53,0x2e,0xff,0x9f,0x9d,0x45,0xff,0x97,0x8e,0x45,0xff,
    0x91,0x93,0x3c,0xff,0x93,0x90,0x3f,0xff,0x92,0x90,0x3f,0xff,0x93,0x90,0x3a,0xff,
    0x89,0x84,0x37,0xff,0xd4,0xcf,0xa9,0xff,0xfb,0xf9,0xee,0xff,0xf1,0xef,0xe0,0xff,
    0xf8,0xea,0xe8,0xff,0xf3,0xec,0xe3,0xff,0xf3,0xed,0xe2,0xff,0xf3,0xed,0xe2,0xff,
    0xf3,0xed,0xe2,0xff,0xf3,0xed,0xe2,0xff,0xf3,0xed,0xe2,0xff,0xf3,0xed,0xe2,0xff,
    0xf4,0xee,0xe3,0xff,0xf5,0xef,0xe4,0xff,0xf5,0xef,0xe4,0xff,0xf3,0xed,0xe2,0xff,
    0xf3,0xed,0xe2,0xff,0xf3,0xed,0xe2,0xff,0xf3,0xed,0xe2,0xff,0xf3,0xed,0xe2,0xff,
    0xf3,0xed,0xe2,0xff,0xf3,0xed,0xe2,0xff,0xf3,0xed,0xe2,0xff,0xf2,0xec,0xe1,0xff,
    0xf2,0xec,0xe1,0xff,0xf4,0xeb,0xe1,0xff,0xf4,0xeb,0xe1,0xff,0xf6,0xed,0xe3,0xff,
    0xe8,0xdf,0xd5,0xff,0xdd,0xd5,0xc9,0xff,0xdf,0xd7,0xca,0xff,0xdf,0xd7,0xca,0xff,
    0xdf,0xd7,0xca,0xff,0xdf,0xd7,0xca,0xff,0xdf,0xd7,0xca,0xff,0xdf,0xd7,0xca,0xff,
    0xdf,0xd7,0xca,0xff,0xdf,0xd7,0xca,0xff,0xdf,0xd7,0xca,0xff,0xdf,0xd7,0xca,0xff,
    0xdf,0xd7,0xca,0xff,0xdf,0xd7,0xca,0xff,0xdf,0xd7,0xca,0xff,0xdf,0xd7,0xca,0xff,
    0xdf,0xd7,0xca,0xff,0xdf,0xd7,0xca,0xff,0xdf,0xd7,0xca,0xff,0xdf,0xd7,0xca,0xff,
    0xdf,0xd7,0xca,0xff,0xdf,0xd7,0xca,0xff,0xdf,0xd7,0xca,0xff,0xdf,0xd7,0xca,0xff,
    0xdf,0xd7,0xca,0xff,0xdb,0xda,0xc3,0xff,0xea,0xe2,0xd7,0xff,0xa5,0x9e,0x6e,0xff,
    0x70,0x70,0x11,0xff,0x7b,0x78,0x20,0xff,0x79,0x78,0x20,0xff,0x79,0x78,0x20,0xff,
    0x79,0x78,0x1f,0xff,0x7a,0x76,0x25,0xff,0x7d,0x80,0x30,0xff,0x2a,0x2e,0x10,0xff,
    0xff,0xff,0xff,0x00,0xff,0xff,0xff,0x00,0xff,0xff,0xff,0x00,0xff,0xff,0xff,0x00,
    0xff,0xff,0xff,0x00,0xff,0xff,0xff,0x00,0xff,0xff,0xff,0x00,0xff,0xff,0xff,0x00,
    0xff,0xff,0xff,0x00,0xff,0xff,0xff,0x00,0xff,0xff,0xff,0x00,0xff,0xff,0xff,0x00,
    0xff,0xff,0xff,0x00,0xff,0xff,0xff,0x00,0xff,0xff,0xff,0x00,0xff,0xff,0xff,0x00,
    0xff,0xff,0xff,0x00,0xff,0xff,0xff,0x00,0xff,0xff,0xff,0x00,0xff,0xff,0xff,0x00,
    0xff,0xff,0xff,0x00,0xff,0xff,0xff,0x00,0xff,0xff,0xff,0x00,0xff,0xff,0xff,0x00,
    0xff,0xff,0xff,0x00,0xff,0xff,0xff,0x00,0xff,0xff,0xff,0x00,0xff,0xff,0xff,0x00,
    0xff,0xff,0xff,0x00,0xff,0xff,0xff,0x00,0xff,0xff,0xff,0x00,0xff,0xff,0xff,0x00,
    0xff,0xff,0xff,0x00,0xff,0xff,0xff,0x00,0xff,0xff,0xff,0x00,0xff,0xff,0xff,0x00,
    0xff,0xff,0xff,0x00,0xff,0xff,0xff,0x00,0xff,0xff,0xff,0x00,0xff,0xff,0xff,0x00,
    0xff,0xff,0xff,0x00,0xff,0xff,0xff,0x00,0xff,0xff,0xff,0x00,0xff,0xff,0xff,0x00,
    0xff,0xff,0xff,0x00,0xff,0xff,0xff,0x00,0xff,0xff,0xff,0x00,0xff,0xff,0xff,0x00,
    0xff,0xff,0xff,0x00,0x22,0x25,0x12,0xff,0x93,0x92,0x47,0xff,0x97,0x92,0x3f,0xff,
    0x93,0x94,0x3b,0xff,0x94,0x92,0x40,0xff,0x93,0x90,0x3f,0xff,0x91,0x8d,0x3d,0xff,
    0x8c,0x89,0x33,0xff,0xa5,0x9f,0x62,0xff,0xf7,0xf4,0xe8,0xff,0xf3,0xf1,0xe5,0xff,
    0xf9,0xeb,0xe7,0xff,0xf3,0xed,0xe2,0xff,0xf3,0xed,0xe2,0xff,0xf3,0xed,0xe2,0xff,
    0xf3,0xed,0xe2,0xff,0xf3,0xed,0xe2,0xff,0xf3,0xed,0xe2,0xff,0xf3,0xed,0xe2,0xff,
    0xf4,0xee,0xe3,0xff,0xf5,0xef,0xe4,0xff,0xf5,0xef,0xe4,0xff,0xf3,0xed,0xe2,0xff,
    0xf3,0xed,0xe2,0xff,0xf3,0xed,0xe2,0xff,0xf3,0xed,0xe2,0xff,0xf3,0xed,0xe2,0xff,
    0xf3,0xed,0xe2,0xff,0xf3,0xed,0xe2,0xff,0xf3,0xed,0xe2,0xff,0xf2,0xec,0xe1,0xff,
    0xf2,0xec,0xe1,0xff,0xf4,0xeb,0xe1,0xff,0xf4,0xeb,0xe1,0xff,0xf6,0xed,0xe3,0xff,
    0xe8,0xdf,0xd5,0xff,0xdd,0xd5,0xc9,0xff,0xdf,0xd7,0xca,0xff,0xdf,0xd7,0xca,0xff,
    0xdf,0xd7,0xca,0xff,0xdf,0xd7,0xca,0xff,0xdf,0xd7,0xca,0xff,0xdf,0xd7,0xca,0xff,
    0xdf,0xd7,0xca,0xff,0xdf,0xd7,0xca,0xff,0xdf,0xd7,0xca,0xff,0xdf,0xd7,0xca,0xff,
    0xdf,0xd7,0xca,0xff,0xdf,0xd7,0xca,0xff,0xdf,0xd7,0xca,0xff,0xdf,0xd7,0xca,0xff,
    0xdf,0xd7,0xca,0xff,0xdf,0xd7,0xca,0xff,0xdf,0xd7,0xca,0xff,0xdf,0xd7,0xca,0xff,
    0xdf,0xd7,0xca,0xff,0xdf,0xd7,0xca,0xff,0xdf,0xd7,0xca,0xff,0xdf,0xd7,0xca,0xff,
    0xdf,0xd7,0xca,0xff,0xe1,0xdd,0xcf,0xff,0xd6,0xd0,0xb6,0xff,0x7b,0x78,0x2c,0xff,
    0x77,0x78,0x18,0xff,0x79,0x77,0x23,0xff,0x79,0x78,0x20,0xff,0x79,0x78,0x20,0xff,
    0x79,0x78,0x20,0xff,0x7c,0x7d,0x1e,0xff,0x6f,0x70,0x2d,0xff,0x0d,0x0a,0x06,0xff,
    0xff,0xff,0xff,0x00,0xff,0xff,0xff,0x00,0xff,0xff,0xff,0x00,0xff,0xff,0xff,0x00,
    0xff,0xff,0xff,0x00,0xff,0xff,0xff,0x00,0xff,0xff,0xff,0x00,0xff,0xff,0xff,0x00,
    0xff,0xff,0xff,0x00,0xff,0xff,0xff,0x00,0xff,0xff,0xff,0x00,0xff,0xff,0xff,0x00,
    0xff,0xff,0xff,0x00,0xff,0xff,0xff,0x00,0xff,0xff,0xff,0x00,0xff,0xff,0xff,0x00,
    0xff,0xff,0xff,0x00,0xff,0xff,0xff,0x00,0xff,0xff,0xff,0x00,0xff,0xff,0xff,0x00,
    0xff,0xff,0xff,0x00,0xff,0xff,0xff,0x00,0xff,0xff,0xff,0x00,0xff,0xff,0xff,0x00,
    0xff,0xff,0xff,0x00,0xff,0xff,0xff,0x00,0xff,0xff,0xff,0x00,0xff,0xff,0xff,0x00,
    0xff,0xff,0xff,0x00,0xff,0xff,0xff,0x00,0xff,0xff,0xff,0x00,0xff,0xff,0xff,0x00,
    0xff,0xff,0xff,0x00,0xff,0xff,0xff,0x00,0xff,0xff,0xff,0x00,0xff,0xff,0xff,0x00,
    0xff,0xff,0xff,0x00,0xff,0xff,0xff,0x00,0xff,0xff,0xff,0x00,0xff,0xff,0xff,0x00,
    0xff,0xff,0xff,0x00,0xff,0xff,0xff,0x00,0xff,0xff,0xff,0x00,0xff,0xff,0xff,0x00,
    0xff,0xff,0xff,0x00,0xff,0xff,0xff,0x00,0xff,0xff,0xff,0x00,0xff,0xff,0xff,0x00,
    0xff,0xff,0xff,0x00,0xff,0xff,0xff,0x00,0x70,0x6d,0x42,0xff,0x98,0x9a,0x44,0xff,
    0x91,0x93,0x38,0xff,0x92,0x8f,0x3e,0xff,0x92,0x8f,0x3e,0xff,0x91,0x8e,0x3d,0xff,
    0x93,0x90,0x39,0xff,0x89,0x87,0x33,0xff,0xd3,0xce,0xae,0xff,0xfe,0xf7,0xf2,0xff,
    0xf3,0xee,0xe2,0xff,0xf3,0xed,0xe2,0xff,0xf3,0xed,0xe2,0xff,0xf3,0xed,0xe2,0xff,
    0xf3,0xed,0xe2,0xff,0xf3,0xed,0xe2,0xff,0xf3,0xed,0xe2,0xff,0xf3,0xed,0xe2,0xff,
    0xf3,0xed,0xe2,0xff,0xf4,0xee,0xe3,0xff,0xf4,0xee,0xe3,0xff,0xf4,0xee,0xe3,0xff,
    0xf4,0xee,0xe3,0xff,0xf3,0xed,0xe2,0xff,0xf3,0xed,0xe2,0xff,0xf3,0xed,0xe2,0xff,
    0xf3,0xed,0xe2,0xff,0xf3,0xed,0xe2,0xff,0xf3,0xed,0xe2,0xff,0xf2,0xec,0xe1,0xff,
    0xf2,0xec,0xe1,0xff,0xf4,0xeb,0xe1,0xff,0xf4,0xeb,0xe1,0xff,0xf6,0xed,0xe3,0xff,
    0xe8,0xdf,0xd5,0xff,0xdd,0xd5,0xc9,0xff,0xdf,0xd7,0xca,0xff,0xdf,0xd7,0xca,0xff,
    0xdf,0xd7,0xca,0xff,0xdf,0xd7,0xca,0xff,0xdf,0xd7,0xca,0xff,0xdf,0xd7,0xca,0xff,
    0xdf,0xd7,0xca,0xff,0xdf,0xd7,0xca,0xff,0xdf,0xd7,0xca,0xff,0xdf,0xd7,0xca,0xff,
    0xdf,0xd7,0xca,0xff,0xdf,0xd7,0xca,0xff,0xdf,0xd7,0xca,0xff,0xdf,0xd7,0xca,0xff,
    0xdf,0xd7,0xca,0xff,0xdf,0xd7,0xca,0xff,0xdf,0xd7,0xca,0xff,0xdf,0xd7,0xca,0xff,
    0xdf,0xd7,0xca,0xff,0xdf,0xd7,0xca,0xff,0xdf,0xd7,0xca,0xff,0xdf,0xd7,0xca,0xff,
    0xdf,0xd7,0xcb,0xff,0xec,0xe3,0xd6,0xff,0xa3,0x9f,0x6b,0xff,0x6f,0x71,0x0f,0xff,
    0x79,0x7a,0x1e,0xff,0x78,0x77,0x22,0xff,0x79,0x78,0x20,0xff,0x79,0x78,0x20,0xff,
    0x79,0x78,0x20,0xff,0x7f,0x84,0x23,0xff,0x47,0x47,0x1b,0xff,0xff,0xff,0xff,0x00,
    0xff,0xff,0xff,0x00,0xff,0xff,0xff,0x00,0xff,0xff,0xff,0x00,0xff,0xff,0xff,0x00,
    0xff,0xff,0xff,0x00,0xff,0xff,0xff,0x00,0xff,0xff,0xff,0x00,0xff,0xff,0xff,0x00,
    0xff,0xff,0xff,0x00,0xff,0xff,0xff,0x00,0xff,0xff,0xff,0x00,0xff,0xff,0xff,0x00,
    0xff,0xff,0xff,0x00,0xff,0xff,0xff,0x00,0xff,0xff,0xff,0x00,0xff,0xff,0xff,0x00,
    0xff,0xff,0xff,0x00,0xff,0xff,0xff,0x00,0xff,0xff,0xff,0x00,0xff,0xff,0xff,0x00,
    0xff,0xff,0xff,0x00,0xff,0xff,0xff,0x00,0xff,0xff,0xff,0x00,0xff,0xff,0xff,0x00,
    0xff,0xff,0xff,0x00,0xff,0xff,0xff,0x00,0xff,0xff,0xff,0x00,0xff,0xff,0xff,0x00,
    0xff,0xff,0xff,0x00,0xff,0xff,0xff,0x00,0xff,0xff,0xff,0x00,0xff,0xff,0xff,0x00,
    0xff,0xff,0xff,0x00,0xff,0xff,0xff,0x00,0xff,0xff,0xff,0x00,0xff,0xff,0xff,0x00,
    0xff,0xff,0xff,0x00,0xff,0xff,0xff,0x00,0xff,0xff,0xff,0x00,0xff,0xff,0xff,0x00,
    0xff,0xff,0xff,0x00,0xff,0xff,0xff,0x00,0xff,0xff,0xff,0x00,0xff,0xff,0xff,0x00,
    0xff,0xff,0xff,0x00,0xff,0xff,0xff,0x00,0xff,0xff,0xff,0x00,0xff,0xff,0xff,0x00,
    0xff,0xff,0xff,0x00,0xff,0xff,0xff,0x00,0x3a,0x37,0x22,0xff,0x96,0x99,0x49,0xff,
    0x93,0x8f,0x3f,0xff,0x90,0x8e,0x3d,0xff,0x91,0x8e,0x3d,0xff,0x91,0x8e,0x3d,0xff,
    0x92,0x8b,0x41,0xff,0x91,0x89,0x3a,0xff,0x9c,0x9d,0x52,0xff,0xf3,0xf0,0xdc,0xff,
    0xf3,0xf1,0xe7,0xff,0xf3,0xed,0xe2,0xff,0xf3,0xed,0xe2,0xff,0xf3,0xed,0xe2,0xff,
    0xf3,0xed,0xe2,0xff,0xf3,0xed,0xe2,0xff,0xf3,0xed,0xe2,0xff,0xf3,0xed,0xe2,0xff,
    0xf3,0xed,0xe2,0xff,0xf3,0xed,0xe2,0xff,0xf3,0xed,0xe2,0xff,0xf5,0xef,0xe4,0xff,
    0xf5,0xef,0xe4,0xff,0xf3,0xed,0xe2,0xff,0xf3,0xed,0xe2,0xff,0xf3,0xed,0xe2,0xff,
    0xf3,0xed,0xe2,0xff,0xf3,0xed,0xe2,0xff,0xf3,0xed,0xe2,0xff,0xf2,0xec,0xe1,0xff,
    0xf2,0xec,0xe1,0xff,0xf4,0xeb,0xe1,0xff,0xf4,0xeb,0xe1,0xff,0xf6,0xed,0xe3,0xff,
    0xe8,0xdf,0xd5,0xff,0xdd,0xd5,0xc9,0xff,0xdf,0xd7,0xca,0xff,0xdf,0xd7,0xca,0xff,
    0xdf,0xd7,0xca,0xff,0xdf,0xd7,0xca,0xff,0xdf,0xd7,0xca,0xff,0xdf,0xd7,0xca,0xff,
    0xdf,0xd7,0xca,0xff,0xdf,0xd7,0xca,0xff,0xdf,0xd7,0xca,0xff,0xdf,0xd7,0xca,0xff,
    0xdf,0xd7,0xca,0xff,0xdf,0xd7,0xca,0xff,0xdf,0xd7,0xca,0xff,0xdf,0xd7,0xca,0xff,
    0xdf,0xd7,0xca,0xff,0xdf,0xd7,0xca,0xff,0xdf,0xd7,0xca,0xff,0xdf,0xd7,0xca,0xff,
    0xdf,0xd7,0xca,0xff,0xdf,0xd7,0xca,0xff,0xdf,0xd7,0xca,0xff,0xe0,0xd8,0xcb,0xff,
    0xe7,0xde,0xd6,0xff,0xd0,0xcb,0xa9,0xff,0x74,0x77,0x1f,0xff,0x7a,0x76,0x1f,0xff,
    0x79,0x75,0x25,0xff,0x77,0x7a,0x1d,0xff,0x79,0x78,0x1f,0xff,0x79,0x78,0x1f,0xff,
    0x7b,0x7a,0x1e,0xff,0x75,0x78,0x29,0xff,0x1a,0x14,0x0f,0xff,0x01,0x01,0x08,0xff,
    0xff,0xff,0xff,0x00,0xff,0xff,0xff,0x00,0xff,0xff,0xff,0x00,0xff,0xff,0xff,0x00,
    0xff,0xff,0xff,0x00,0xff,0xff,0xff,0x00,0xff,0xff,0xff,0x00,0xff,0xff,0xff,0x00,
    0xff,0xff,0xff,0x00,0xff,0xff,0xff,0x00,0xff,0xff,0xff,0x00,0xff,0xff,0xff,0x00,
    0xff,0xff,0xff,0x00,0xff,0xff,0xff,0x00,0xff,0xff,0xff,0x00,0xff,0xff,0xff,0x00,
    0xff,0xff,0xff,0x00,0xff,0xff,0xff,0x00,0xff,0xff,0xff,0x00,0xff,0xff,0xff,0x00,
    0xff,0xff,0xff,0x00,0xff,0xff,0xff,0x00,0xff,0xff,0xff,0x00,0xff,0xff,0xff,0x00,
    0xff,0xff,0xff,0x00,0xff,0xff,0xff,0x00,0xff,0xff,0xff,0x00,0xff,0xff,0xff,0x00,
    0xff,0xff,0xff,0x00,0xff,0xff,0xff,0x00,0xff,0xff,0xff,0x00,0xff,0xff,0xff,0x00,
    0xff,0xff,0xff,0x00,0xff,0xff,0xff,0x00,0xff,0xff,0xff,0x00,0xff,0xff,0xff,0x00,
    0xff,0xff,0xff,0x00,0xff,0xff,0xff,0x00,0xff,0xff,0xff,0x00,0xff,0xff,0xff,0x00,
    0xff,0xff,0xff,0x00,0xff,0xff,0xff,0x00,0xff,0xff,0xff,0x00,0xff,0xff,0xff,0x00,
    0xff,0xff,0xff,0x00,0xff,0xff,0xff,0x00,0xff,0xff,0xff,0x00,0xff,0xff,0xff,0x00,
    0xff,0xff,0xff,0x00,0xff,0xff,0xff,0x00,0xff,0xff,0xff,0x00,0x78,0x78,0x43,0xff,
    0x9b,0x97,0x43,0xff,0x93,0x8e,0x40,0xff,0x93,0x8e,0x40,0xff,0x92,0x8e,0x3c,0xff,
    0x91,0x8e,0x3d,0xff,0x92,0x8e,0x40,0xff,0x8a,0x85,0x2f,0xff,0xbe,0xba,0x8d,0xff,
    0xfa,0xf8,0xf2,0xff,0xf3,0xee,0xe4,0xff,0xf0,0xef,0xe1,0xff,0xf3,0xee,0xe2,0xff,
    0xf7,0xed,0xe4,0xff,0xf4,0xee,0xe3,0xff,0xf4,0xee,0xe3,0xff,0xf4,0xee,0xe3,0xff,
    0xf4,0xee,0xe3,0xff,0xf4,0xee,0xe2,0xff,0xf4,0xee,0xe2,0xff,0xf5,0xef,0xe3,0xff,
    0xf5,0xef,0xe3,0xff,0xf4,0xee,0xe2,0xff,0xf4,0xee,0xe2,0xff,0xf4,0xee,0xe2,0xff,
    0xf4,0xee,0xe2,0xff,0xf4,0xee,0xe3,0xff,0xf4,0xee,0xe3,0xff,0xf2,0xec,0xe1,0xff,
    0xf2,0xec,0xe1,0xff,0xf5,0xec,0xe2,0xff,0xf3,0xea,0xe0,0xff,0xf6,0xed,0xe3,0xff,
    0xe8,0xdf,0xd5,0xff,0xdd,0xd5,0xc9,0xff,0xdf,0xd7,0xca,0xff,0xdf,0xd7,0xca,0xff,
    0xdf,0xd7,0xca,0xff,0xdf,0xd7,0xca,0xff,0xdf,0xd7,0xca,0xff,0xdf,0xd7,0xca,0xff,
    0xdf,0xd7,0xca,0xff,0xdf,0xd7,0xca,0xff,0xdf,0xd7,0xca,0xff,0xdf,0xd7,0xca,0xff,
    0xdf,0xd7,0xca,0xff,0xdf,0xd7,0xca,0xff,0xdf,0xd7,0xca,0xff,0xdf,0xd7,0xca,0xff,
    0xdf,0xd7,0xca,0xff,0xdf,0xd7,0xca,0xff,0xdf,0xd7,0xca,0xff,0xdf,0xd7,0xca,0xff,
    0xdf,0xd7,0xca,0xff,0xe1,0xd6,0xcc,0xff,0xde,0xd6,0xcd,0xff,0xdb,0xd9,0xcc,0xff,
    0xe3,0xe0,0xcd,0xff,0x8c,0x8c,0x51,0xff,0x72,0x75,0x16,0xff,0x7a,0x78,0x24,0xff,
    0x79,0x78,0x23,0xff,0x75,0x7c,0x19,0xff,0x77,0x75,0x27,0xff,0x79,0x76,0x27,0xff,
    0x7d,0x83,0x26,0xff,0x4e,0x50,0x22,0xff,0xff,0xff,0xff,0x00,0xff,0xff,0xff,0x00,
    0xff,0xff,0xff,0x00,0xff,0xff,0xff,0x00,0xff,0xff,0xff,0x00,0xff,0xff,0xff,0x00,
    0xff,0xff,0xff,0x00,0xff,0xff,0xff,0x00,0xff,0xff,0xff,0x00,0xff,0xff,0xff,0x00,
    0xff,0xff,0xff,0x00,0xff,0xff,0xff,0x00,0xff,0xff,0xff,0x00,0xff,0xff,0xff,0x00,
    0xff,0xff,0xff,0x00,0xff,0xff,0xff,0x00,0xff,0xff,0xff,0x00,0xff,0xff,0xff,0x00,
    0xff,0xff,0xff,0x00,0xff,0xff,0xff,0x00,0xff,0xff,0xff,0x00,0xff,0xff,0xff,0x00,
    0xff,0xff,0xff,0x00,0xff,0xff,0xff,0x00,0xff,0xff,0xff,0x00,0xff,0xff,0xff,0x00,
    0xff,0xff,0xff,0x00,0xff,0xff,0xff,0x00,0xff,0xff,0xff,0x00,0xff,0xff,0xff,0x00,
    0xff,0xff,0xff,0x00,0xff,0xff,0xff,0x00,0xff,0xff,0xff,0x00,0xff,0xff,0xff,0x00,
    0xff,0xff,0xff,0x00,0xff,0xff,0xff,0x00,0xff,0xff,0xff,0x00,0xff,0xff,0xff,0x00,
    0xff,0xff,0xff,0x00,0xff,0xff,0xff,0x00,0xff,0xff,0xff,0x00,0xff,0xff,0xff,0x00,
    0xff,0xff,0xff,0x00,0xff,0xff,0xff,0x00,0xff,0xff,0xff,0x00,0xff,0xff,0xff,0x00,
    0xff,0xff,0xff,0x00,0xff,0xff,0xff,0x00,0xff,0xff,0xff,0x00,0xff,0xff,0xff,0x00,
    0xff,0xff,0xff,0x00,0xff,0xff,0xff,0x00,0xff,0xff,0xff,0x00,0x3c,0x3a,0x22,0xff,
    0x9c,0x9b,0x49,0xff,0x95,0x93,0x3d,0xff,0x93,0x91,0x3f,0xff,0x91,0x8e,0x3d,0xff,
    0x8f,0x90,0x3b,0xff,0x8e,0x8e,0x3d,0xff,0x95,0x8b,0x3c,0xff,0x89,0x88,0x40,0xff,
    0xda,0xd7,0xbe,0xff,0xfe,0xf5,0xef,0xff,0xf0,0xee,0xe4,0xff,0xf3,0xef,0xe3,0xff,
    0xf9,0xef,0xe3,0xff,0xf5,0xef,0xe4,0xff,0xf5,0xef,0xe4,0xff,0xf5,0xef,0xe4,0xff,
    0xf5,0xef,0xe4,0xff,0xf5,0xef,0xe2,0xff,0xf5,0xef,0xe2,0xff,0xf5,0xef,0xe2,0xff,
    0xf5,0xef,0xe2,0xff,0xf5,0xef,0xe2,0xff,0xf5,0xef,0xe2,0xff,0xf5,0xef,0xe2,0xff,
    0xf5,0xef,0xe2,0xff,0xf5,0xef,0xe4,0xff,0xf5,0xef,0xe4,0xff,0xf4,0xee,0xe3,0xff,
    0xf4,0xee,0xe3,0xff,0xf5,0xec,0xe2,0xff,0xf3,0xea,0xe0,0xff,0xf6,0xed,0xe3,0xff,
    0xe8,0xdf,0xd5,0xff,0xdd,0xd5,0xc9,0xff,0xdf,0xd7,0xca,0xff,0xdf,0xd7,0xca,0xff,
    0xdf,0xd7,0xca,0xff,0xdf,0xd7,0xca,0xff,0xdf,0xd7,0xca,0xff,0xdf,0xd7,0xca,0xff,
    0xdf,0xd7,0xca,0xff,0xdf,0xd7,0xca,0xff,0xdf,0xd7,0xca,0xff,0xdf,0xd7,0xca,0xff,
    0xdf,0xd7,0xca,0xff,0xdf,0xd7,0xca,0xff,0xdf,0xd7,0xca,0xff,0xdf,0xd7,0xca,0xff,
    0xdf,0xd7,0xca,0xff,0xdf,0xd7,0xca,0xff,0xdf,0xd7,0xca,0xff,0xdf,0xd7,0xca,0xff,
    0xdf,0xd7,0xca,0xff,0xe2,0xd7,0xc9,0xff,0xdf,0xd4,0xcf,0xff,0xe6,0xe2,0xd9,0xff,
    0xaa,0xae,0x81,0xff,0x6d,0x6e,0x23,0xff,0x7d,0x7a,0x2b,0xff,0x77,0x77,0x25,0xff,
    0x79,0x7a,0x25,0xff,0x77,0x7a,0x22,0xff,0x79,0x78,0x29,0xff,0x7a,0x7b,0x27,0xff,
    0x73,0x79,0x33,0xff,0x17,0x18,0x0c,0xff,0xff,0xff,0xff,0x00,0xff,0xff,0xff,0x00,
    0xff,0xff,0xff,0x00,0xff,0xff,0xff,0x00,0xff,0xff,0xff,0x00,0xff,0xff,0xff,0x00,
    0xff,0xff,0xff,0x00,0xff,0xff,0xff,0x00,0xff,0xff,0xff,0x00,0xff,0xff,0xff,0x00,
    0xff,0xff,0xff,0x00,0xff,0xff,0xff,0x00,0xff,0xff,0xff,0x00,0xff,0xff,0xff,0x00,
    0xff,0xff,0xff,0x00,0xff,0xff,0xff,0x00,0xff,0xff,0xff,0x00,0xff,0xff,0xff,0x00,
    0xff,0xff,0xff,0x00,0xff,0xff,0xff,0x00,0xff,0xff,0xff,0x00,0xff,0xff,0xff,0x00,
    0xff,0xff,0xff,0x00,0xff,0xff,0xff,0x00,0xff,0xff,0xff,0x00,0xff,0xff,0xff,0x00,
    0xff,0xff,0xff,0x00,0xff,0xff,0xff,0x00,0xff,0xff,0xff,0x00,0xff,0xff,0xff,0x00,
    0xff,0xff,0xff,0x00,0xff,0xff,0xff,0x00,0xff,0xff,0xff,0x00,0xff,0xff,0xff,0x00,
    0xff,0xff,0xff,0x00,0xff,0xff,0xff,0x00,0xff,0xff,0xff,0x00,0xff,0xff,0xff,0x00,
    0xff,0xff,0xff,0x00,0xff,0xff,0xff,0x00,0xff,0xff,0xff,0x00,0xff,0xff,0xff,0x00,
    0xff,0xff,0xff,0x00,0xff,0xff,0xff,0x00,0xff,0xff,0xff,0x00,0xff,0xff,0xff,0x00,
    0xff,0xff,0xff,0x00,0xff,0xff,0xff,0x00,0xff,0xff,0xff,0x00,0xff,0xff,0xff,0x00,
    0xff,0xff,0xff,0x00,0xff,0xff,0xff,0x00,0xff,0xff,0xff,0x00,0x0a,0x07,0x03,0xff,
    0x75,0x75,0x40,0xff,0x98,0x9a,0x44,0xff,0x8f,0x92,0x3a,0xff,0x8f,0x8f,0x3e,0xff,
    0x8e,0x8d,0x41,0xff,0x90,0x8d,0x40,0xff,0x94,0x8f,0x3c,0xff,0x89,0x8c,0x30,0xff,
    0x95,0x93,0x58,0xff,0xf4,0xea,0xd7,0xff,0xf9,0xf3,0xe8,0xff,0xf2,0xee,0xe4,0xff,
    0xf7,0xef,0xe2,0xff,0xf5,0xef,0xe4,0xff,0xf5,0xef,0xe4,0xff,0xf5,0xef,0xe4,0xff,
    0xf5,0xef,0xe4,0xff,0xf5,0xef,0xe2,0xff,0xf5,0xef,0xe2,0xff,0xf5,0xef,0xe2,0xff,
    0xf5,0xef,0xe2,0xff,0xf5,0xef,0xe2,0xff,0xf5,0xef,0xe2,0xff,0xf5,0xef,0xe2,0xff,
    0xf5,0xef,0xe2,0xff,0xf5,0xef,0xe4,0xff,0xf5,0xef,0xe4,0xff,0xf5,0xef,0xe4,0xff,
    0xf5,0xef,0xe4,0xff,0xf4,0xeb,0xe1,0xff,0xf4,0xeb,0xe1,0xff,0xf6,0xed,0xe3,0xff,
    0xe8,0xdf,0xd5,0xff,0xdd,0xd5,0xc9,0xff,0xdf,0xd7,0xca,0xff,0xdf,0xd7,0xca,0xff,
    0xdf,0xd7,0xca,0xff,0xdf,0xd7,0xca,0xff,0xdf,0xd7,0xca,0xff,0xdf,0xd7,0xca,0xff,
    0xdf,0xd7,0xca,0xff,0xdf,0xd7,0xca,0xff,0xdf,0xd7,0xca,0xff,0xdf,0xd7,0xca,0xff,
    0xdf,0xd7,0xca,0xff,0xdf,0xd7,0xca,0xff,0xdf,0xd7,0xca,0xff,0xdf,0xd7,0xca,0xff,
    0xdf,0xd7,0xca,0xff,0xdf,0xd7,0xca,0xff,0xdf,0xd7,0xca,0xff,0xdf,0xd7,0xca,0xff,
    0xdf,0xd7,0xca,0xff,0xde,0xd8,0xc6,0xff,0xea,0xdf,0xd4,0xff,0xcb,0xbf,0xab,0xff,
    0x70,0x73,0x2e,0xff,0x76,0x78,0x26,0xff,0x7c,0x77,0x31,0xff,0x7a,0x77,0x2d,0xff,
    0x7b,0x79,0x2b,0xff,0x79,0x77,0x2c,0xff,0x79,0x7a,0x22,0xff,0x7f,0x83,0x2d,0xff,
    0x47,0x47,0x29,0xff,0xff,0xff,0xff,0x00,0xff,0xff,0xff,0x00,0xff,0xff,0xff,0x00,
    0xff,0xff,0xff,0x00,0xff,0xff,0xff,0x00,0xff,0xff,0xff,0x00,0xff,0xff,0xff,0x00,
    0xff,0xff,0xff,0x00,0xff,0xff,0xff,0x00,0xff,0xff,0xff,0x00,0xff,0xff,0xff,0x00,
    0xff,0xff,0xff,0x00,0xff,0xff,0xff,0x00,0xff,0xff,0xff,0x00,0xff,0xff,0xff,0x00,
    0xff,0xff,0xff,0x00,0xff,0xff,0xff,0x00,0xff,0xff,0xff,0x00,0xff,0xff,0xff,0x00,
    0xff,0xff,0xff,0x00,0xff,0xff,0xff,0x00,0xff,0xff,0xff,0x00,0xff,0xff,0xff,0x00,
    0xff,0xff,0xff,0x00,0xff,0xff,0xff,0x00,0xff,0xff,0xff,0x00,0xff,0xff,0xff,0x00,
    0xff,0xff,0xff,0x00,0xff,0xff,0xff,0x00,0xff,0xff,0xff,0x00,0xff,0xff,0xff,0x00,
    0xff,0xff,0xff,0x00,0xff,0xff,0xff,0x00,0xff,0xff,0xff,0x00,0xff,0xff,0xff,0x00,
    0xff,0xff,0xff,0x00,0xff,0xff,0xff,0x00,0xff,0xff,0xff,0x00,0xff,0xff,0xff,0x00,
    0xff,0xff,0xff,0x00,0xff,0xff,0xff,0x00,0xff,0xff,0xff,0x00,0xff,0xff,0xff,0x00,
    0xff,0xff,0xff,0x00,0xff,0xff,0xff,0x00,0xff,0xff,0xff,0x00,0xff,0xff,0xff,0x00,
    0xff,0xff,0xff,0x00,0xff,0xff,0xff,0x00,0xff,0xff,0xff,0x00,0xff,0xff,0xff,0x00,
    0xff,0xff,0xff,0x00,0xff,0xff,0xff,0x00,0xff,0xff,0xff,0x00,0xff,0xff,0xff,0x00,
    0x2c,0x29,0x17,0xff,0x95,0x90,0x52,0xff,0x8f,0x91,0x42,0xff,0x8d,0x90,0x40,0xff,
    0x8d,0x8c,0x42,0xff,0x91,0x8c,0x3f,0xff,0x90,0x8e,0x3d,0xff,0x92,0x93,0x35,0xff,
    0x89,0x83,0x36,0xff,0xa9,0xa3,0x6d,0xff,0xfb,0xf7,0xdf,0xff,0xf7,0xf2,0xea,0xff,
    0xf6,0xee,0xe4,0xff,0xf5,0xef,0xe4,0xff,0xf5,0xef,0xe4,0xff,0xf5,0xef,0xe4,0xff,
    0xf5,0xef,0xe4,0xff,0xf5,0xef,0xe2,0xff,0xf5,0xef,0xe2,0xff,0xf5,0xef,0xe2,0xff,
    0xf5,0xef,0xe2,0xff,0xf5,0xef,0xe2,0xff,0xf5,0xef,0xe2,0xff,0xf5,0xef,0xe2,0xff,
    0xf5,0xef,0xe2,0xff,0xf5,0xef,0xe4,0xff,0xf5,0xef,0xe4,0xff,0xf5,0xef,0xe4,0xff,
    0xf5,0xef,0xe4,0xff,0xf4,0xeb,0xe1,0xff,0xf4,0xeb,0xe1,0xff,0xf6,0xed,0xe3,0xff,
    0xe8,0xdf,0xd5,0xff,0xdd,0xd5,0xc9,0xff,0xdf,0xd7,0xca,0xff,0xdf,0xd7,0xca,0xff,
    0xdf,0xd7,0xca,0xff,0xdf,0xd7,0xca,0xff,0xdf,0xd7,0xca,0xff,0xdf,0xd7,0xca,0xff,
    0xdf,0xd7,0xca,0xff,0xdf,0xd7,0xca,0xff,0xdf,0xd7,0xca,0xff,0xdf,0xd7,0xca,0xff,
    0xdf,0xd7,0xca,0xff,0xdf,0xd7,0xca,0xff,0xdf,0xd7,0xca,0xff,0xdf,0xd7,0xca,0xff,
    0xdf,0xd7,0xca,0xff,0xdf,0xd7,0xca,0xff,0xdf,0xd7,0xca,0xff,0xdf,0xd7,0xca,0xff,
    0xdf,0xd7,0xca,0xff,0xe3,0xdd,0xd2,0xff,0xd8,0xd0,0xb2,0xff,0x85,0x7b,0x3e,0xff,
    0x78,0x73,0x2a,0xff,0x7c,0x79,0x30,0xff,0x7b,0x78,0x2e,0xff,0x7a,0x77,0x2b,0xff,
    0x79,0x77,0x28,0xff,0x79,0x76,0x2a,0xff,0x80,0x7e,0x29,0xff,0x73,0x6e,0x37,0xff,
    0x10,0x0c,0x08,0xff,0xff,0xff,0xff,0x00,0xff,0xff,0xff,0x00,0xff,0xff,0xff,0x00,
    0xff,0xff,0xff,0x00,0xff,0xff,0xff,0x00,0xff,0xff,0xff,0x00,0xff,0xff,0xff,0x00,
    0xff,0xff,0xff,0x00,0xff,0xff,0xff,0x00,0xff,0xff,0xff,0x00,0xff,0xff,0xff,0x00,
    0xff,0xff,0xff,0x00,0xff,0xff,0xff,0x00,0xff,0xff,0xff,0x00,0xff,0xff,0xff,0x00,
    0xff,0xff,0xff,0x00,0xff,0xff,0xff,0x00,0xff,0xff,0xff,0x00,0xff,0xff,0xff,0x00,
    0xff,0xff,0xff,0x00,0xff,0xff,0xff,0x00,0xff,0xff,0xff,0x00,0xff,0xff,0xff,0x00,
    0xff,0xff,0xff,0x00,0xff,0xff,0xff,0x00,0xff,0xff,0xff,0x00,0xff,0xff,0xff,0x00,
    0xff,0xff,0xff,0x00,0xff,0xff,0xff,0x00,0xff,0xff,0xff,0x00,0xff,0xff,0xff,0x00,
    0xff,0xff,0xff,0x00,0xff,0xff,0xff,0x00,0xff,0xff,0xff,0x00,0xff,0xff,0xff,0x00,
    0xff,0xff,0xff,0x00,0xff,0xff,0xff,0x00,0xff,0xff,0xff,0x00,0xff,0xff,0xff,0x00,
    0xff,0xff,0xff,0x00,0xff,0xff,0xff,0x00,0xff,0xff,0xff,0x00,0xff,0xff,0xff,0x00,
    0xff,0xff,0xff,0x00,0xff,0xff,0xff,0x00,0xff,0xff,0xff,0x00,0xff,0xff,0xff,0x00,
    0xff,0xff,0xff,0x00,0xff,0xff,0xff,0x00,0xff,0xff,0xff,0x00,0xff,0xff,0xff,0x00,
    0xff,0xff,0xff,0x00,0xff,0xff,0xff,0x00,0xff,0xff,0xff,0x00,0xff,0xff,0xff,0x00,
    0xff,0xff,0xff,0x00,0x5b,0x57,0x30,0xff,0x9a,0x9c,0x48,0xff,0x8f,0x8d,0x43,0xff,
    0x8d,0x8f,0x3d,0xff,0x91,0x8e,0x3d,0xff,0x90,0x8e,0x3e,0xff,0x92,0x8f,0x3a,0xff,
    0x93,0x8e,0x3c,0xff,0x84,0x84,0x33,0xff,0xae,0xad,0x79,0xff,0xfb,0xf8,0xe2,0xff,
    0xf6,0xef,0xe9,0xff,0xf5,0xec,0xe5,0xff,0xf6,0xee,0xe4,0xff,0xf8,0xee,0xe5,0xff,
    0xf8,0xee,0xe6,0xff,0xf5,0xef,0xe2,0xff,0xf5,0xef,0xe2,0xff,0xf5,0xef,0xe2,0xff,
    0xf5,0xef,0xe2,0xff,0xf5,0xef,0xe2,0xff,0xf5,0xef,0xe2,0xff,0xf5,0xef,0xe2,0xff,
    0xf5,0xef,0xe2,0xff,0xf5,0xef,0xe3,0xff,0xf5,0xef,0xe3,0xff,0xf5,0xef,0xe3,0xff,
    0xf5,0xef,0xe4,0xff,0xf3,0xec,0xe3,0xff,0xf4,0xee,0xde,0xff,0xf7,0xeb,0xe5,0xff,
    0xea,0xdd,0xd7,0xff,0xde,0xd6,0xc8,0xff,0xdf,0xd8,0xc8,0xff,0xdf,0xd8,0xc8,0xff,
    0xdf,0xd6,0xcc,0xff,0xdf,0xd6,0xcb,0xff,0xdf,0xd6,0xcb,0xff,0xdf,0xd6,0xcb,0xff,
    0xdf,0xd6,0xcb,0xff,0xdf,0xd6,0xcb,0xff,0xdf,0xd6,0xcb,0xff,0xdf,0xd6,0xcb,0xff,
    0xdf,0xd6,0xcb,0xff,0xdf,0xd7,0xcb,0xff,0xdf,0xd7,0xca,0xff,0xdf,0xd7,0xca,0xff,
    0xdf,0xd7,0xca,0xff,0xe0,0xd6,0xcb,0xff,0xe0,0xd7,0xc9,0xff,0xdd,0xd8,0xc8,0xff,
    0xe0,0xdc,0xd4,0xff,0xd9,0xd5,0xbf,0xff,0x86,0x83,0x4d,0xff,0x74,0x72,0x25,0xff,
    0x7d,0x79,0x2d,0xff,0x7a,0x76,0x2c,0xff,0x79,0x78,0x28,0xff,0x78,0x7c,0x22,0xff,
    0x7c,0x79,0x29,0xff,0x7e,0x79,0x2b,0xff,0x7b,0x80,0x33,0xff,0x2b,0x2d,0x18,0xff,
    0xff,0xff,0xff,0x00,0xff,0xff,0xff,0x00,0xff,0xff,0xff,0x00,0xff,0xff,0xff,0x00,
    0xff,0xff,0xff,0x00,0xff,0xff,0xff,0x00,0xff,0xff,0xff,0x00,0xff,0xff,0xff,0x00,
    0xff,0xff,0xff,0x00,0xff,0xff,0xff,0x00,0xff,0xff,0xff,0x00,0xff,0xff,0xff,0x00,
    0xff,0xff,0xff,0x00,0xff,0xff,0xff,0x00,0xff,0xff,0xff,0x00,0xff,0xff,0xff,0x00,
    0xff,0xff,0xff,0x00,0xff,0xff,0xff,0x00,0xff,0xff,0xff,0x00,0xff,0xff,0xff,0x00,
    0xff,0xff,0xff,0x00,0xff,0xff,0xff,0x00,0xff,0xff,0xff,0x00,0xff,0xff,0xff,0x00,
    0xff,0xff,0xff,0x00,0xff,0xff,0xff,0x00,0xff,0xff,0xff,0x00,0xff,0xff,0xff,0x00,
    0xff,0xff,0xff,0x00,0xff,0xff,0xff,0x00,0xff,0xff,0xff,0x00,0xff,0xff,0xff,0x00,
    0xff,0xff,0xff,0x00,0xff,0xff,0xff,0x00,0xff,0xff,0xff,0x00,0xff,0xff,0xff,0x00,
    0xff,0xff,0xff,0x00,0xff,0xff,0xff,0x00,0xff,0xff,0xff,0x00,0xff,0xff,0xff,0x00,
    0xff,0xff,0xff,0x00,0xff,0xff,0xff,0x00,0xff,0xff,0xff,0x00,0xff,0xff,0xff,0x00,
    0xff,0xff,0xff,0x00,0xff,0xff,0xff,0x00,0xff,0xff,0xff,0x00,0xff,0xff,0xff,0x00,
    0xff,0xff,0xff,0x00,0xff,0xff,0xff,0x00,0xff,0xff,0xff,0x00,0xff,0xff,0xff,0x00,
    0xff,0xff,0xff,0x00,0xff,0xff,0xff,0x00,0xff,0xff,0xff,0x00,0xff,0xff,0xff,0x00,
    0xff,0xff,0xff,0x00,0x0f,0x0f,0x06,0xff,0x80,0x7e,0x41,0xff,0x9a,0x98,0x40,0xff,
    0x92,0x8f,0x3a,0xff,0x91,0x8e,0x3d,0xff,0x91,0x8e,0x3d,0xff,0x91,0x8e,0x3d,0xff,
    0x91,0x8e,0x3c,0xff,0x8c,0x8d,0x3b,0xff,0x7e,0x81,0x37,0xff,0xaf,0xb0,0x7d,0xff,
    0xfb,0xf8,0xdf,0xff,0xf7,0xef,0xea,0xff,0xf4,0xed,0xe6,0xff,0xf6,0xef,0xe6,0xff,
    0xf6,0xef,0xe5,0xff,0xf5,0xef,0xe2,0xff,0xf5,0xef,0xe2,0xff,0xf5,0xef,0xe2,0xff,
    0xf5,0xef,0xe2,0xff,0xf5,0xef,0xe2,0xff,0xf5,0xef,0xe2,0xff,0xf5,0xef,0xe2,0xff,
    0xf5,0xef,0xe2,0xff,0xf5,0xef,0xe2,0xff,0xf5,0xef,0xe2,0xff,0xf5,0xef,0xe2,0xff,
    0xf5,0xef,0xe2,0xff,0xf4,0xed,0xe1,0xff,0xf2,0xee,0xdf,0xff,0xf4,0xee,0xe7,0xff,
    0xe9,0xe2,0xdc,0xff,0xdd,0xd5,0xcb,0xff,0xdf,0xd6,0xcb,0xff,0xdf,0xd6,0xcb,0xff,
    0xdf,0xd6,0xcb,0xff,0xdf,0xd6,0xcc,0xff,0xdf,0xd6,0xcc,0xff,0xdf,0xd6,0xcc,0xff,
    0xdf,0xd6,0xcc,0xff,0xdf,0xd6,0xcc,0xff,0xdf,0xd6,0xcc,0xff,0xdf,0xd6,0xcc,0xff,
    0xdf,0xd6,0xcc,0xff,0xdf,0xd7,0xcb,0xff,0xdf,0xd7,0xca,0xff,0xdf,0xd7,0xca,0xff,
    0xdf,0xd7,0xca,0xff,0xdc,0xd5,0xcd,0xff,0xdc,0xd4,0xcf,0xff,0xe6,0xde,0xd2,0xff,
    0xdb,0xd6,0xb9,0xff,0x87,0x85,0x4f,0xff,0x6d,0x6c,0x2a,0xff,0x76,0x76,0x2e,0xff,
    0x79,0x79,0x27,0xff,0x79,0x7a,0x22,0xff,0x77,0x77,0x28,0xff,0x77,0x7a,0x21,0xff,
    0x79,0x79,0x22,0xff,0x82,0x80,0x37,0xff,0x4f,0x56,0x29,0xff,0xff,0xff,0xff,0x00,
    0xff,0xff,0xff,0x00,0xff,0xff,0xff,0x00,0xff,0xff,0xff,0x00,0xff,0xff,0xff,0x00,
    0xff,0xff,0xff,0x00,0xff,0xff,0xff,0x00,0xff,0xff,0xff,0x00,0xff,0xff,0xff,0x00,
    0xff,0xff,0xff,0x00,0xff,0xff,0xff,0x00,0xff,0xff,0xff,0x00,0xff,0xff,0xff,0x00,
    0xff,0xff,0xff,0x00,0xff,0xff,0xff,0x00,0xff,0xff,0xff,0x00,0xff,0xff,0xff,0x00,
    0xff,0xff,0xff,0x00,0xff,0xff,0xff,0x00,0xff,0xff,0xff,0x00,0xff,0xff,0xff,0x00,
    0xff,0xff,0xff,0x00,0xff,0xff,0xff,0x00,0xff,0xff,0xff,0x00,0xff,0xff,0xff,0x00,
    0xff,0xff,0xff,0x00,0xff,0xff,0xff,0x00,0xff,0xff,0xff,0x00,0xff,0xff,0xff,0x00,
    0xff,0xff,0xff,0x00,0xff,0xff,0xff,0x00,0xff,0xff,0xff,0x00,0xff,0xff,0xff,0x00,
    0xff,0xff,0xff,0x00,0xff,0xff,0xff,0x00,0xff,0xff,0xff,0x00,0xff,0xff,0xff,0x00,
    0xff,0xff,0xff,0x00,0xff,0xff,0xff,0x00,0xff,0xff,0xff,0x00,0xff,0xff,0xff,0x00,
    0xff,0xff,0xff,0x00,0xff,0xff,0xff,0x00,0xff,0xff,0xff,0x00,0xff,0xff,0xff,0x00,
    0xff,0xff,0xff,0x00,0xff,0xff,0xff,0x00,0xff,0xff,0xff,0x00,0xff,0xff,0xff,0x00,
    0xff,0xff,0xff,0x00,0xff,0xff,0xff,0x00,0xff,0xff,0xff,0x00,0xff,0xff,0xff,0x00,
    0xff,0xff,0xff,0x00,0xff,0xff,0xff,0x00,0xff,0xff,0xff,0x00,0xff,0xff,0xff,0x00,
    0xff,0xff,0xff,0x00,0xff,0xff,0xff,0x00,0x26,0x23,0x17,0xff,0x95,0x95,0x40,0xff,
    0x99,0x8e,0x41,0xff,0x92,0x8e,0x3e,0xff,0x91,0x8e,0x3d,0xff,0x91,0x8e,0x3d,0xff,
    0x91,0x8e,0x3e,0xff,0x8f,0x8d,0x3e,0xff,0x8d,0x8e,0x3d,0xff,0x80,0x82,0x35,0xff,
    0xad,0xac,0x72,0xff,0xf7,0xf3,0xdd,0xff,0xf9,0xf3,0xe8,0xff,0xf1,0xef,0xe5,0xff,
    0xf1,0xf1,0xe2,0xff,0xf5,0xef,0xe2,0xff,0xf5,0xef,0xe2,0xff,0xf6,0xf0,0xe3,0xff,
    0xf6,0xf0,0xe3,0xff,0xf6,0xf0,0xe3,0xff,0xf6,0xf0,0xe3,0xff,0xf5,0xef,0xe2,0xff,
    0xf5,0xef,0xe2,0xff,0xf5,0xef,0xe2,0xff,0xf5,0xef,0xe2,0xff,0xf5,0xef,0xe2,0xff,
    0xf5,0xf0,0xe1,0xff,0xf4,0xef,0xdd,0xff,0xf3,0xeb,0xe6,0xff,0xf0,0xf2,0xd9,0xff,
    0xd3,0xd9,0xba,0xff,0xe0,0xd9,0xcd,0xff,0xdf,0xd3,0xd0,0xff,0xdf,0xd4,0xcf,0xff,
    0xdf,0xd8,0xc9,0xff,0xdf,0xd7,0xca,0xff,0xdf,0xd6,0xcc,0xff,0xdf,0xd6,0xcc,0xff,
    0xdf,0xd6,0xcc,0xff,0xdf,0xd6,0xcc,0xff,0xdf,0xd6,0xcc,0xff,0xdf,0xd6,0xcc,0xff,
    0xdf,0xd6,0xcc,0xff,0xdf,0xd7,0xcb,0xff,0xdf,0xd7,0xca,0xff,0xdf,0xd7,0xca,0xff,
    0xdf,0xd7,0xc9,0xff,0xd9,0xd8,0xcc,0xff,0xe6,0xe1,0xda,0xff,0xdb,0xcf,0xb9,0xff,
    0x8b,0x83,0x3e,0xff,0x70,0x6f,0x20,0xff,0x77,0x76,0x2f,0xff,0x79,0x76,0x28,0xff,
    0x7b,0x78,0x26,0xff,0x78,0x7c,0x1e,0xff,0x78,0x77,0x28,0xff,0x7c,0x77,0x2c,0xff,
    0x7a,0x83,0x2a,0xff,0x66,0x6a,0x37,0xff,0x0f,0x0e,0x08,0xff,0xff,0xff,0xff,0x00,
    0xff,0xff,0xff,0x00,0xff,0xff,0xff,0x00,0xff,0xff,0xff,0x00,0xff,0xff,0xff,0x00,
    0xff,0xff,0xff,0x00,0xff,0xff,0xff,0x00,0xff,0xff,0xff,0x00,0xff,0xff,0xff,0x00,
    0xff,0xff,0xff,0x00,0xff,0xff,0xff,0x00,0xff,0xff,0xff,0x00,0xff,0xff,0xff,0x00,
    0xff,0xff,0xff,0x00,0xff,0xff,0xff,0x00,0xff,0xff,0xff,0x00,0xff,0xff,0xff,0x00,
    0xff,0xff,0xff,0x00,0xff,0xff,0xff,0x00,0xff,0xff,0xff,0x00,0xff,0xff,0xff,0x00,
    0xff,0xff,0xff,0x00,0xff,0xff,0xff,0x00,0xff,0xff,0xff,0x00,0xff,0xff,0xff,0x00,
    0xff,0xff,0xff,0x00,0xff,0xff,0xff,0x00,0xff,0xff,0xff,0x00,0xff,0xff,0xff,0x00,
    0xff,0xff,0xff,0x00,0xff,0xff,0xff,0x00,0xff,0xff,0xff,0x00,0xff,0xff,0xff,0x00,
    0xff,0xff,0xff,0x00,0xff,0xff,0xff,0x00,0xff,0xff,0xff,0x00,0xff,0xff,0xff,0x00,
    0xff,0xff,0xff,0x00,0xff,0xff,0xff,0x00,0xff,0xff,0xff,0x00,0xff,0xff,0xff,0x00,
    0xff,0xff,0xff,0x00,0xff,0xff,0xff,0x00,0xff,0xff,0xff,0x00,0xff,0xff,0xff,0x00,
    0xff,0xff,0xff,0x00,0xff,0xff,0xff,0x00,0xff,0xff,0xff,0x00,0xff,0xff,0xff,0x00,
    0xff,0xff,0xff,0x00,0xff,0xff,0xff,0x00,0xff,0xff,0xff,0x00,0xff,0xff,0xff,0x00,
    0xff,0xff,0xff,0x00,0xff,0xff,0xff,0x00,0xff,0xff,0xff,0x00,0xff,0xff,0xff,0x00,
    0xff,0xff,0xff,0x00,0xff,0xff,0xff,0x00,0xff,0xff,0xff,0x00,0x46,0x40,0x28,0xff,
    0x9d,0x96,0x50,0xff,0x94,0x91,0x3e,0xff,0x91,0x8e,0x3d,0xff,0x91,0x8e,0x3d,0xff,
    0x91,0x8d,0x3e,0xff,0x91,0x8e,0x3e,0xff,0x92,0x8f,0x3a,0xff,0x92,0x8e,0x3c,0xff,
    0x85,0x80,0x35,0xff,0xa0,0x9d,0x63,0xff,0xef,0xe7,0xcd,0xff,0xff,0xf8,0xef,0xff,
    0xf3,0xf0,0xe3,0xff,0xf5,0xef,0xe2,0xff,0xf5,0xef,0xe2,0xff,0xf6,0xf0,0xe3,0xff,
    0xf6,0xf0,0xe3,0xff,0xf6,0xf0,0xe3,0xff,0xf6,0xf0,0xe3,0xff,0xf5,0xef,0xe2,0xff,
    0xf5,0xef,0xe1,0xff,0xf5,0xef,0xe2,0xff,0xf5,0xef,0xe2,0xff,0xf5,0xef,0xe2,0xff,
    0xf5,0xf0,0xe0,0xff,0xf2,0xf1,0xdd,0xff,0xfb,0xf0,0xf2,0xff,0xa5,0xa5,0x6e,0xff,
    0x5e,0x60,0x14,0xff,0xba,0xb8,0x92,0xff,0xe6,0xe0,0xd0,0xff,0xdf,0xd4,0xd0,0xff,
    0xe0,0xd7,0xca,0xff,0xdf,0xd7,0xca,0xff,0xdf,0xd6,0xcc,0xff,0xdf,0xd6,0xcc,0xff,
    0xdf,0xd6,0xcc,0xff,0xdf,0xd6,0xcc,0xff,0xdf,0xd6,0xcc,0xff,0xdf,0xd6,0xcc,0xff,
    0xdf,0xd6,0xcc,0xff,0xdf,0xd7,0xcc,0xff,0xdf,0xd7,0xca,0xff,0xde,0xd7,0xc9,0xff,
    0xe0,0xd7,0xcd,0xff,0xeb,0xe6,0xd5,0xff,0xc7,0xc7,0x9c,0xff,0x7a,0x7a,0x32,0xff,
    0x72,0x6e,0x18,0xff,0x7a,0x78,0x25,0xff,0x78,0x77,0x27,0xff,0x7b,0x78,0x26,0xff,
    0x7e,0x79,0x24,0xff,0x78,0x7a,0x24,0xff,0x7a,0x79,0x27,0xff,0x81,0x7e,0x24,0xff,
    0x73,0x78,0x36,0xff,0x19,0x1e,0x10,0xff,0xff,0xff,0xff,0x00,0xff,0xff,0xff,0x00,
    0xff,0xff,0xff,0x00,0xff,0xff,0xff,0x00,0xff,0xff,0xff,0x00,0xff,0xff,0xff,0x00,
    0xff,0xff,0xff,0x00,0xff,0xff,0xff,0x00,0xff,0xff,0xff,0x00,0xff,0xff,0xff,0x00,
    0xff,0xff,0xff,0x00,0xff,0xff,0xff,0x00,0xff,0xff,0xff,0x00,0xff,0xff,0xff,0x00,
    0xff,0xff,0xff,0x00,0xff,0xff,0xff,0x00,0xff,0xff,0xff,0x00,0xff,0xff,0xff,0x00,
    0xff,0xff,0xff,0x00,0xff,0xff,0xff,0x00,0xff,0xff,0xff,0x00,0xff,0xff,0xff,0x00,
    0xff,0xff,0xff,0x00,0xff,0xff,0xff,0x00,0xff,0xff,0xff,0x00,0xff,0xff,0xff,0x00,
    0xff,0xff,0xff,0x00,0xff,0xff,0xff,0x00,0xff,0xff,0xff,0x00,0xff,0xff,0xff,0x00,
    0xff,0xff,0xff,0x00,0xff,0xff,0xff,0x00,0xff,0xff,0xff,0x00,0xff,0xff,0xff,0x00,
    0xff,0xff,0xff,0x00,0xff,0xff,0xff,0x00,0xff,0xff,0xff,0x00,0xff,0xff,0xff,0x00,
    0xff,0xff,0xff,0x00,0xff,0xff,0xff,0x00,0xff,0xff,0xff,0x00,0xff,0xff,0xff,0x00,
    0xff,0xff,0xff,0x00,0xff,0xff,0xff,0x00,0xff,0xff,0xff,0x00,0xff,0xff,0xff,0x00,
    0xff,0xff,0xff,0x00,0xff,0xff,0xff,0x00,0xff,0xff,0xff,0x00,0xff,0xff,0xff,0x00,
    0xff,0xff,0xff,0x00,0xff,0xff,0xff,0x00,0xff,0xff,0xff,0x00,0xff,0xff,0xff,0x00,
    0xff,0xff,0xff,0x00,0xff,0xff,0xff,0x00,0xff,0xff,0xff,0x00,0xff,0xff,0xff,0x00,
    0xff,0xff,0xff,0x00,0xff,0xff,0xff,0x00,0xff,0xff,0xff,0x00,0xff,0xff,0xff,0x00,
    0x56,0x56,0x30,0xff,0x9e,0x9c,0x48,0xff,0x95,0x8e,0x3d,0xff,0x91,0x8e,0x3c,0xff,
    0x8d,0x8f,0x3c,0xff,0x91,0x8e,0x3d,0xff,0x92,0x8e,0x3c,0xff,0x93,0x8e,0x3e,0xff,
    0x94,0x8d,0x3f,0xff,0x8a,0x82,0x37,0xff,0x92,0x8d,0x55,0xff,0xd3,0xd1,0xb2,0xff,
    0xfb,0xfa,0xea,0xff,0xf8,0xf7,0xe4,0xff,0xf4,0xef,0xe3,0xff,0xf6,0xef,0xe6,0xff,
    0xf7,0xf0,0xe4,0xff,0xf3,0xf0,0xe3,0xff,0xf4,0xf0,0xe4,0xff,0xf7,0xed,0xe5,0xff,
    0xf8,0xec,0xe8,0xff,0xf6,0xee,0xe3,0xff,0xf5,0xef,0xe2,0xff,0xf5,0xef,0xe2,0xff,
    0xf5,0xf0,0xe0,0xff,0xf1,0xf0,0xe2,0xff,0xfa,0xec,0xf4,0xff,0x88,0x87,0x41,0xff,
    0x59,0x57,0x00,0xff,0x9f,0x9d,0x63,0xff,0xed,0xe2,0xd9,0xff,0xde,0xd7,0xca,0xff,
    0xdb,0xd9,0xc8,0xff,0xde,0xd6,0xcd,0xff,0xdf,0xd6,0xcc,0xff,0xdf,0xd6,0xcc,0xff,
    0xdf,0xd6,0xcc,0xff,0xde,0xd6,0xcc,0xff,0xdf,0xd5,0xcd,0xff,0xe0,0xd5,0xcd,0xff,
    0xe2,0xd5,0xcd,0xff,0xdf,0xda,0xc4,0xff,0xde,0xd7,0xc9,0xff,0xe8,0xdb,0xd8,0xff,
    0xe7,0xdd,0xce,0xff,0xb1,0xab,0x7a,0xff,0x70,0x70,0x1f,0xff,0x71,0x75,0x15,0xff,
    0x7a,0x79,0x20,0xff,0x79,0x74,0x29,0xff,0x7a,0x77,0x27,0xff,0x7d,0x7b,0x21,0xff,
    0x80,0x79,0x23,0xff,0x7b,0x78,0x29,0xff,0x7b,0x7d,0x2b,0xff,0x7d,0x7f,0x33,0xff,
    0x2e,0x2d,0x16,0xff,0xff,0xff,0xff,0x00,0xff,0xff,0xff,0x00,0xff,0xff,0xff,0x00,
    0xff,0xff,0xff,0x00,0xff,0xff,0xff,0x00,0xff,0xff,0xff,0x00,0xff,0xff,0xff,0x00,
    0xff,0xff,0xff,0x00,0xff,0xff,0xff,0x00,0xff,0xff,0xff,0x00,0xff,0xff,0xff,0x00,
    0xff,0xff,0xff,0x00,0xff,0xff,0xff,0x00,0xff,0xff,0xff,0x00,0xff,0xff,0xff,0x00,
    0xff,0xff,0xff,0x00,0xff,0xff,0xff,0x00,0xff,0xff,0xff,0x00,0xff,0xff,0xff,0x00,
    0xff,0xff,0xff,0x00,0xff,0xff,0xff,0x00,0xff,0xff,0xff,0x00,0xff,0xff,0xff,0x00,
    0xff,0xff,0xff,0x00,0xff,0xff,0xff,0x00,0xff,0xff,0xff,0x00,0xff,0xff,0xff,0x00,
    0xff,0xff,0xff,0x00,0xff,0xff,0xff,0x00,0xff,0xff,0xff,0x00,0xff,0xff,0xff,0x00,
    0xff,0xff,0xff,0x00,0xff,0xff,0xff,0x00,0xff,0xff,0xff,0x00,0xff,0xff,0xff,0x00,
    0xff,0xff,0xff,0x00,0xff,0xff,0xff,0x00,0xff,0xff,0xff,0x00,0xff,0xff,0xff,0x00,
    0xff,0xff,0xff,0x00,0xff,0xff,0xff,0x00,0xff,0xff,0xff,0x00,0xff,0xff,0xff,0x00,
    0xff,0xff,0xff,0x00,0xff,0xff,0xff,0x00,0xff,0xff,0xff,0x00,0xff,0xff,0xff,0x00,
    0xff,0xff,0xff,0x00,0xff,0xff,0xff,0x00,0xff,0xff,0xff,0x00,0xff,0xff,0xff,0x00,
    0xff,0xff,0xff,0x00,0xff,0xff,0xff,0x00,0xff,0xff,0xff,0x00,0xff,0xff,0xff,0x00,
    0xff,0xff,0xff,0x00,0xff,0xff,0xff,0x00,0xff,0xff,0xff,0x00,0xff,0xff,0xff,0x00,
    0xff,0xff,0xff,0x00,0xff,0xff,0xff,0x00,0xff,0xff,0xff,0x00,0xff,0xff,0xff,0x00,
    0xff,0xff,0xff,0x00,0x64,0x63,0x35,0xff,0x9c,0x98,0x4a,0xff,0x93,0x91,0x37,0xff,
    0x8f,0x8f,0x3b,0xff,0x91,0x8e,0x3d,0xff,0x91,0x8e,0x3d,0xff,0x91,0x8e,0x3d,0xff,
    0x91,0x8e,0x3d,0xff,0x94,0x90,0x3a,0xff,0x8a,0x8e,0x2f,0xff,0x81,0x87,0x37,0xff,
    0xb3,0xb4,0x81,0xff,0xf1,0xec,0xd5,0xff,0xff,0xf9,0xec,0xff,0xf8,0xf3,0xe4,0xff,
    0xf4,0xf3,0xdd,0xff,0xf1,0xf3,0xdf,0xff,0xf4,0xf2,0xe0,0xff,0xf7,0xf0,0xe1,0xff,
    0xf9,0xee,0xe3,0xff,0xf6,0xef,0xe2,0xff,0xf5,0xef,0xe2,0xff,0xf5,0xef,0xe2,0xff,
    0xf5,0xf0,0xe0,0xff,0xf3,0xf1,0xdf,0xff,0xfb,0xf1,0xeb,0xff,0x84,0x89,0x3c,0xff,
    0x4d,0x55,0x00,0xff,0xa7,0xa3,0x69,0xff,0xf0,0xde,0xe3,0xff,0xdc,0xd8,0xc7,0xff,
    0xd8,0xda,0xc6,0xff,0xdd,0xd5,0xce,0xff,0xdf,0xd6,0xcc,0xff,0xdf,0xd6,0xcc,0xff,
    0xdf,0xd6,0xcc,0xff,0xe0,0xd7,0xc9,0xff,0xdf,0xd7,0xca,0xff,0xdf,0xd7,0xcb,0xff,
    0xdf,0xd6,0xcc,0xff,0xdf,0xda,0xd3,0xff,0xe8,0xe2,0xd7,0xff,0xd2,0xc9,0xa9,0xff,
    0x93,0x8d,0x4d,0xff,0x6e,0x6c,0x15,0xff,0x74,0x74,0x18,0xff,0x7a,0x79,0x21,0xff,
    0x79,0x78,0x20,0xff,0x7a,0x7b,0x1e,0xff,0x7b,0x7c,0x20,0xff,0x7c,0x78,0x26,0xff,
    0x7e,0x77,0x2f,0xff,0x7e,0x7b,0x2f,0xff,0x7c,0x7d,0x3e,0xff,0x3a,0x36,0x21,0xff,
    0xff,0xff,0xff,0x00,0xff,0xff,0xff,0x00,0xff,0xff,0xff,0x00,0xff,0xff,0xff,0x00,
    0xff,0xff,0xff,0x00,0xff,0xff,0xff,0x00,0xff,0xff,0xff,0x00,0xff,0xff,0xff,0x00,
    0xff,0xff,0xff,0x00,0xff,0xff,0xff,0x00,0xff,0xff,0xff,0x00,0xff,0xff,0xff,0x00,
    0xff,0xff,0xff,0x00,0xff,0xff,0xff,0x00,0xff,0xff,0xff,0x00,0xff,0xff,0xff,0x00,
    0xff,0xff,0xff,0x00,0xff,0xff,0xff,0x00,0xff,0xff,0xff,0x00,0xff,0xff,0xff,0x00,
    0xff,0xff,0xff,0x00,0xff,0xff,0xff,0x00,0xff,0xff,0xff,0x00,0xff,0xff,0xff,0x00,
    0xff,0xff,0xff,0x00,0xff,0xff,0xff,0x00,0xff,0xff,0xff,0x00,0xff,0xff,0xff,0x00,
    0xff,0xff,0xff,0x00,0xff,0xff,0xff,0x00,0xff,0xff,0xff,0x00,0xff,0xff,0xff,0x00,
    0xff,0xff,0xff,0x00,0xff,0xff,0xff,0x00,0xff,0xff,0xff,0x00,0xff,0xff,0xff,0x00,
    0xff,0xff,0xff,0x00,0xff,0xff,0xff,0x00,0xff,0xff,0xff,0x00,0xff,0xff,0xff,0x00,
    0xff,0xff,0xff,0x00,0xff,0xff,0xff,0x00,0xff,0xff,0xff,0x00,0xff,0xff,0xff,0x00,
    0xff,0xff,0xff,0x00,0xff,0xff,0xff,0x00,0xff,0xff,0xff,0x00,0xff,0xff,0xff,0x00,
    0xff,0xff,0xff,0x00,0xff,0xff,0xff,0x00,0xff,0xff,0xff,0x00,0xff,0xff,0xff,0x00,
    0xff,0xff,0xff,0x00,0xff,0xff,0xff,0x00,0xff,0xff,0xff,0x00,0xff,0xff,0xff,0x00,
    0xff,0xff,0xff,0x00,0xff,0xff,0xff,0x00,0xff,0xff,0xff,0x00,0xff,0xff,0xff,0x00,
    0xff,0xff,0xff,0x00,0xff,0xff,0xff,0x00,0xff,0xff,0xff,0x00,0xff,0xff,0xff,0x00,
    0xff,0xff,0xff,0x00,0xff,0xff,0xff,0x00,0x60,0x64,0x34,0xff,0x9b,0x99,0x49,0xff,
    0x95,0x8d,0x3e,0xff,0x91,0x8e,0x3d,0xff,0x91,0x8e,0x3d,0xff,0x91,0x8e,0x3d,0xff,
    0x91,0x8e,0x3d,0xff,0x90,0x8f,0x3b,0xff,0x92,0x91,0x36,0xff,0x93,0x90,0x35,0xff,
    0x8c,0x84,0x32,0xff,0x98,0x90,0x4e,0xff,0xce,0xc9,0x97,0xff,0xf8,0xf3,0xda,0xff,
    0xfe,0xfb,0xef,0xff,0xf9,0xf5,0xe6,0xff,0xf6,0xee,0xe5,0xff,0xf5,0xee,0xe6,0xff,
    0xf5,0xef,0xe1,0xff,0xf5,0xef,0xe2,0xff,0xf5,0xef,0xe2,0xff,0xf5,0xef,0xe2,0xff,
    0xf5,0xef,0xe2,0xff,0xf2,0xee,0xe3,0xff,0xfc,0xf5,0xeb,0xff,0xb3,0xb3,0x81,0xff,
    0x70,0x73,0x2b,0xff,0xc6,0xc2,0x9b,0xff,0xe8,0xdb,0xd8,0xff,0xdf,0xd5,0xcd,0xff,
    0xdc,0xd7,0xca,0xff,0xde,0xd6,0xcd,0xff,0xdf,0xd6,0xcc,0xff,0xdf,0xd6,0xcc,0xff,
    0xdf,0xd6,0xcc,0xff,0xdf,0xd3,0xcf,0xff,0xdf,0xd4,0xd0,0xff,0xe3,0xdc,0xd4,0xff,
    0xe6,0xe1,0xd9,0xff,0xd1,0xd1,0xbf,0xff,0x9d,0xa2,0x6e,0xff,0x71,0x75,0x21,0xff,
    0x74,0x6d,0x19,0xff,0x7b,0x76,0x22,0xff,0x79,0x78,0x1f,0xff,0x79,0x78,0x20,0xff,
    0x79,0x78,0x20,0xff,0x7a,0x7b,0x1f,0xff,0x7a,0x7a,0x28,0xff,0x77,0x75,0x31,0xff,
    0x7a,0x7f,0x2e,0xff,0x7b,0x81,0x3a,0xff,0x3c,0x38,0x22,0xff,0xff,0xff,0xff,0x00,
    0xff,0xff,0xff,0x00,0xff,0xff,0xff,0x00,0xff,0xff,0xff,0x00,0xff,0xff,0xff,0x00,
    0xff,0xff,0xff,0x00,0xff,0xff,0xff,0x00,0xff,0xff,0xff,0x00,0xff,0xff,0xff,0x00,
    0xff,0xff,0xff,0x00,0xff,0xff,0xff,0x00,0xff,0xff,0xff,0x00,0xff,0xff,0xff,0x00,
    0xff,0xff,0xff,0x00,0xff,0xff,0xff,0x00,0xff,0xff,0xff,0x00,0xff,0xff,0xff,0x00,
    0xff,0xff,0xff,0x00,0xff,0xff,0xff,0x00,0xff,0xff,0xff,0x00,0xff,0xff,0xff,0x00,
    0xff,0xff,0xff,0x00,0xff,0xff,0xff,0x00,0xff,0xff,0xff,0x00,0xff,0xff,0xff,0x00,
    0xff,0xff,0xff,0x00,0xff,0xff,0xff,0x00,0xff,0xff,0xff,0x00,0xff,0xff,0xff,0x00,
    0xff,0xff,0xff,0x00,0xff,0xff,0xff,0x00,0xff,0xff,0xff,0x00,0xff,0xff,0xff,0x00,
    0xff,0xff,0xff,0x00,0xff,0xff,0xff,0x00,0xff,0xff,0xff,0x00,0xff,0xff,0xff,0x00,
    0xff,0xff,0xff,0x00,0xff,0xff,0xff,0x00,0xff,0xff,0xff,0x00,0xff,0xff,0xff,0x00,
    0xff,0xff,0xff,0x00,0xff,0xff,0xff,0x00,0xff,0xff,0xff,0x00,0xff,0xff,0xff,0x00,
    0xff,0xff,0xff,0x00,0xff,0xff,0xff,0x00,0xff,0xff,0xff,0x00,0xff,0xff,0xff,0x00,
    0xff,0xff,0xff,0x00,0xff,0xff,0xff,0x00,0xff,0xff,0xff,0x00,0xff,0xff,0xff,0x00,
    0xff,0xff,0xff,0x00,0xff,0xff,0xff,0x00,0xff,0xff,0xff,0x00,0xff,0xff,0xff,0x00,
    0xff,0xff,0xff,0x00,0xff,0xff,0xff,0x00,0xff,0xff,0xff,0x00,0xff,0xff,0xff,0x00,
    0xff,0xff,0xff,0x00,0xff,0xff,0xff,0x00,0xff,0xff,0xff,0x00,0xff,0xff,0xff,0x00,
    0xff,0xff,0xff,0x00,0xff,0xff,0xff,0x00,0xff,0xff,0xff,0x00,0x5e,0x5b,0x36,0xff,
    0x9d,0x97,0x4c,0xff,0x94,0x90,0x3c,0xff,0x91,0x8d,0x3d,0xff,0x91,0x8e,0x3e,0xff,
    0x91,0x8e,0x3d,0xff,0x90,0x8c,0x40,0xff,0x92,0x8c,0x41,0xff,0x92,0x8c,0x40,0xff,
    0x91,0x8e,0x3d,0xff,0x8e,0x8e,0x30,0xff,0x87,0x86,0x30,0xff,0x9d,0x96,0x5b,0xff,
    0xcc,0xc3,0xa0,0xff,0xee,0xec,0xcc,0xff,0xfc,0xf7,0xec,0xff,0xfb,0xf3,0xf3,0xff,
    0xf3,0xf2,0xe7,0xff,0xf4,0xf0,0xe2,0xff,0xf5,0xef,0xe2,0xff,0xf5,0xef,0xe2,0xff,
    0xf5,0xef,0xe3,0xff,0xf2,0xeb,0xe6,0xff,0xf4,0xec,0xe2,0xff,0xfd,0xf2,0xea,0xff,
    0xec,0xe1,0xd5,0xff,0xe2,0xda,0xcc,0xff,0xde,0xd5,0xca,0xff,0xe0,0xd3,0xd2,0xff,
    0xe0,0xd4,0xcf,0xff,0xdf,0xd6,0xcb,0xff,0xdf,0xd6,0xcc,0xff,0xdf,0xd6,0xce,0xff,
    0xe2,0xd9,0xd2,0xff,0xe5,0xdc,0xdb,0xff,0xe4,0xdc,0xd1,0xff,0xd3,0xcb,0xac,0xff,
    0xa9,0xa0,0x71,0xff,0x79,0x79,0x2e,0xff,0x69,0x6e,0x13,0xff,0x74,0x76,0x1d,0xff,
    0x7a,0x76,0x28,0xff,0x79,0x76,0x24,0xff,0x79,0x78,0x1f,0xff,0x79,0x78,0x20,0xff,
    0x79,0x78,0x1f,0xff,0x79,0x75,0x2b,0xff,0x79,0x7a,0x2f,0xff,0x76,0x7e,0x2f,0xff,
    0x75,0x7d,0x3c,0xff,0x34,0x36,0x1b,0xff,0xff,0xff,0xff,0x00,0xff,0xff,0xff,0x00,
    0xff,0xff,0xff,0x00,0xff,0xff,0xff,0x00,0xff,0xff,0xff,0x00,0xff,0xff,0xff,0x00,
    0xff,0xff,0xff,0x00,0xff,0xff,0xff,0x00,0xff,0xff,0xff,0x00,0xff,0xff,0xff,0x00,
    0xff,0xff,0xff,0x00,0xff,0xff,0xff,0x00,0xff,0xff,0xff,0x00,0xff,0xff,0xff,0x00,
    0xff,0xff,0xff,0x00,0xff,0xff,0xff,0x00,0xff,0xff,0xff,0x00,0xff,0xff,0xff,0x00,
    0xff,0xff,0xff,0x00,0xff,0xff,0xff,0x00,0xff,0xff,0xff,0x00,0xff,0xff,0xff,0x00,
    0xff,0xff,0xff,0x00,0xff,0xff,0xff,0x00,0xff,0xff,0xff,0x00,0xff,0xff,0xff,0x00,
    0xff,0xff,0xff,0x00,0xff,0xff,0xff,0x00,0xff,0xff,0xff,0x00,0xff,0xff,0xff,0x00,
    0xff,0xff,0xff,0x00,0xff,0xff,0xff,0x00,0xff,0xff,0xff,0x00,0xff,0xff,0xff,0x00,
    0xff,0xff,0xff,0x00,0xff,0xff,0xff,0x00,0xff,0xff,0xff,0x00,0xff,0xff,0xff,0x00,
    0xff,0xff,0xff,0x00,0xff,0xff,0xff,0x00,0xff,0xff,0xff,0x00,0xff,0xff,0xff,0x00,
    0xff,0xff,0xff,0x00,0xff,0xff,0xff,0x00,0xff,0xff,0xff,0x00,0xff,0xff,0xff,0x00,
    0xff,0xff,0xff,0x00,0xff,0xff,0xff,0x00,0xff,0xff,0xff,0x00,0xff,0xff,0xff,0x00,
    0xff,0xff,0xff,0x00,0xff,0xff,0xff,0x00,0xff,0xff,0xff,0x00,0xff,0xff,0xff,0x00,
    0xff,0xff,0xff,0x00,0xff,0xff,0xff,0x00,0xff,0xff,0xff,0x00,0xff,0xff,0xff,0x00,
    0xff,0xff,0xff,0x00,0xff,0xff,0xff,0x00,0xff,0xff,0xff,0x00,0xff,0xff,0xff,0x00,
    0xff,0xff,0xff,0x00,0xff,0xff,0xff,0x00,0xff,0xff,0xff,0x00,0xff,0xff,0xff,0x00,
    0xff,0xff,0xff,0x00,0xff,0xff,0xff,0x00,0xff,0xff,0xff,0x00,0xff,0xff,0xff,0x00,
    0x4e,0x4e,0x29,0xff,0x96,0x94,0x4b,0xff,0x96,0x96,0x38,0xff,0x93,0x91,0x37,0xff,
    0x92,0x8c,0x43,0xff,0x92,0x8e,0x3c,0xff,0x8d,0x8f,0x3d,0xff,0x8e,0x90,0x3a,0xff,
    0x92,0x90,0x38,0xff,0x90,0x8c,0x3e,0xff,0x91,0x8f,0x3a,0xff,0x8e,0x8c,0x34,0xff,
    0x8a,0x84,0x32,0xff,0x93,0x90,0x49,0xff,0xb5,0xb2,0x7b,0xff,0xd5,0xd3,0xb1,0xff,
    0xec,0xec,0xd8,0xff,0xfb,0xf3,0xed,0xff,0xff,0xf7,0xf1,0xff,0xfe,0xf6,0xee,0xff,
    0xfa,0xf3,0xe9,0xff,0xf5,0xf3,0xe1,0xff,0xf3,0xf2,0xdd,0xff,0xf6,0xef,0xe9,0xff,
    0xe8,0xdf,0xde,0xff,0xdb,0xd4,0xd0,0xff,0xde,0xd8,0xcf,0xff,0xe0,0xd7,0xd5,0xff,
    0xe3,0xdb,0xd5,0xff,0xe6,0xdd,0xd9,0xff,0xea,0xe0,0xd9,0xff,0xe8,0xdd,0xcc,0xff,
    0xda,0xce,0xb6,0xff,0xba,0xb7,0x88,0xff,0x91,0x91,0x51,0xff,0x75,0x72,0x24,0xff,
    0x72,0x6d,0x12,0xff,0x79,0x76,0x18,0xff,0x7a,0x77,0x1f,0xff,0x77,0x77,0x20,0xff,
    0x76,0x7a,0x1b,0xff,0x77,0x7b,0x1b,0xff,0x78,0x78,0x21,0xff,0x78,0x76,0x23,0xff,
    0x78,0x79,0x1e,0xff,0x79,0x7a,0x23,0xff,0x7e,0x83,0x2c,0xff,0x74,0x79,0x33,0xff,
    0x2c,0x27,0x1a,0xff,0xff,0xff,0xff,0x00,0xff,0xff,0xff,0x00,0xff,0xff,0xff,0x00,
    0xff,0xff,0xff,0x00,0xff,0xff,0xff,0x00,0xff,0xff,0xff,0x00,0xff,0xff,0xff,0x00,
    0xff,0xff,0xff,0x00,0xff,0xff,0xff,0x00,0xff,0xff,0xff,0x00,0xff,0xff,0xff,0x00,
    0xff,0xff,0xff,0x00,0xff,0xff,0xff,0x00,0xff,0xff,0xff,0x00,0xff,0xff,0xff,0x00,
    0xff,0xff,0xff,0x00,0xff,0xff,0xff,0x00,0xff,0xff,0xff,0x00,0xff,0xff,0xff,0x00,
    0xff,0xff,0xff,0x00,0xff,0xff,0xff,0x00,0xff,0xff,0xff,0x00,0xff,0xff,0xff,0x00,
    0xff,0xff,0xff,0x00,0xff,0xff,0xff,0x00,0xff,0xff,0xff,0x00,0xff,0xff,0xff,0x00,
    0xff,0xff,0xff,0x00,0xff,0xff,0xff,0x00,0xff,0xff,0xff,0x00,0xff,0xff,0xff,0x00,
    0xff,0xff,0xff,0x00,0xff,0xff,0xff,0x00,0xff,0xff,0xff,0x00,0xff,0xff,0xff,0x00,
    0xff,0xff,0xff,0x00,0xff,0xff,0xff,0x00,0xff,0xff,0xff,0x00,0xff,0xff,0xff,0x00,
    0xff,0xff,0xff,0x00,0xff,0xff,0xff,0x00,0xff,0xff,0xff,0x00,0xff,0xff,0xff,0x00,
    0xff,0xff,0xff,0x00,0xff,0xff,0xff,0x00,0xff,0xff,0xff,0x00,0xff,0xff,0xff,0x00,
    0xff,0xff,0xff,0x00,0xff,0xff,0xff,0x00,0xff,0xff,0xff,0x00,0xff,0xff,0xff,0x00,
    0xff,0xff,0xff,0x00,0xff,0xff,0xff,0x00,0xff,0xff,0xff,0x00,0xff,0xff,0xff,0x00,
    0xff,0xff,0xff,0x00,0xff,0xff,0xff,0x00,0xff,0xff,0xff,0x00,0xff,0xff,0xff,0x00,
    0xff,0xff,0xff,0x00,0xff,0xff,0xff,0x00,0xff,0xff,0xff,0x00,0xff,0xff,0xff,0x00,
    0xff,0xff,0xff,0x00,0xff,0xff,0xff,0x00,0xff,0xff,0xff,0x00,0xff,0xff,0xff,0x00,
    0xff,0xff,0xff,0x00,0xff,0xff,0xff,0x00,0xff,0xff,0xff,0x00,0xff,0xff,0xff,0x00,
    0xff,0xff,0xff,0x00,0x36,0x38,0x1e,0xff,0x8d,0x8a,0x46,0xff,0x9e,0x99,0x45,0xff,
    0x95,0x8e,0x40,0xff,0x94,0x8c,0x3f,0xff,0x8d,0x8d,0x3f,0xff,0x8e,0x8d,0x3f,0xff,
    0x95,0x8d,0x3e,0xff,0x92,0x8e,0x3d,0xff,0x91,0x8e,0x3d,0xff,0x91,0x8e,0x3d,0xff,
    0x91,0x8d,0x3e,0xff,0x91,0x86,0x40,0xff,0x89,0x86,0x30,0xff,0x87,0x8a,0x33,0xff,
    0x92,0x94,0x4e,0xff,0xa8,0xaa,0x6e,0xff,0xc0,0xbf,0x8e,0xff,0xd6,0xd0,0xad,0xff,
    0xe4,0xdb,0xc3,0xff,0xeb,0xe2,0xd5,0xff,0xf0,0xe5,0xdd,0xff,0xf5,0xea,0xe4,0xff,
    0xe8,0xdc,0xd8,0xff,0xdd,0xd3,0xcb,0xff,0xdb,0xd2,0xc6,0xff,0xd3,0xcc,0xb8,0xff,
    0xc8,0xc4,0xab,0xff,0xba,0xb7,0x92,0xff,0xa7,0xa3,0x72,0xff,0x90,0x8b,0x4b,0xff,
    0x7e,0x76,0x2c,0xff,0x74,0x71,0x18,0xff,0x72,0x71,0x15,0xff,0x76,0x75,0x1b,0xff,
    0x77,0x76,0x1e,0xff,0x76,0x77,0x1d,0xff,0x77,0x77,0x1c,0xff,0x77,0x77,0x1c,0xff,
    0x77,0x77,0x1c,0xff,0x7a,0x78,0x1d,0xff,0x7b,0x7a,0x1d,0xff,0x79,0x7a,0x1d,0xff,
    0x7a,0x7a,0x23,0xff,0x7f,0x81,0x36,0xff,0x66,0x67,0x34,0xff,0x20,0x1e,0x0c,0xff,
    0xff,0xff,0xff,0x00,0xff,0xff,0xff,0x00,0xff,0xff,0xff,0x00,0xff,0xff,0xff,0x00,
    0xff,0xff,0xff,0x00,0xff,0xff,0xff,0x00,0xff,0xff,0xff,0x00,0xff,0xff,0xff,0x00,
    0xff,0xff,0xff,0x00,0xff,0xff,0xff,0x00,0xff,0xff,0xff,0x00,0xff,0xff,0xff,0x00,
    0xff,0xff,0xff,0x00,0xff,0xff,0xff,0x00,0xff,0xff,0xff,0x00,0xff,0xff,0xff,0x00,
    0xff,0xff,0xff,0x00,0xff,0xff,0xff,0x00,0xff,0xff,0xff,0x00,0xff,0xff,0xff,0x00,
    0xff,0xff,0xff,0x00,0xff,0xff,0xff,0x00,0xff,0xff,0xff,0x00,0xff,0xff,0xff,0x00,
    0xff,0xff,0xff,0x00,0xff,0xff,0xff,0x00,0xff,0xff,0xff,0x00,0xff,0xff,0xff,0x00,
    0xff,0xff,0xff,0x00,0xff,0xff,0xff,0x00,0xff,0xff,0xff,0x00,0xff,0xff,0xff,0x00,
    0xff,0xff,0xff,0x00,0xff,0xff,0xff,0x00,0xff,0xff,0xff,0x00,0xff,0xff,0xff,0x00,
    0xff,0xff,0xff,0x00,0xff,0xff,0xff,0x00,0xff,0xff,0xff,0x00,0xff,0xff,0xff,0x00,
    0xff,0xff,0xff,0x00,0xff,0xff,0xff,0x00,0xff,0xff,0xff,0x00,0xff,0xff,0xff,0x00,
    0xff,0xff,0xff,0x00,0xff,0xff,0xff,0x00,0xff,0xff,0xff,0x00,0xff,0xff,0xff,0x00,
    0xff,0xff,0xff,0x00,0xff,0xff,0xff,0x00,0xff,0xff,0xff,0x00,0xff,0xff,0xff,0x00,
    0xff,0xff,0xff,0x00,0xff,0xff,0xff,0x00,0xff,0xff,0xff,0x00,0xff,0xff,0xff,0x00,
    0xff,0xff,0xff,0x00,0xff,0xff,0xff,0x00,0xff,0xff,0xff,0x00,0xff,0xff,0xff,0x00,
    0xff,0xff,0xff,0x00,0xff,0xff,0xff,0x00,0xff,0xff,0xff,0x00,0xff,0xff,0xff,0x00,
    0xff,0xff,0xff,0x00,0xff,0xff,0xff,0x00,0xff,0xff,0xff,0x00,0xff,0xff,0xff,0x00,
    0xff,0xff,0xff,0x00,0xff,0xff,0xff,0x00,0xff,0xff,0xff,0x00,0xff,0xff,0xff,0x00,
    0xff,0xff,0xff,0x00,0xff,0xff,0xff,0x00,0x1e,0x19,0x14,0xff,0x75,0x6f,0x43,0xff,
    0x9b,0x9c,0x45,0xff,0x94,0x93,0x3b,0xff,0x8f,0x90,0x38,0xff,0x8d,0x8e,0x3e,0xff,
    0x8c,0x8b,0x44,0xff,0x91,0x8e,0x3d,0xff,0x91,0x8e,0x3d,0xff,0x92,0x8f,0x3e,0xff,
    0x91,0x8f,0x3f,0xff,0x8a,0x8e,0x43,0xff,0x8d,0x91,0x3c,0xff,0x93,0x92,0x39,0xff,
    0x93,0x8e,0x3a,0xff,0x8a,0x89,0x33,0xff,0x88,0x86,0x32,0xff,0x8a,0x87,0x38,0xff,
    0x8f,0x8a,0x40,0xff,0x92,0x91,0x47,0xff,0x99,0x97,0x4e,0xff,0xa0,0x9e,0x54,0xff,
    0x91,0x8f,0x46,0xff,0x85,0x83,0x3a,0xff,0x81,0x81,0x32,0xff,0x7a,0x7d,0x25,0xff,
    0x72,0x77,0x17,0xff,0x6f,0x72,0x15,0xff,0x6f,0x70,0x15,0xff,0x74,0x71,0x16,0xff,
    0x7c,0x77,0x1c,0xff,0x7a,0x78,0x1f,0xff,0x77,0x76,0x1e,0xff,0x78,0x77,0x1f,0xff,
    0x78,0x77,0x1f,0xff,0x78,0x78,0x1e,0xff,0x78,0x78,0x1e,0xff,0x77,0x76,0x20,0xff,
    0x78,0x76,0x22,0xff,0x7d,0x74,0x26,0xff,0x7d,0x79,0x1b,0xff,0x7d,0x80,0x1f,0xff,
    0x7f,0x79,0x3d,0xff,0x4d,0x4b,0x2c,0xff,0x0a,0x0b,0x06,0xff,0xff,0xff,0xff,0x00,
    0xff,0xff,0xff,0x00,0xff,0xff,0xff,0x00,0xff,0xff,0xff,0x00,0xff,0xff,0xff,0x00,
    0xff,0xff,0xff,0x00,0xff,0xff,0xff,0x00,0xff,0xff,0xff,0x00,0xff,0xff,0xff,0x00,
    0xff,0xff,0xff,0x00,0xff,0xff,0xff,0x00,0xff,0xff,0xff,0x00,0xff,0xff,0xff,0x00,
    0xff,0xff,0xff,0x00,0xff,0xff,0xff,0x00,0xff,0xff,0xff,0x00,0xff,0xff,0xff,0x00,
    0xff,0xff,0xff,0x00,0xff,0xff,0xff,0x00,0xff,0xff,0xff,0x00,0xff,0xff,0xff,0x00,
    0xff,0xff,0xff,0x00,0xff,0xff,0xff,0x00,0xff,0xff,0xff,0x00,0xff,0xff,0xff,0x00,
    0xff,0xff,0xff,0x00,0xff,0xff,0xff,0x00,0xff,0xff,0xff,0x00,0xff,0xff,0xff,0x00,
    0xff,0xff,0xff,0x00,0xff,0xff,0xff,0x00,0xff,0xff,0xff,0x00,0xff,0xff,0xff,0x00,
    0xff,0xff,0xff,0x00,0xff,0xff,0xff,0x00,0xff,0xff,0xff,0x00,0xff,0xff,0xff,0x00,
    0xff,0xff,0xff,0x00,0xff,0xff,0xff,0x00,0xff,0xff,0xff,0x00,0xff,0xff,0xff,0x00,
    0xff,0xff,0xff,0x00,0xff,0xff,0xff,0x00,0xff,0xff,0xff,0x00,0xff,0xff,0xff,0x00,
    0xff,0xff,0xff,0x00,0xff,0xff,0xff,0x00,0xff,0xff,0xff,0x00,0xff,0xff,0xff,0x00,
    0xff,0xff,0xff,0x00,0xff,0xff,0xff,0x00,0xff,0xff,0xff,0x00,0xff,0xff,0xff,0x00,
    0xff,0xff,0xff,0x00,0xff,0xff,0xff,0x00,0xff,0xff,0xff,0x00,0xff,0xff,0xff,0x00,
    0xff,0xff,0xff,0x00,0xff,0xff,0xff,0x00,0xff,0xff,0xff,0x00,0xff,0xff,0xff,0x00,
    0xff,0xff,0xff,0x00,0xff,0xff,0xff,0x00,0xff,0xff,0xff,0x00,0xff,0xff,0xff,0x00,
    0xff,0xff,0xff,0x00,0xff,0xff,0xff,0x00,0xff,0xff,0xff,0x00,0xff,0xff,0xff,0x00,
    0xff,0xff,0xff,0x00,0xff,0xff,0xff,0x00,0xff,0xff,0xff,0x00,0xff,0xff,0xff,0x00,
    0xff,0xff,0xff,0x00,0xff,0xff,0xff,0x00,0xff,0xff,0xff,0x00,0xff,0xff,0xff,0x00,
    0x47,0x4b,0x26,0xff,0x88,0x8d,0x4d,0xff,0x98,0x99,0x44,0xff,0x94,0x93,0x34,0xff,
    0x90,0x8f,0x3a,0xff,0x91,0x8e,0x3d,0xff,0x91,0x8e,0x3d,0xff,0x94,0x91,0x40,0xff,
    0x93,0x92,0x3f,0xff,0x8d,0x94,0x3c,0xff,0x90,0x92,0x41,0xff,0x93,0x8f,0x46,0xff,
    0x95,0x8c,0x4a,0xff,0x95,0x8c,0x4a,0xff,0x95,0x8f,0x45,0xff,0x95,0x92,0x3f,0xff,
    0x94,0x93,0x39,0xff,0x8f,0x8c,0x3b,0xff,0x8e,0x8a,0x39,0xff,0x8f,0x8d,0x38,0xff,
    0x7d,0x7c,0x25,0xff,0x73,0x70,0x1b,0xff,0x76,0x73,0x20,0xff,0x77,0x74,0x21,0xff,
    0x79,0x76,0x23,0xff,0x7a,0x76,0x22,0xff,0x7a,0x77,0x23,0xff,0x7a,0x76,0x24,0xff,
    0x79,0x76,0x24,0xff,0x77,0x75,0x20,0xff,0x77,0x76,0x1e,0xff,0x78,0x77,0x1f,0xff,
    0x79,0x78,0x20,0xff,0x79,0x7a,0x1e,0xff,0x79,0x79,0x1e,0xff,0x79,0x77,0x24,0xff,
    0x7b,0x77,0x29,0xff,0x7f,0x77,0x2b,0xff,0x84,0x7e,0x36,0xff,0x6b,0x68,0x35,0xff,
    0x2e,0x2a,0x18,0xff,0xff,0xff,0xff,0x00,0xff,0xff,0xff,0x00,0x01,0x00,0x09,0xff,
    0xff,0xff,0xff,0x00,0xff,0xff,0xff,0x00,0xff,0xff,0xff,0x00,0xff,0xff,0xff,0x00,
    0xff,0xff,0xff,0x00,0xff,0xff,0xff,0x00,0xff,0xff,0xff,0x00,0xff,0xff,0xff,0x00,
    0xff,0xff,0xff,0x00,0xff,0xff,0xff,0x00,0xff,0xff,0xff,0x00,0xff,0xff,0xff,0x00,
    0xff,0xff,0xff,0x00,0xff,0xff,0xff,0x00,0xff,0xff,0xff,0x00,0xff,0xff,0xff,0x00,
    0xff,0xff,0xff,0x00,0xff,0xff,0xff,0x00,0xff,0xff,0xff,0x00,0xff,0xff,0xff,0x00,
    0xff,0xff,0xff,0x00,0xff,0xff,0xff,0x00,0xff,0xff,0xff,0x00,0xff,0xff,0xff,0x00,
    0xff,0xff,0xff,0x00,0xff,0xff,0xff,0x00,0xff,0xff,0xff,0x00,0xff,0xff,0xff,0x00,
    0xff,0xff,0xff,0x00,0xff,0xff,0xff,0x00,0xff,0xff,0xff,0x00,0xff,0xff,0xff,0x00,
    0xff,0xff,0xff,0x00,0xff,0xff,0xff,0x00,0xff,0xff,0xff,0x00,0xff,0xff,0xff,0x00,
    0xff,0xff,0xff,0x00,0xff,0xff,0xff,0x00,0xff,0xff,0xff,0x00,0xff,0xff,0xff,0x00,
    0xff,0xff,0xff,0x00,0xff,0xff,0xff,0x00,0xff,0xff,0xff,0x00,0xff,0xff,0xff,0x00,
    0xff,0xff,0xff,0x00,0xff,0xff,0xff,0x00,0xff,0xff,0xff,0x00,0xff,0xff,0xff,0x00,
    0xff,0xff,0xff,0x00,0xff,0xff,0xff,0x00,0xff,0xff,0xff,0x00,0xff,0xff,0xff,0x00,
    0xff,0xff,0xff,0x00,0xff,0xff,0xff,0x00,0xff,0xff,0xff,0x00,0xff,0xff,0xff,0x00,
    0xff,0xff,0xff,0x00,0xff,0xff,0xff,0x00,0xff,0xff,0xff,0x00,0xff,0xff,0xff,0x00,
    0xff,0xff,0xff,0x00,0xff,0xff,0xff,0x00,0xff,0xff,0xff,0x00,0xff,0xff,0xff,0x00,
    0xff,0xff,0xff,0x00,0xff,0xff,0xff,0x00,0xff,0xff,0xff,0x00,0xff,0xff,0xff,0x00,
    0xff,0xff,0xff,0x00,0xff,0xff,0xff,0x00,0xff,0xff,0xff,0x00,0xff,0xff,0xff,0x00,
    0xff,0xff,0xff,0x00,0xff,0xff,0xff,0x00,0xff,0xff,0xff,0x00,0xff,0xff,0xff,0x00,
    0xff,0xff,0xff,0x00,0x18,0x1b,0x10,0xff,0x64,0x61,0x3a,0xff,0x97,0x91,0x4a,0xff,
    0x9b,0x99,0x41,0xff,0x94,0x91,0x3d,0xff,0x93,0x90,0x3c,0xff,0x94,0x91,0x3f,0xff,
    0x94,0x8f,0x43,0xff,0x94,0x91,0x3f,0xff,0x95,0x91,0x3f,0xff,0x95,0x91,0x3c,0xff,
    0x95,0x92,0x39,0xff,0x92,0x92,0x3a,0xff,0x92,0x91,0x3d,0xff,0x92,0x8f,0x40,0xff,
    0x92,0x8e,0x42,0xff,0x91,0x8d,0x40,0xff,0x91,0x8d,0x3e,0xff,0x93,0x91,0x3d,0xff,
    0x82,0x82,0x2a,0xff,0x77,0x78,0x1c,0xff,0x79,0x79,0x1f,0xff,0x79,0x78,0x22,0xff,
    0x79,0x77,0x24,0xff,0x79,0x78,0x22,0xff,0x79,0x78,0x22,0xff,0x78,0x77,0x23,0xff,
    0x77,0x78,0x22,0xff,0x77,0x79,0x1c,0xff,0x78,0x79,0x1b,0xff,0x7a,0x78,0x21,0xff,
    0x7b,0x76,0x23,0xff,0x7a,0x77,0x21,0xff,0x7a,0x77,0x22,0xff,0x7d,0x7a,0x28,0xff,
    0x83,0x80,0x2f,0xff,0x73,0x75,0x34,0xff,0x43,0x44,0x23,0xff,0x0d,0x0b,0x07,0xff,
    0xff,0xff,0xff,0x00,0xff,0xff,0xff,0x00,0xff,0xff,0xff,0x00,0xff,0xff,0xff,0x00,
    0xff,0xff,0xff,0x00,0xff,0xff,0xff,0x00,0xff,0xff,0xff,0x00,0xff,0xff,0xff,0x00,
    0xff,0xff,0xff,0x00,0xff,0xff,0xff,0x00,0xff,0xff,0xff,0x00,0xff,0xff,0xff,0x00,
    0xff,0xff,0xff,0x00,0xff,0xff,0xff,0x00,0xff,0xff,0xff,0x00,0xff,0xff,0xff,0x00,
    0xff,0xff,0xff,0x00,0xff,0xff,0xff,0x00,0xff,0xff,0xff,0x00,0xff,0xff,0xff,0x00,
    0xff,0xff,0xff,0x00,0xff,0xff,0xff,0x00,0xff,0xff,0xff,0x00,0xff,0xff,0xff,0x00,
    0xff,0xff,0xff,0x00,0xff,0xff,0xff,0x00,0xff,0xff,0xff,0x00,0xff,0xff,0xff,0x00,
    0xff,0xff,0xff,0x00,0xff,0xff,0xff,0x00,0xff,0xff,0xff,0x00,0xff,0xff,0xff,0x00,
    0xff,0xff,0xff,0x00,0xff,0xff,0xff,0x00,0xff,0xff,0xff,0x00,0xff,0xff,0xff,0x00,
    0xff,0xff,0xff,0x00,0xff,0xff,0xff,0x00,0xff,0xff,0xff,0x00,0xff,0xff,0xff,0x00,
    0xff,0xff,0xff,0x00,0xff,0xff,0xff,0x00,0xff,0xff,0xff,0x00,0xff,0xff,0xff,0x00,
    0xff,0xff,0xff,0x00,0xff,0xff,0xff,0x00,0xff,0xff,0xff,0x00,0xff,0xff,0xff,0x00,
    0xff,0xff,0xff,0x00,0xff,0xff,0xff,0x00,0xff,0xff,0xff,0x00,0xff,0xff,0xff,0x00,
    0xff,0xff,0xff,0x00,0xff,0xff,0xff,0x00,0xff,0xff,0xff,0x00,0xff,0xff,0xff,0x00,
    0xff,0xff,0xff,0x00,0xff,0xff,0xff,0x00,0xff,0xff,0xff,0x00,0xff,0xff,0xff,0x00,
    0xff,0xff,0xff,0x00,0xff,0xff,0xff,0x00,0xff,0xff,0xff,0x00,0xff,0xff,0xff,0x00,
    0xff,0xff,0xff,0x00,0xff,0xff,0xff,0x00,0xff,0xff,0xff,0x00,0xff,0xff,0xff,0x00,
    0xff,0xff,0xff,0x00,0xff,0xff,0xff,0x00,0xff,0xff,0xff,0x00,0xff,0xff,0xff,0x00,
    0xff,0xff,0xff,0x00,0xff,0xff,0xff,0x00,0xff,0xff,0xff,0x00,0xff,0xff,0xff,0x00,
    0xff,0xff,0xff,0x00,0xff,0xff,0xff,0x00,0xff,0xff,0xff,0x00,0xff,0xff,0xff,0x00,
    0xff,0xff,0xff,0x00,0xff,0xff,0xff,0x00,0xff,0xff,0xff,0x00,0x2b,0x28,0x19,0xff,
    0x67,0x69,0x37,0xff,0x91,0x93,0x4e,0xff,0x97,0x9a,0x46,0xff,0x96,0x97,0x3b,0xff,
    0x96,0x93,0x3b,0xff,0x91,0x92,0x3e,0xff,0x90,0x91,0x40,0xff,0x8d,0x8d,0x41,0xff,
    0x8d,0x8b,0x42,0xff,0x90,0x8e,0x3d,0xff,0x91,0x8e,0x3d,0xff,0x91,0x8e,0x3d,0xff,
    0x91,0x8e,0x3d,0xff,0x91,0x8d,0x3f,0xff,0x91,0x8d,0x3e,0xff,0x93,0x90,0x3d,0xff,
    0x83,0x82,0x2c,0xff,0x77,0x76,0x20,0xff,0x79,0x78,0x22,0xff,0x79,0x78,0x20,0xff,
    0x79,0x78,0x1f,0xff,0x79,0x7a,0x1e,0xff,0x79,0x79,0x1f,0xff,0x79,0x79,0x1f,0xff,
    0x79,0x79,0x1e,0xff,0x7a,0x76,0x24,0xff,0x7b,0x75,0x24,0xff,0x7d,0x78,0x22,0xff,
    0x7e,0x7a,0x20,0xff,0x7e,0x7d,0x23,0xff,0x81,0x80,0x33,0xff,0x74,0x71,0x3c,0xff,
    0x4c,0x47,0x25,0xff,0x14,0x17,0x0a,0xff,0xff,0xff,0xff,0x00,0xff,0xff,0xff,0x00,
    0xff,0xff,0xff,0x00,0xff,0xff,0xff,0x00,0xff,0xff,0xff,0x00,0xff,0xff,0xff,0x00,
    0xff,0xff,0xff,0x00,0xff,0xff,0xff,0x00,0xff,0xff,0xff,0x00,0xff,0xff,0xff,0x00,
    0xff,0xff,0xff,0x00,0xff,0xff,0xff,0x00,0xff,0xff,0xff,0x00,0xff,0xff,0xff,0x00,
    0xff,0xff,0xff,0x00,0xff,0xff,0xff,0x00,0xff,0xff,0xff,0x00,0xff,0xff,0xff,0x00,
    0xff,0xff,0xff,0x00,0xff,0xff,0xff,0x00,0xff,0xff,0xff,0x00,0xff,0xff,0xff,0x00,
    0xff,0xff,0xff,0x00,0xff,0xff,0xff,0x00,0xff,0xff,0xff,0x00,0xff,0xff,0xff,0x00,
    0xff,0xff,0xff,0x00,0xff,0xff,0xff,0x00,0xff,0xff,0xff,0x00,0xff,0xff,0xff,0x00,
    0xff,0xff,0xff,0x00,0xff,0xff,0xff,0x00,0xff,0xff,0xff,0x00,0xff,0xff,0xff,0x00,
    0xff,0xff,0xff,0x00,0xff,0xff,0xff,0x00,0xff,0xff,0xff,0x00,0xff,0xff,0xff,0x00,
    0xff,0xff,0xff,0x00,0xff,0xff,0xff,0x00,0xff,0xff,0xff,0x00,0xff,0xff,0xff,0x00,
    0xff,0xff,0xff,0x00,0xff,0xff,0xff,0x00,0xff,0xff,0xff,0x00,0xff,0xff,0xff,0x00,
    0xff,0xff,0xff,0x00,0xff,0xff,0xff,0x00,0xff,0xff,0xff,0x00,0xff,0xff,0xff,0x00,
    0xff,0xff,0xff,0x00,0xff,0xff,0xff,0x00,0xff,0xff,0xff,0x00,0xff,0xff,0xff,0x00,
    0xff,0xff,0xff,0x00,0xff,0xff,0xff,0x00,0xff,0xff,0xff,0x00,0xff,0xff,0xff,0x00,
    0xff,0xff,0xff,0x00,0xff,0xff,0xff,0x00,0xff,0xff,0xff,0x00,0xff,0xff,0xff,0x00,
    0xff,0xff,0xff,0x00,0xff,0xff,0xff,0x00,0xff,0xff,0xff,0x00,0xff,0xff,0xff,0x00,
    0xff,0xff,0xff,0x00,0xff,0xff,0xff,0x00,0xff,0xff,0xff,0x00,0xff,0xff,0xff,0x00,
    0xff,0xff,0xff,0x00,0xff,0xff,0xff,0x00,0xff,0xff,0xff,0x00,0xff,0xff,0xff,0x00,
    0xff,0xff,0xff,0x00,0xff,0xff,0xff,0x00,0xff,0xff,0xff,0x00,0xff,0xff,0xff,0x00,
    0xff,0xff,0xff,0x00,0xff,0xff,0xff,0x00,0xff,0xff,0xff,0x00,0xff,0xff,0xff,0x00,
    0xff,0xff,0xff,0x00,0xff,0xff,0xff,0x00,0xff,0xff,0xff,0x00,0xff,0xff,0xff,0x00,
    0xff,0xff,0xff,0x00,0x22,0x24,0x17,0xff,0x59,0x5a,0x37,0xff,0x89,0x88,0x48,0xff,
    0x9d,0x9b,0x47,0xff,0x9d,0x99,0x44,0xff,0x96,0x93,0x40,0xff,0x8d,0x8f,0x3b,0xff,
    0x8c,0x90,0x3c,0xff,0x91,0x8f,0x3e,0xff,0x91,0x8e,0x3d,0xff,0x91,0x8e,0x3d,0xff,
    0x91,0x8e,0x3d,0xff,0x91,0x8d,0x3f,0xff,0x91,0x8d,0x3e,0xff,0x93,0x90,0x3d,0xff,
    0x82,0x81,0x2b,0xff,0x76,0x77,0x1b,0xff,0x78,0x79,0x1d,0xff,0x79,0x79,0x20,0xff,
    0x7a,0x78,0x22,0xff,0x77,0x76,0x24,0xff,0x76,0x78,0x20,0xff,0x77,0x7b,0x1d,0xff,
    0x76,0x79,0x1e,0xff,0x7b,0x7a,0x21,0xff,0x7e,0x7c,0x25,0xff,0x80,0x7f,0x2d,0xff,
    0x81,0x80,0x32,0xff,0x6a,0x6a,0x30,0xff,0x42,0x41,0x20,0xff,0x14,0x12,0x0c,0xff,
    0xff,0xff,0xff,0x00,0xff,0xff,0xff,0x00,0xff,0xff,0xff,0x00,0xff,0xff,0xff,0x00,
    0xff,0xff,0xff,0x00,0xff,0xff,0xff,0x00,0xff,0xff,0xff,0x00,0xff,0xff,0xff,0x00,
    0xff,0xff,0xff,0x00,0xff,0xff,0xff,0x00,0xff,0xff,0xff,0x00,0xff,0xff,0xff,0x00,
    0xff,0xff,0xff,0x00,0xff,0xff,0xff,0x00,0xff,0xff,0xff,0x00,0xff,0xff,0xff,0x00,
    0xff,0xff,0xff,0x00,0xff,0xff,0xff,0x00,0xff,0xff,0xff,0x00,0xff,0xff,0xff,0x00,
    0xff,0xff,0xff,0x00,0xff,0xff,0xff,0x00,0xff,0xff,0xff,0x00,0xff,0xff,0xff,0x00,
    0xff,0xff,0xff,0x00,0xff,0xff,0xff,0x00,0xff,0xff,0xff,0x00,0xff,0xff,0xff,0x00,
    0xff,0xff,0xff,0x00,0xff,0xff,0xff,0x00,0xff,0xff,0xff,0x00,0xff,0xff,0xff,0x00,
    0xff,0xff,0xff,0x00,0xff,0xff,0xff,0x00,0xff,0xff,0xff,0x00,0xff,0xff,0xff,0x00,
    0xff,0xff,0xff,0x00,0xff,0xff,0xff,0x00,0xff,0xff,0xff,0x00,0xff,0xff,0xff,0x00,
    0xff,0xff,0xff,0x00,0xff,0xff,0xff,0x00,0xff,0xff,0xff,0x00,0xff,0xff,0xff,0x00,
    0xff,0xff,0xff,0x00,0xff,0xff,0xff,0x00,0xff,0xff,0xff,0x00,0xff,0xff,0xff,0x00,
    0xff,0xff,0xff,0x00,0xff,0xff,0xff,0x00,0xff,0xff,0xff,0x00,0xff,0xff,0xff,0x00,
    0xff,0xff,0xff,0x00,0xff,0xff,0xff,0x00,0xff,0xff,0xff,0x00,0xff,0xff,0xff,0x00,
    0xff,0xff,0xff,0x00,0xff,0xff,0xff,0x00,0xff,0xff,0xff,0x00,0xff,0xff,0xff,0x00,
    0xff,0xff,0xff,0x00,0xff,0xff,0xff,0x00,0xff,0xff,0xff,0x00,0xff,0xff,0xff,0x00,
    0xff,0xff,0xff,0x00,0xff,0xff,0xff,0x00,0xff,0xff,0xff,0x00,0xff,0xff,0xff,0x00,
    0xff,0xff,0xff,0x00,0xff,0xff,0xff,0x00,0xff,0xff,0xff,0x00,0xff,0xff,0xff,0x00,
    0xff,0xff,0xff,0x00,0xff,0xff,0xff,0x00,0xff,0xff,0xff,0x00,0xff,0xff,0xff,0x00,
    0xff,0xff,0xff,0x00,0xff,0xff,0xff,0x00,0xff,0xff,0xff,0x00,0xff,0xff,0xff,0x00,
    0xff,0xff,0xff,0x00,0xff,0xff,0xff,0x00,0xff,0xff,0xff,0x00,0xff,0xff,0xff,0x00,
    0xff,0xff,0xff,0x00,0xff,0xff,0xff,0x00,0xff,0xff,0xff,0x00,0xff,0xff,0xff,0x00,
    0xff,0xff,0xff,0x00,0xff,0xff,0xff,0x00,0xff,0xff,0xff,0x00,0x19,0x13,0x0d,0xff,
    0x41,0x3d,0x25,0xff,0x6c,0x68,0x3a,0xff,0x89,0x84,0x48,0xff,0x9a,0x95,0x49,0xff,
    0x9f,0x99,0x42,0xff,0x9a,0x97,0x40,0xff,0x96,0x93,0x3e,0xff,0x93,0x91,0x3d,0xff,
    0x92,0x8f,0x3c,0xff,0x92,0x8d,0x3e,0xff,0x92,0x8d,0x3d,0xff,0x93,0x90,0x3c,0xff,
    0x81,0x80,0x28,0xff,0x76,0x76,0x1a,0xff,0x79,0x78,0x1f,0xff,0x7a,0x77,0x25,0xff,
    0x7e,0x79,0x2d,0xff,0x7c,0x7a,0x2d,0xff,0x7a,0x7e,0x25,0xff,0x7e,0x81,0x29,0xff,
    0x80,0x7d,0x38,0xff,0x7e,0x80,0x35,0xff,0x6e,0x73,0x2f,0xff,0x50,0x52,0x2a,0xff,
    0x2a,0x29,0x19,0xff,0x09,0x07,0x08,0xff,0xff,0xff,0xff,0x00,0xff,0xff,0xff,0x00,
    0xff,0xff,0xff,0x00,0xff,0xff,0xff,0x00,0xff,0xff,0xff,0x00,0xff,0xff,0xff,0x00,
    0xff,0xff,0xff,0x00,0xff,0xff,0xff,0x00,0xff,0xff,0xff,0x00,0xff,0xff,0xff,0x00,
    0xff,0xff,0xff,0x00,0xff,0xff,0xff,0x00,0xff,0xff,0xff,0x00,0xff,0xff,0xff,0x00,
    0xff,0xff,0xff,0x00,0xff,0xff,0xff,0x00,0xff,0xff,0xff,0x00,0xff,0xff,0xff,0x00,
    0xff,0xff,0xff,0x00,0xff,0xff,0xff,0x00,0xff,0xff,0xff,0x00,0xff,0xff,0xff,0x00,
    0xff,0xff,0xff,0x00,0xff,0xff,0xff,0x00,0xff,0xff,0xff,0x00,0xff,0xff,0xff,0x00,
    0xff,0xff,0xff,0x00,0xff,0xff,0xff,0x00,0xff,0xff,0xff,0x00,0xff,0xff,0xff,0x00,
    0xff,0xff,0xff,0x00,0xff,0xff,0xff,0x00,0xff,0xff,0xff,0x00,0xff,0xff,0xff,0x00,
    0xff,0xff,0xff,0x00,0xff,0xff,0xff,0x00,0xff,0xff,0xff,0x00,0xff,0xff,0xff,0x00,
    0xff,0xff,0xff,0x00,0xff,0xff,0xff,0x00,0xff,0xff,0xff,0x00,0xff,0xff,0xff,0x00,
    0xff,0xff,0xff,0x00,0xff,0xff,0xff,0x00,0xff,0xff,0xff,0x00,0xff,0xff,0xff,0x00,
    0xff,0xff,0xff,0x00,0xff,0xff,0xff,0x00,0xff,0xff,0xff,0x00,0xff,0xff,0xff,0x00,
    0xff,0xff,0xff,0x00,0xff,0xff,0xff,0x00,0xff,0xff,0xff,0x00,0xff,0xff,0xff,0x00,
    0xff,0xff,0xff,0x00,0xff,0xff,0xff,0x00,0xff,0xff,0xff,0x00,0xff,0xff,0xff,0x00,
    0xff,0xff,0xff,0x00,0xff,0xff,0xff,0x00,0xff,0xff,0xff,0x00,0xff,0xff,0xff,0x00,
    0xff,0xff,0xff,0x00,0xff,0xff,0xff,0x00,0xff,0xff,0xff,0x00,0xff,0xff,0xff,0x00,
    0xff,0xff,0xff,0x00,0xff,0xff,0xff,0x00,0xff,0xff,0xff,0x00,0xff,0xff,0xff,0x00,
    0xff,0xff,0xff,0x00,0xff,0xff,0xff,0x00,0xff,0xff,0xff,0x00,0xff,0xff,0xff,0x00,
    0xff,0xff,0xff,0x00,0xff,0xff,0xff,0x00,0xff,0xff,0xff,0x00,0xff,0xff,0xff,0x00,
    0xff,0xff,0xff,0x00,0xff,0xff,0xff,0x00,0xff,0xff,0xff,0x00,0xff,0xff,0xff,0x00,
    0xff,0xff,0xff,0x00,0xff,0xff,0xff,0x00,0xff,0xff,0xff,0x00,0xff,0xff,0xff,0x00,
    0xff,0xff,0xff,0x00,0xff,0xff,0xff,0x00,0xff,0xff,0xff,0x00,0xff,0xff,0xff,0x00,
    0xff,0xff,0xff,0x00,0xff,0xff,0xff,0x00,0xff,0xff,0xff,0x00,0xff,0xff,0xff,0x00,
    0xff,0xff,0xff,0x00,0xff,0xff,0xff,0x00,0x10,0x14,0x0b,0xff,0x32,0x33,0x1c,0xff,
    0x52,0x51,0x2b,0xff,0x70,0x6e,0x35,0xff,0x84,0x80,0x41,0xff,0x8e,0x89,0x45,0xff,
    0x96,0x90,0x47,0xff,0x97,0x95,0x49,0xff,0x97,0x96,0x49,0xff,0x99,0x99,0x49,0xff,
    0x87,0x87,0x37,0xff,0x81,0x7f,0x2d,0xff,0x84,0x80,0x32,0xff,0x82,0x7b,0x37,0xff,
    0x7f,0x76,0x38,0xff,0x73,0x72,0x37,0xff,0x6a,0x6c,0x2e,0xff,0x5a,0x59,0x26,0xff,
    0x46,0x3d,0x21,0xff,0x27,0x20,0x17,0xff,0x0d,0x09,0x07,0xff,0xff,0xff,0xff,0x00,
    0xff,0xff,0xff,0x00,0xff,0xff,0xff,0x00,0xff,0xff,0xff,0x00,0xff,0xff,0xff,0x00,
    0xff,0xff,0xff,0x00,0xff,0xff,0xff,0x00,0xff,0xff,0xff,0x00,0xff,0xff,0xff,0x00,
    0xff,0xff,0xff,0x00,0xff,0xff,0xff,0x00,0xff,0xff,0xff,0x00,0xff,0xff,0xff,0x00,
    0xff,0xff,0xff,0x00,0xff,0xff,0xff,0x00,0xff,0xff,0xff,0x00,0xff,0xff,0xff,0x00,
    0xff,0xff,0xff,0x00,0xff,0xff,0xff,0x00,0xff,0xff,0xff,0x00,0xff,0xff,0xff,0x00,
    0xff,0xff,0xff,0x00,0xff,0xff,0xff,0x00,0xff,0xff,0xff,0x00,0xff,0xff,0xff,0x00,
    0xff,0xff,0xff,0x00,0xff,0xff,0xff,0x00,0xff,0xff,0xff,0x00,0xff,0xff,0xff,0x00,
    0xff,0xff,0xff,0x00,0xff,0xff,0xff,0x00,0xff,0xff,0xff,0x00,0xff,0xff,0xff,0x00,
    0xff,0xff,0xff,0x00,0xff,0xff,0xff,0x00,0xff,0xff,0xff,0x00,0xff,0xff,0xff,0x00,
    0xff,0xff,0xff,0x00,0xff,0xff,0xff,0x00,0xff,0xff,0xff,0x00,0xff,0xff,0xff,0x00,
    0xff,0xff,0xff,0x00,0xff,0xff,0xff,0x00,0xff,0xff,0xff,0x00,0xff,0xff,0xff,0x00,
    0xff,0xff,0xff,0x00,0xff,0xff,0xff,0x00,0xff,0xff,0xff,0x00,0xff,0xff,0xff,0x00,
    0xff,0xff,0xff,0x00,0xff,0xff,0xff,0x00,0xff,0xff,0xff,0x00,0xff,0xff,0xff,0x00,
    0xff,0xff,0xff,0x00,0xff,0xff,0xff,0x00,0xff,0xff,0xff,0x00,0xff,0xff,0xff,0x00,
    0xff,0xff,0xff,0x00,0xff,0xff,0xff,0x00,0xff,0xff,0xff,0x00,0xff,0xff,0xff,0x00,
    0xff,0xff,0xff,0x00,0xff,0xff,0xff,0x00,0xff,0xff,0xff,0x00,0xff,0xff,0xff,0x00,
    0xff,0xff,0xff,0x00,0xff,0xff,0xff,0x00,0xff,0xff,0xff,0x00,0xff,0xff,0xff,0x00,
    0xff,0xff,0xff,0x00,0xff,0xff,0xff,0x00,0xff,0xff,0xff,0x00,0xff,0xff,0xff,0x00,
    0xff,0xff,0xff,0x00,0xff,0xff,0xff,0x00,0xff,0xff,0xff,0x00,0xff,0xff,0xff,0x00,
    0xff,0xff,0xff,0x00,0xff,0xff,0xff,0x00,0xff,0xff,0xff,0x00,0xff,0xff,0xff,0x00,
    0xff,0xff,0xff,0x00,0xff,0xff,0xff,0x00,0xff,0xff,0xff,0x00,0xff,0xff,0xff,0x00,
    0xff,0xff,0xff,0x00,0xff,0xff,0xff,0x00,0xff,0xff,0xff,0x00,0xff,0xff,0xff,0x00,
    0xff,0xff,0xff,0x00,0xff,0xff,0xff,0x00,0xff,0xff,0xff,0x00,0xff,0xff,0xff,0x00,
    0xff,0xff,0xff,0x00,0xff,0xff,0xff,0x00,0xff,0xff,0xff,0x00,0xff,0xff,0xff,0x00,
    0xff,0xff,0xff,0x00,0xff,0xff,0xff,0x00,0xff,0xff,0xff,0x00,0xff,0xff,0xff,0x00,
    0xff,0xff,0xff,0x00,0xff,0xff,0xff,0x00,0x0a,0x0d,0x06,0xff,0x19,0x1a,0x0d,0xff,
    0x2b,0x29,0x14,0xff,0x36,0x35,0x1b,0xff,0x3d,0x3b,0x20,0xff,0x43,0x41,0x24,0xff,
    0x3c,0x3b,0x1d,0xff,0x37,0x38,0x1a,0xff,0x30,0x31,0x18,0xff,0x2a,0x2a,0x16,0xff,
    0x21,0x1f,0x0f,0xff,0x16,0x14,0x0c,0xff,0x0b,0x08,0x06,0xff,0xff,0xff,0xff,0x00,
    0xff,0xff,0xff,0x00,0xff,0xff,0xff,0x00,0xff,0xff,0xff,0x00,0xff,0xff,0xff,0x00,
    0xff,0xff,0xff,0x00,0xff,0xff,0xff,0x00,0xff,0xff,0xff,0x00,0xff,0xff,0xff,0x00,
    0xff,0xff,0xff,0x00,0xff,0xff,0xff,0x00,0xff,0xff,0xff,0x00,0xff,0xff,0xff,0x00,
    0xff,0xff,0xff,0x00,0xff,0xff,0xff,0x00,0xff,0xff,0xff,0x00,0xff,0xff,0xff,0x00,
    0xff,0xff,0xff,0x00,0xff,0xff,0xff,0x00,0xff,0xff,0xff,0x00,0xff,0xff,0xff,0x00,
    0xff,0xff,0xff,0x00,0xff,0xff,0xff,0x00,0xff,0xff,0xff,0x00,0xff,0xff,0xff,0x00,
    0xff,0xff,0xff,0x00,0xff,0xff,0xff,0x00,0xff,0xff,0xff,0x00,0xff,0xff,0xff,0x00,
    0xff,0xff,0xff,0x00,0xff,0xff,0xff,0x00,0xff,0xff,0xff,0x00,0xff,0xff,0xff,0x00,
    0xff,0xff,0xff,0x00,0xff,0xff,0xff,0x00,0xff,0xff,0xff,0x00,0xff,0xff,0xff,0x00,
    0xff,0xff,0xff,0x00,0xff,0xff,0xff,0x00,0xff,0xff,0xff,0x00,0xff,0xff,0xff,0x00,
    0xff,0xff,0xff,0x00,0xff,0xff,0xff,0x00,0xff,0xff,0xff,0x00,0xff,0xff,0xff,0x00,
    0xff,0xff,0xff,0x00,0xff,0xff,0xff,0x00,0xff,0xff,0xff,0x00,0xff,0xff,0xff,0x00,
    0xff,0xff,0xff,0x00,0xff,0xff,0xff,0x00,0xff,0xff,0xff,0x00,0xff,0xff,0xff,0x00,
    0xff,0xff,0xff,0x00,0xff,0xff,0xff,0x00,0xff,0xff,0xff,0x00,0xff,0xff,0xff,0x00,
    0xff,0xff,0xff,0x00,0xff,0xff,0xff,0x00,0xff,0xff,0xff,0x00,0xff,0xff,0xff,0x00,
    0xff,0xff,0xff,0x00,0xff,0xff,0xff,0x00,0xff,0xff,0xff,0x00,0xff,0xff,0xff,0x00,
    0xff,0xff,0xff,0x00,0xff,0xff,0xff,0x00,0xff,0xff,0xff,0x00,0xff,0xff,0xff,0x00,
    0xff,0xff,0xff,0x00,0xff,0xff,0xff,0x00,0xff,0xff,0xff,0x00,0xff,0xff,0xff,0x00,
    0xff,0xff,0xff,0x00,0xff,0xff,0xff,0x00,0xff,0xff,0xff,0x00,0xff,0xff,0xff,0x00,
    0xff,0xff,0xff,0x00,0xff,0xff,0xff,0x00,0xff,0xff,0xff,0x00,0xff,0xff,0xff,0x00,
    0xff,0xff,0xff,0x00,0xff,0xff,0xff,0x00,0xff,0xff,0xff,0x00,0xff,0xff,0xff,0x00,
    0xff,0xff,0xff,0x00,0xff,0xff,0xff,0x00,0xff,0xff,0xff,0x00,0xff,0xff,0xff,0x00,
    0xff,0xff,0xff,0x00,0xff,0xff,0xff,0x00,0xff,0xff,0xff,0x00,0xff,0xff,0xff,0x00,
    0xff,0xff,0xff,0x00,0xff,0xff,0xff,0x00,0xff,0xff,0xff,0x00,0xff,0xff,0xff,0x00,
    0xff,0xff,0xff,0x00,0xff,0xff,0xff,0x00,0xff,0xff,0xff,0x00,0xff,0xff,0xff,0x00,
    0xff,0xff,0xff,0x00,0xff,0xff,0xff,0x00,0xff,0xff,0xff,0x00,0xff,0xff,0xff,0x00,
    0xff,0xff,0xff,0x00,0xff,0xff,0xff,0x00,0xff,0xff,0xff,0x00,0xff,0xff,0xff,0x00,
    0xff,0xff,0xff,0x00,0xff,0xff,0xff,0x00,0xff,0xff,0xff,0x00,0xff,0xff,0xff,0x00,
    0xff,0xff,0xff,0x00,0xff,0xff,0xff,0x00,0xff,0xff,0xff,0x00,0xff,0xff,0xff,0x00,
    0xff,0xff,0xff,0x00,0xff,0xff,0xff,0x00,0xff,0xff,0xff,0x00,0xff,0xff,0xff,0x00,
    0xff,0xff,0xff,0x00,0xff,0xff,0xff,0x00,0xff,0xff,0xff,0x00,0xff,0xff,0xff,0x00,
    0xff,0xff,0xff,0x00,0xff,0xff,0xff,0x00,0xff,0xff,0xff,0x00,0xff,0xff,0xff,0x00,
    0xff,0xff,0xff,0x00,0xff,0xff,0xff,0x00,0xff,0xff,0xff,0x00,0xff,0xff,0xff,0x00,
    0xff,0xff,0xff,0x00,0xff,0xff,0xff,0x00,0xff,0xff,0xff,0x00,0xff,0xff,0xff,0x00,
    0xff,0xff,0xff,0x00,0xff,0xff,0xff,0x00,0xff,0xff,0xff,0x00,0xff,0xff,0xff,0x00,
    0xff,0xff,0xff,0x00,0xff,0xff,0xff,0x00,0xff,0xff,0xff,0x00,0xff,0xff,0xff,0x00,
    0xff,0xff,0xff,0x00,0xff,0xff,0xff,0x00,0xff,0xff,0xff,0x00,0xff,0xff,0xff,0x00,
    0xff,0xff,0xff,0x00,0xff,0xff,0xff,0x00,0xff,0xff,0xff,0x00,0xff,0xff,0xff,0x00,
    0xff,0xff,0xff,0x00,0xff,0xff,0xff,0x00,0xff,0xff,0xff,0x00,0xff,0xff,0xff,0x00,
    0xff,0xff,0xff,0x00,0xff,0xff,0xff,0x00,0xff,0xff,0xff,0x00,0xff,0xff,0xff,0x00,
    0xff,0xff,0xff,0x00,0xff,0xff,0xff,0x00,0xff,0xff,0xff,0x00,0xff,0xff,0xff,0x00,
    0xff,0xff,0xff,0x00,0xff,0xff,0xff,0x00,0xff,0xff,0xff,0x00,0xff,0xff,0xff,0x00,
    0xff,0xff,0xff,0x00,0xff,0xff,0xff,0x00,0xff,0xff,0xff,0x00,0xff,0xff,0xff,0x00,
    0xff,0xff,0xff,0x00,0xff,0xff,0xff,0x00,0xff,0xff,0xff,0x00,0xff,0xff,0xff,0x00,
    0xff,0xff,0xff,0x00,0xff,0xff,0xff,0x00,0xff,0xff,0xff,0x00,0xff,0xff,0xff,0x00,
    0xff,0xff,0xff,0x00,0xff,0xff,0xff,0x00,0xff,0xff,0xff,0x00,0xff,0xff,0xff,0x00,
    0xff,0xff,0xff,0x00,0xff,0xff,0xff,0x00,0xff,0xff,0xff,0x00,0xff,0xff,0xff,0x00,
    0xff,0xff,0xff,0x00,0xff,0xff,0xff,0x00,0xff,0xff,0xff,0x00,0xff,0xff,0xff,0x00,
    0xff,0xff,0xff,0x00,0xff,0xff,0xff,0x00,0xff,0xff,0xff,0x00,0xff,0xff,0xff,0x00,
    0xff,0xff,0xff,0x00,0xff,0xff,0xff,0x00,0xff,0xff,0xff,0x00,0xff,0xff,0xff,0x00,
    0xff,0xff,0xff,0x00,0xff,0xff,0xff,0x00,0xff,0xff,0xff,0x00,0xff,0xff,0xff,0x00,
    0xff,0xff,0xff,0x00,0xff,0xff,0xff,0x00,0xff,0xff,0xff,0x00,0xff,0xff,0xff,0x00,
    0xff,0xff,0xff,0x00,0xff,0xff,0xff,0x00,0xff,0xff,0xff,0x00,0xff,0xff,0xff,0x00,
    0xff,0xff,0xff,0x00,0xff,0xff,0xff,0x00,0xff,0xff,0xff,0x00,0xff,0xff,0xff,0x00,
    0xff,0xff,0xff,0x00,0xff,0xff,0xff,0x00,0xff,0xff,0xff,0x00,0xff,0xff,0xff,0x00,
    0xff,0xff,0xff,0x00,0xff,0xff,0xff,0x00,0xff,0xff,0xff,0x00,0xff,0xff,0xff,0x00,
    0xff,0xff,0xff,0x00,0xff,0xff,0xff,0x00,0xff,0xff,0xff,0x00,0xff,0xff,0xff,0x00,
    0xff,0xff,0xff,0x00,0xff,0xff,0xff,0x00,0xff,0xff,0xff,0x00,0xff,0xff,0xff,0x00,
    0xff,0xff,0xff,0x00,0xff,0xff,0xff,0x00,0xff,0xff,0xff,0x00,0xff,0xff,0xff,0x00,
    0xff,0xff,0xff,0x00,0xff,0xff,0xff,0x00,0xff,0xff,0xff,0x00,0xff,0xff,0xff,0x00,
    0xff,0xff,0xff,0x00,0xff,0xff,0xff,0x00,0xff,0xff,0xff,0x00,0xff,0xff,0xff,0x00,
    0xff,0xff,0xff,0x00,0xff,0xff,0xff,0x00,0xff,0xff,0xff,0x00,0xff,0xff,0xff,0x00,
    0xff,0xff,0xff,0x00,0xff,0xff,0xff,0x00,0xff,0xff,0xff,0x00,0xff,0xff,0xff,0x00,
    0xff,0xff,0xff,0x00,0xff,0xff,0xff,0x00,0xff,0xff,0xff,0x00,0xff,0xff,0xff,0x00,
    0xff,0xff,0xff,0x00,0xff,0xff,0xff,0x00,0xff,0xff,0xff,0x00,0xff,0xff,0xff,0x00,
    0xff,0xff,0xff,0x00,0xff,0xff,0xff,0x00,0xff,0xff,0xff,0x00,0xff,0xff,0xff,0x00,
    0xff,0xff,0xff,0x00,0xff,0xff,0xff,0x00,0xff,0xff,0xff,0x00,0xff,0xff,0xff,0x00,
    0xff,0xff,0xff,0x00,0xff,0xff,0xff,0x00,0xff,0xff,0xff,0x00,0xff,0xff,0xff,0x00,
    0xff,0xff,0xff,0x00,0xff,0xff,0xff,0x00,0xff,0xff,0xff,0x00,0xff,0xff,0xff,0x00,
    0xff,0xff,0xff,0x00,0xff,0xff,0xff,0x00,0xff,0xff,0xff,0x00,0xff,0xff,0xff,0x00,
    0xff,0xff,0xff,0x00,0xff,0xff,0xff,0x00,0xff,0xff,0xff,0x00,0xff,0xff,0xff,0x00,
    0xff,0xff,0xff,0x00,0xff,0xff,0xff,0x00,0xff,0xff,0xff,0x00,0xff,0xff,0xff,0x00,
    0xff,0xff,0xff,0x00,0xff,0xff,0xff,0x00,0xff,0xff,0xff,0x00,0xff,0xff,0xff,0x00,
    0xff,0xff,0xff,0x00,0xff,0xff,0xff,0x00,0xff,0xff,0xff,0x00,0xff,0xff,0xff,0x00,
    0xff,0xff,0xff,0x00,0xff,0xff,0xff,0x00,0xff,0xff,0xff,0x00,0xff,0xff,0xff,0x00,
    0xff,0xff,0xff,0x00,0xff,0xff,0xff,0x00,0xff,0xff,0xff,0x00,0xff,0xff,0xff,0x00,
    0xff,0xff,0xff,0x00,0xff,0xff,0xff,0x00,0xff,0xff,0xff,0x00,0xff,0xff,0xff,0x00,
    0xff,0xff,0xff,0x00,0xff,0xff,0xff,0x00,0xff,0xff,0xff,0x00,0xff,0xff,0xff,0x00,
    0xff,0xff,0xff,0x00,0xff,0xff,0xff,0x00,0xff,0xff,0xff,0x00,0xff,0xff,0xff,0x00,
    0xff,0xff,0xff,0x00,0xff,0xff,0xff,0x00,0xff,0xff,0xff,0x00,0xff,0xff,0xff,0x00,
    0xff,0xff,0xff,0x00,0xff,0xff,0xff,0x00,0xff,0xff,0xff,0x00,0xff,0xff,0xff,0x00,
    0xff,0xff,0xff,0x00,0xff,0xff,0xff,0x00,0xff,0xff,0xff,0x00,0xff,0xff,0xff,0x00,
    0xff,0xff,0xff,0x00,0xff,0xff,0xff,0x00,0xff,0xff,0xff,0x00,0xff,0xff,0xff,0x00,
    0xff,0xff,0xff,0x00,0xff,0xff,0xff,0x00,0xff,0xff,0xff,0x00,0xff,0xff,0xff,0x00,
    0xff,0xff,0xff,0x00,0xff,0xff,0xff,0x00,0xff,0xff,0xff,0x00,0xff,0xff,0xff,0x00,
    0xff,0xff,0xff,0x00,0xff,0xff,0xff,0x00,0xff,0xff,0xff,0x00,0xff,0xff,0xff,0x00,
    0xff,0xff,0xff,0x00,0xff,0xff,0xff,0x00,0xff,0xff,0xff,0x00,0xff,0xff,0xff,0x00,
    0xff,0xff,0xff,0x00,0xff,0xff,0xff,0x00,0xff,0xff,0xff,0x00,0xff,0xff,0xff,0x00,
    0xff,0xff,0xff,0x00,0xff,0xff,0xff,0x00,0xff,0xff,0xff,0x00,0xff,0xff,0xff,0x00,
    0xff,0xff,0xff,0x00,0xff,0xff,0xff,0x00,0xff,0xff,0xff,0x00,0xff,0xff,0xff,0x00,
    0xff,0xff,0xff,0x00,0xff,0xff,0xff,0x00,0xff,0xff,0xff,0x00,0xff,0xff,0xff,0x00,
    0xff,0xff,0xff,0x00,0xff,0xff,0xff,0x00,0xff,0xff,0xff,0x00,0xff,0xff,0xff,0x00,
    0xff,0xff,0xff,0x00,0xff,0xff,0xff,0x00,0xff,0xff,0xff,0x00,0xff,0xff,0xff,0x00,
    0xff,0xff,0xff,0x00,0xff,0xff,0xff,0x00,0xff,0xff,0xff,0x00,0xff,0xff,0xff,0x00,
    0xff,0xff,0xff,0x00,0xff,0xff,0xff,0x00,0xff,0xff,0xff,0x00,0xff,0xff,0xff,0x00,
    0xff,0xff,0xff,0x00,0xff,0xff,0xff,0x00,0xff,0xff,0xff,0x00,0xff,0xff,0xff,0x00,
    0xff,0xff,0xff,0x00,0xff,0xff,0xff,0x00,0xff,0xff,0xff,0x00,0xff,0xff,0xff,0x00,
    0xff,0xff,0xff,0x00,0xff,0xff,0xff,0x00,0xff,0xff,0xff,0x00,0xff,0xff,0xff,0x00,
    0xff,0xff,0xff,0x00,0xff,0xff,0xff,0x00,0xff,0xff,0xff,0x00,0xff,0xff,0xff,0x00,
    0xff,0xff,0xff,0x00,0xff,0xff,0xff,0x00,0xff,0xff,0xff,0x00,0xff,0xff,0xff,0x00,
    0xff,0xff,0xff,0x00,0xff,0xff,0xff,0x00,0xff,0xff,0xff,0x00,0xff,0xff,0xff,0x00,
    0xff,0xff,0xff,0x00,0xff,0xff,0xff,0x00,0xff,0xff,0xff,0x00,0xff,0xff,0xff,0x00,
    0xff,0xff,0xff,0x00,0xff,0xff,0xff,0x00,0xff,0xff,0xff,0x00,0xff,0xff,0xff,0x00,
    0xff,0xff,0xff,0x00,0xff,0xff,0xff,0x00,0xff,0xff,0xff,0x00,0xff,0xff,0xff,0x00,
    0xff,0xff,0xff,0x00,0xff,0xff,0xff,0x00,0xff,0xff,0xff,0x00,0xff,0xff,0xff,0x00,
    0xff,0xff,0xff,0x00,0xff,0xff,0xff,0x00,0xff,0xff,0xff,0x00,0xff,0xff,0xff,0x00,
    0xff,0xff,0xff,0x00,0xff,0xff,0xff,0x00,0xff,0xff,0xff,0x00,0xff,0xff,0xff,0x00,
    0xff,0xff,0xff,0x00,0xff,0xff,0xff,0x00,0xff,0xff,0xff,0x00,0xff,0xff,0xff,0x00,
    0xff,0xff,0xff,0x00,0xff,0xff,0xff,0x00,0xff,0xff,0xff,0x00,0xff,0xff,0xff,0x00,
    0xff,0xff,0xff,0x00,0xff,0xff,0xff,0x00,0xff,0xff,0xff,0x00,0xff,0xff,0xff,0x00,
    0xff,0xff,0xff,0x00,0xff,0xff,0xff,0x00,0xff,0xff,0xff,0x00,0xff,0xff,0xff,0x00,
    0xff,0xff,0xff,0x00,0xff,0xff,0xff,0x00,0xff,0xff,0xff,0x00,0xff,0xff,0xff,0x00,
    0xff,0xff,0xff,0x00,0xff,0xff,0xff,0x00,0xff,0xff,0xff,0x00,0xff,0xff,0xff,0x00,
    0xff,0xff,0xff,0x00,0xff,0xff,0xff,0x00,0xff,0xff,0xff,0x00,0xff,0xff,0xff,0x00,
    0xff,0xff,0xff,0x00,0xff,0xff,0xff,0x00,0xff,0xff,0xff,0x00,0xff,0xff,0xff,0x00,
    0xff,0xff,0xff,0x00,0xff,0xff,0xff,0x00,0xff,0xff,0xff,0x00,0xff,0xff,0xff,0x00,
    0xff,0xff,0xff,0x00,0xff,0xff,0xff,0x00,0xff,0xff,0xff,0x00,0xff,0xff,0xff,0x00,
    0xff,0xff,0xff,0x00,0xff,0xff,0xff,0x00,0xff,0xff,0xff,0x00,0xff,0xff,0xff,0x00,
    0xff,0xff,0xff,0x00,0xff,0xff,0xff,0x00,0xff,0xff,0xff,0x00,0xff,0xff,0xff,0x00,
    0xff,0xff,0xff,0x00,0xff,0xff,0xff,0x00,0xff,0xff,0xff,0x00,0xff,0xff,0xff,0x00,
    0xff,0xff,0xff,0x00,0xff,0xff,0xff,0x00,0xff,0xff,0xff,0x00,0xff,0xff,0xff,0x00,
    0xff,0xff,0xff,0x00,0xff,0xff,0xff,0x00,0xff,0xff,0xff,0x00,0xff,0xff,0xff,0x00,
    0xff,0xff,0xff,0x00,0xff,0xff,0xff,0x00,0xff,0xff,0xff,0x00,0xff,0xff,0xff,0x00,
    0xff,0xff,0xff,0x00,0xff,0xff,0xff,0x00,0xff,0xff,0xff,0x00,0xff,0xff,0xff,0x00,
    0xff,0xff,0xff,0x00,0xff,0xff,0xff,0x00,0xff,0xff,0xff,0x00,0xff,0xff,0xff,0x00,
    0xff,0xff,0xff,0x00,0xff,0xff,0xff,0x00,0xff,0xff,0xff,0x00,0xff,0xff,0xff,0x00,
    0xff,0xff,0xff,0x00,0xff,0xff,0xff,0x00,0xff,0xff,0xff,0x00,0xff,0xff,0xff,0x00,
    0xff,0xff,0xff,0x00,0xff,0xff,0xff,0x00,0xff,0xff,0xff,0x00,0xff,0xff,0xff,0x00,
    0xff,0xff,0xff,0x00,0xff,0xff,0xff,0x00,0xff,0xff,0xff,0x00,0xff,0xff,0xff,0x00,
    0xff,0xff,0xff,0x00,0xff,0xff,0xff,0x00,0xff,0xff,0xff,0x00,0xff,0xff,0xff,0x00,
    0xff,0xff,0xff,0x00,0xff,0xff,0xff,0x00,0xff,0xff,0xff,0x00,0xff,0xff,0xff,0x00,
    0xff,0xff,0xff,0x00,0xff,0xff,0xff,0x00,0xff,0xff,0xff,0x00,0xff,0xff,0xff,0x00,
    0xff,0xff,0xff,0x00,0xff,0xff,0xff,0x00,0xff,0xff,0xff,0x00,0xff,0xff,0xff,0x00,
    0xff,0xff,0xff,0x00,0xff,0xff,0xff,0x00,0xff,0xff,0xff,0x00,0xff,0xff,0xff,0x00,
    0xff,0xff,0xff,0x00,0xff,0xff,0xff,0x00,0xff,0xff,0xff,0x00,0xff,0xff,0xff,0x00,
    0xff,0xff,0xff,0x00,0xff,0xff,0xff,0x00,0xff,0xff,0xff,0x00,0xff,0xff,0xff,0x00,
    0xff,0xff,0xff,0x00,0xff,0xff,0xff,0x00,0xff,0xff,0xff,0x00,0xff,0xff,0xff,0x00,
    0xff,0xff,0xff,0x00,0xff,0xff,0xff,0x00,0xff,0xff,0xff,0x00,0xff,0xff,0xff,0x00,
    0xff,0xff,0xff,0x00,0xff,0xff,0xff,0x00,0xff,0xff,0xff,0x00,0xff,0xff,0xff,0x00,
    0xff,0xff,0xff,0x00,0xff,0xff,0xff,0x00,0xff,0xff,0xff,0x00,0xff,0xff,0xff,0x00,
    0xff,0xff,0xff,0x00,0xff,0xff,0xff,0x00,0xff,0xff,0xff,0x00,0xff,0xff,0xff,0x00,
    0xff,0xff,0xff,0x00,0xff,0xff,0xff,0x00,0xff,0xff,0xff,0x00,0xff,0xff,0xff,0x00,
    0xff,0xff,0xff,0x00,0xff,0xff,0xff,0x00,0xff,0xff,0xff,0x00,0xff,0xff,0xff,0x00,
    0xff,0xff,0xff,0x00,0xff,0xff,0xff,0x00,0xff,0xff,0xff,0x00,0xff,0xff,0xff,0x00,
    0xff,0xff,0xff,0x00,0xff,0xff,0xff,0x00,0xff,0xff,0xff,0x00,0xff,0xff,0xff,0x00,
    0xff,0xff,0xff,0x00,0xff,0xff,0xff,0x00,0xff,0xff,0xff,0x00,0xff,0xff,0xff,0x00,
    0xff,0xff,0xff,0x00,0xff,0xff,0xff,0x00,0xff,0xff,0xff,0x00,0xff,0xff,0xff,0x00,
    0xff,0xff,0xff,0x00,0xff,0xff,0xff,0x00,0xff,0xff,0xff,0x00,0xff,0xff,0xff,0x00,
    0xff,0xff,0xff,0x00,0xff,0xff,0xff,0x00,0xff,0xff,0xff,0x00,0xff,0xff,0xff,0x00,
    0xff,0xff,0xff,0x00,0xff,0xff,0xff,0x00,0xff,0xff,0xff,0x00,0xff,0xff,0xff,0x00,
    0xff,0xff,0xff,0x00,0xff,0xff,0xff,0x00,0xff,0xff,0xff,0x00,0xff,0xff,0xff,0x00,
    0xff,0xff,0xff,0x00,0xff,0xff,0xff,0x00,0xff,0xff,0xff,0x00,0xff,0xff,0xff,0x00,
    0xff,0xff,0xff,0x00,0xff,0xff,0xff,0x00,0xff,0xff,0xff,0x00,0xff,0xff,0xff,0x00,
    0xff,0xff,0xff,0x00,0xff,0xff,0xff,0x00,0xff,0xff,0xff,0x00,0xff,0xff,0xff,0x00,
    0xff,0xff,0xff,0x00,0xff,0xff,0xff,0x00,0xff,0xff,0xff,0x00,0xff,0xff,0xff,0x00,
    0xff,0xff,0xff,0x00,0xff,0xff,0xff,0x00,0xff,0xff,0xff,0x00,0xff,0xff,0xff,0x00,
    0xff,0xff,0xff,0x00,0xff,0xff,0xff,0x00,0xff,0xff,0xff,0x00,0xff,0xff,0xff,0x00,
    0xff,0xff,0xff,0x00,0xff,0xff,0xff,0x00,0xff,0xff,0xff,0x00,0xff,0xff,0xff,0x00,
    0xff,0xff,0xff,0x00,0xff,0xff,0xff,0x00,0xff,0xff,0xff,0x00,0xff,0xff,0xff,0x00,
    0xff,0xff,0xff,0x00,0xff,0xff,0xff,0x00,0xff,0xff,0xff,0x00,0xff,0xff,0xff,0x00,
    0xff,0xff,0xff,0x00,0xff,0xff,0xff,0x00,0xff,0xff,0xff,0x00,0xff,0xff,0xff,0x00,
    0xff,0xff,0xff,0x00,0xff,0xff,0xff,0x00,0xff,0xff,0xff,0x00,0xff,0xff,0xff,0x00,
    0xff,0xff,0xff,0x00,0xff,0xff,0xff,0x00,0xff,0xff,0xff,0x00,0xff,0xff,0xff,0x00,
    0xff,0xff,0xff,0x00,0xff,0xff,0xff,0x00,0xff,0xff,0xff,0x00,0xff,0xff,0xff,0x00,
    0xff,0xff,0xff,0x00,0xff,0xff,0xff,0x00,0xff,0xff,0xff,0x00,0xff,0xff,0xff,0x00,
    0xff,0xff,0xff,0x00,0xff,0xff,0xff,0x00,0xff,0xff,0xff,0x00,0xff,0xff,0xff,0x00,
    0xff,0xff,0xff,0x00,0xff,0xff,0xff,0x00,0xff,0xff,0xff,0x00,0xff,0xff,0xff,0x00,
    0xff,0xff,0xff,0x00,0xff,0xff,0xff,0x00,0xff,0xff,0xff,0x00,0xff,0xff,0xff,0x00,
    0xff,0xff,0xff,0x00,0xff,0xff,0xff,0x00,0xff,0xff,0xff,0x00,0xff,0xff,0xff,0x00,
    0xff,0xff,0xff,0x00,0xff,0xff,0xff,0x00,0xff,0xff,0xff,0x00,0xff,0xff,0xff,0x00,
    0xff,0xff,0xff,0x00,0xff,0xff,0xff,0x00,0xff,0xff,0xff,0x00,0xff,0xff,0xff,0x00,
    0xff,0xff,0xff,0x00,0xff,0xff,0xff,0x00,0xff,0xff,0xff,0x00,0xff,0xff,0xff,0x00,
    0xff,0xff,0xff,0x00,0xff,0xff,0xff,0x00,0xff,0xff,0xff,0x00,0xff,0xff,0xff,0x00,
    0xff,0xff,0xff,0x00,0xff,0xff,0xff,0x00,0xff,0xff,0xff,0x00,0xff,0xff,0xff,0x00,
    0xff,0xff,0xff,0x00,0xff,0xff,0xff,0x00,0xff,0xff,0xff,0x00,0xff,0xff,0xff,0x00,
    0xff,0xff,0xff,0x00,0xff,0xff,0xff,0x00,0xff,0xff,0xff,0x00,0xff,0xff,0xff,0x00,
    0xff,0xff,0xff,0x00,0xff,0xff,0xff,0x00,0xff,0xff,0xff,0x00,0xff,0xff,0xff,0x00,
    0xff,0xff,0xff,0x00,0xff,0xff,0xff,0x00,0xff,0xff,0xff,0x00,0xff,0xff,0xff,0x00,
    0xff,0xff,0xff,0x00,0xff,0xff,0xff,0x00,0xff,0xff,0xff,0x00,0xff,0xff,0xff,0x00,
    0xff,0xff,0xff,0x00,0xff,0xff,0xff,0x00,0xff,0xff,0xff,0x00,0xff,0xff,0xff,0x00,
    0xff,0xff,0xff,0x00,0xff,0xff,0xff,0x00,0xff,0xff,0xff,0x00,0xff,0xff,0xff,0x00,
    0xff,0xff,0xff,0x00,0xff,0xff,0xff,0x00,0xff,0xff,0xff,0x00,0xff,0xff,0xff,0x00,
    0xff,0xff,0xff,0x00,0xff,0xff,0xff,0x00,0xff,0xff,0xff,0x00,0xff,0xff,0xff,0x00,
    0xff,0xff,0xff,0x00,0xff,0xff,0xff,0x00,0xff,0xff,0xff,0x00,0xff,0xff,0xff,0x00,
    0xff,0xff,0xff,0x00,0xff,0xff,0xff,0x00,0xff,0xff,0xff,0x00,0xff,0xff,0xff,0x00,
    0xff,0xff,0xff,0x00,0xff,0xff,0xff,0x00,0xff,0xff,0xff,0x00,0xff,0xff,0xff,0x00,
    0xff,0xff,0xff,0x00,0xff,0xff,0xff,0x00,0xff,0xff,0xff,0x00,0xff,0xff,0xff,0x00,
    0xff,0xff,0xff,0x00,0xff,0xff,0xff,0x00,0xff,0xff,0xff,0x00,0xff,0xff,0xff,0x00,
    0xff,0xff,0xff,0x00,0xff,0xff,0xff,0x00,0xff,0xff,0xff,0x00,0xff,0xff,0xff,0x00,
    0xff,0xff,0xff,0x00,0xff,0xff,0xff,0x00,0xff,0xff,0xff,0x00,0xff,0xff,0xff,0x00,
    0xff,0xff,0xff,0x00,0xff,0xff,0xff,0x00,0xff,0xff,0xff,0x00,0xff,0xff,0xff,0x00,
    0xff,0xff,0xff,0x00,0xff,0xff,0xff,0x00,0xff,0xff,0xff,0x00,0xff,0xff,0xff,0x00,
    0xff,0xff,0xff,0x00,0xff,0xff,0xff,0x00,0xff,0xff,0xff,0x00,0xff,0xff,0xff,0x00,
    0xff,0xff,0xff,0x00,0xff,0xff,0xff,0x00,0xff,0xff,0xff,0x00,0xff,0xff,0xff,0x00,
    0xff,0xff,0xff,0x00,0xff,0xff,0xff,0x00,0xff,0xff,0xff,0x00,0xff,0xff,0xff,0x00,
    0xff,0xff,0xff,0x00,0xff,0xff,0xff,0x00,0xff,0xff,0xff,0x00,0xff,0xff,0xff,0x00,
    0xff,0xff,0xff,0x00,0xff,0xff,0xff,0x00,0xff,0xff,0xff,0x00,0xff,0xff,0xff,0x00,
    0xff,0xff,0xff,0x00,0xff,0xff,0xff,0x00,0xff,0xff,0xff,0x00,0xff,0xff,0xff,0x00,
    0xff,0xff,0xff,0x00,0xff,0xff,0xff,0x00,0xff,0xff,0xff,0x00,0xff,0xff,0xff,0x00,
    0xff,0xff,0xff,0x00,0xff,0xff,0xff,0x00,0xff,0xff,0xff,0x00,0xff,0xff,0xff,0x00,
    0xff,0xff,0xff,0x00,0xff,0xff,0xff,0x00,0xff,0xff,0xff,0x00,0xff,0xff,0xff,0x00,
    0xff,0xff,0xff,0x00,0xff,0xff,0xff,0x00,0xff,0xff,0xff,0x00,0xff,0xff,0xff,0x00,
    0xff,0xff,0xff,0x00,0xff,0xff,0xff,0x00,0xff,0xff,0xff,0x00,0xff,0xff,0xff,0x00,
    0xff,0xff,0xff,0x00,0xff,0xff,0xff,0x00,0xff,0xff,0xff,0x00,0xff,0xff,0xff,0x00,
    0xff,0xff,0xff,0x00,0xff,0xff,0xff,0x00,0xff,0xff,0xff,0x00,0xff,0xff,0xff,0x00,
    0xff,0xff,0xff,0x00,0xff,0xff,0xff,0x00,0xff,0xff,0xff,0x00,0xff,0xff,0xff,0x00,
    0xff,0xff,0xff,0x00,0xff,0xff,0xff,0x00,0xff,0xff,0xff,0x00,0xff,0xff,0xff,0x00,
    0xff,0xff,0xff,0x00,0xff,0xff,0xff,0x00,0xff,0xff,0xff,0x00,0xff,0xff,0xff,0x00,
    0xff,0xff,0xff,0x00,0xff,0xff,0xff,0x00,0xff,0xff,0xff,0x00,0xff,0xff,0xff,0x00,
    0xff,0xff,0xff,0x00,0xff,0xff,0xff,0x00,0xff,0xff,0xff,0x00,0xff,0xff,0xff,0x00,
    0xff,0xff,0xff,0x00,0xff,0xff,0xff,0x00,0xff,0xff,0xff,0x00,0xff,0xff,0xff,0x00,
    0xff,0xff,0xff,0x00,0xff,0xff,0xff,0x00,0xff,0xff,0xff,0x00,0xff,0xff,0xff,0x00,
    0xff,0xff,0xff,0x00,0xff,0xff,0xff,0x00,0xff,0xff,0xff,0x00,0xff,0xff,0xff,0x00,
    0xff,0xff,0xff,0x00,0xff,0xff,0xff,0x00,0xff,0xff,0xff,0x00,0xff,0xff,0xff,0x00,
    0xff,0xff,0xff,0x00,0xff,0xff,0xff,0x00,0xff,0xff,0xff,0x00,0xff,0xff,0xff,0x00,
    0xff,0xff,0xff,0x00,0xff,0xff,0xff,0x00,0xff,0xff,0xff,0x00,0xff,0xff,0xff,0x00,
    0xff,0xff,0xff,0x00,0xff,0xff,0xff,0x00,0xff,0xff,0xff,0x00,0xff,0xff,0xff,0x00,
    0xff,0xff,0xff,0x00,0xff,0xff,0xff,0x00,0xff,0xff,0xff,0x00,0xff,0xff,0xff,0x00,
    0xff,0xff,0xff,0x00,0xff,0xff,0xff,0x00,0xff,0xff,0xff,0x00,0xff,0xff,0xff,0x00,
    0xff,0xff,0xff,0x00,0xff,0xff,0xff,0x00,0xff,0xff,0xff,0x00,0xff,0xff,0xff,0x00,
    0xff,0xff,0xff,0x00,0xff,0xff,0xff,0x00,0xff,0xff,0xff,0x00,0xff,0xff,0xff,0x00,
    0xff,0xff,0xff,0x00,0xff,0xff,0xff,0x00,0xff,0xff,0xff,0x00,0xff,0xff,0xff,0x00,
    0xff,0xff,0xff,0x00,0xff,0xff,0xff,0x00,0xff,0xff,0xff,0x00,0xff,0xff,0xff,0x00,
    0xff,0xff,0xff,0x00,0xff,0xff,0xff,0x00,0xff,0xff,0xff,0x00,0xff,0xff,0xff,0x00,
    0xff,0xff,0xff,0x00,0xff,0xff,0xff,0x00,0xff,0xff,0xff,0x00,0xff,0xff,0xff,0x00,
    0xff,0xff,0xff,0x00,0xff,0xff,0xff,0x00,0xff,0xff,0xff,0x00,0xff,0xff,0xff,0x00,
    0xff,0xff,0xff,0x00,0xff,0xff,0xff,0x00,0xff,0xff,0xff,0x00,0xff,0xff,0xff,0x00,
    0xff,0xff,0xff,0x00,0xff,0xff,0xff,0x00,0xff,0xff,0xff,0x00,0xff,0xff,0xff,0x00,
    0xff,0xff,0xff,0x00,0xff,0xff,0xff,0x00,0xff,0xff,0xff,0x00,0xff,0xff,0xff,0x00,
    0xff,0xff,0xff,0x00,0xff,0xff,0xff,0x00,0xff,0xff,0xff,0x00,0xff,0xff,0xff,0x00,
    0xff,0xff,0xff,0x00,0xff,0xff,0xff,0x00,0xff,0xff,0xff,0x00,0xff,0xff,0xff,0x00,
    0xff,0xff,0xff,0x00,0xff,0xff,0xff,0x00,0xff,0xff,0xff,0x00,0xff,0xff,0xff,0x00,
    0xff,0xff,0xff,0x00,0xff,0xff,0xff,0x00,0xff,0xff,0xff,0x00,0xff,0xff,0xff,0x00,
    0xff,0xff,0xff,0x00,0xff,0xff,0xff,0x00,0xff,0xff,0xff,0x00,0xff,0xff,0xff,0x00,
    0xff,0xff,0xff,0x00,0xff,0xff,0xff,0x00,0xff,0xff,0xff,0x00,0xff,0xff,0xff,0x00,
    0xff,0xff,0xff,0x00,0xff,0xff,0xff,0x00,0xff,0xff,0xff,0x00,0xff,0xff,0xff,0x00,
    0xff,0xff,0xff,0x00,0xff,0xff,0xff,0x00,0xff,0xff,0xff,0x00,0xff,0xff,0xff,0x00,
    0xff,0xff,0xff,0x00,0xff,0xff,0xff,0x00,0xff,0xff,0xff,0x00,0xff,0xff,0xff,0x00,
    0xff,0xff,0xff,0x00,0xff,0xff,0xff,0x00,0xff,0xff,0xff,0x00,0xff,0xff,0xff,0x00,
    0xff,0xff,0xff,0x00,0xff,0xff,0xff,0x00,0xff,0xff,0xff,0x00,0xff,0xff,0xff,0x00,
    0xff,0xff,0xff,0x00,0xff,0xff,0xff,0x00,0xff,0xff,0xff,0x00,0xff,0xff,0xff,0x00,
    0xff,0xff,0xff,0x00,0xff,0xff,0xff,0x00,0xff,0xff,0xff,0x00,0xff,0xff,0xff,0x00,
    0xff,0xff,0xff,0x00,0xff,0xff,0xff,0x00,0xff,0xff,0xff,0x00,0xff,0xff,0xff,0x00,
    0xff,0xff,0xff,0x00,0xff,0xff,0xff,0x00,0xff,0xff,0xff,0x00,0xff,0xff,0xff,0x00,
    0xff,0xff,0xff,0x00,0xff,0xff,0xff,0x00,0xff,0xff,0xff,0x00,0xff,0xff,0xff,0x00,
    0xff,0xff,0xff,0x00,0xff,0xff,0xff,0x00,0xff,0xff,0xff,0x00,0xff,0xff,0xff,0x00,
    0xff,0xff,0xff,0x00,0xff,0xff,0xff,0x00,0xff,0xff,0xff,0x00,0xff,0xff,0xff,0x00,
    0xff,0xff,0xff,0x00,0xff,0xff,0xff,0x00,0xff,0xff,0xff,0x00,0xff,0xff,0xff,0x00,
    0xff,0xff,0xff,0x00,0xff,0xff,0xff,0x00,0xff,0xff,0xff,0x00,0xff,0xff,0xff,0x00,
    0xff,0xff,0xff,0x00,0xff,0xff,0xff,0x00,0xff,0xff,0xff,0x00,0xff,0xff,0xff,0x00,
    0xff,0xff,0xff,0x00,0xff,0xff,0xff,0x00,0xff,0xff,0xff,0x00,0xff,0xff,0xff,0x00,
    0xff,0xff,0xff,0x00,0xff,0xff,0xff,0x00,0xff,0xff,0xff,0x00,0xff,0xff,0xff,0x00,
    0xff,0xff,0xff,0x00,0xff,0xff,0xff,0x00,0xff,0xff,0xff,0x00,0xff,0xff,0xff,0x00,
    0xff,0xff,0xff,0x00,0xff,0xff,0xff,0x00,0xff,0xff,0xff,0x00,0xff,0xff,0xff,0x00,
    0xff,0xff,0xff,0x00,0xff,0xff,0xff,0x00,0xff,0xff,0xff,0x00,0xff,0xff,0xff,0x00,
    0xff,0xff,0xff,0x00,0xff,0xff,0xff,0x00,0xff,0xff,0xff,0x00,0xff,0xff,0xff,0x00,
    0xff,0xff,0xff,0x00,0xff,0xff,0xff,0x00,0xff,0xff,0xff,0x00,0xff,0xff,0xff,0x00,
    0xff,0xff,0xff,0x00,0xff,0xff,0xff,0x00,0xff,0xff,0xff,0x00,0xff,0xff,0xff,0x00,
    0xff,0xff,0xff,0x00,0xff,0xff,0xff,0x00,0xff,0xff,0xff,0x00,0xff,0xff,0xff,0x00,
    0xff,0xff,0xff,0x00,0xff,0xff,0xff,0x00,0xff,0xff,0xff,0x00,0xff,0xff,0xff,0x00,
    0xff,0xff,0xff,0x00,0xff,0xff,0xff,0x00,0xff,0xff,0xff,0x00,0xff,0xff,0xff,0x00,
    0xff,0xff,0xff,0x00,0xff,0xff,0xff,0x00,0xff,0xff,0xff,0x00,0xff,0xff,0xff,0x00,
    0xff,0xff,0xff,0x00,0xff,0xff,0xff,0x00,0xff,0xff,0xff,0x00,0xff,0xff,0xff,0x00,
    0xff,0xff,0xff,0x00,0xff,0xff,0xff,0x00,0xff,0xff,0xff,0x00,0xff,0xff,0xff,0x00,
    0xff,0xff,0xff,0x00,0xff,0xff,0xff,0x00,0xff,0xff,0xff,0x00,0xff,0xff,0xff,0x00,
    0xff,0xff,0xff,0x00,0xff,0xff,0xff,0x00,0xff,0xff,0xff,0x00,0xff,0xff,0xff,0x00,
    0xff,0xff,0xff,0x00,0xff,0xff,0xff,0x00,0xff,0xff,0xff,0x00,0xff,0xff,0xff,0x00,
    0xff,0xff,0xff,0x00,0xff,0xff,0xff,0x00,0xff,0xff,0xff,0x00,0xff,0xff,0xff,0x00,
    0xff,0xff,0xff,0x00,0xff,0xff,0xff,0x00,0xff,0xff,0xff,0x00,0xff,0xff,0xff,0x00,
    0xff,0xff,0xff,0x00,0xff,0xff,0xff,0x00,0xff,0xff,0xff,0x00,0xff,0xff,0xff,0x00,
    0xff,0xff,0xff,0x00,0xff,0xff,0xff,0x00,0xff,0xff,0xff,0x00,0xff,0xff,0xff,0x00,
    0xff,0xff,0xff,0x00,0xff,0xff,0xff,0x00,0xff,0xff,0xff,0x00,0xff,0xff,0xff,0x00,
    0xff,0xff,0xff,0x00,0xff,0xff,0xff,0x00,0xff,0xff,0xff,0x00,0xff,0xff,0xff,0x00,
    0xff,0xff,0xff,0x00,0xff,0xff,0xff,0x00,0xff,0xff,0xff,0x00,0xff,0xff,0xff,0x00,
    0xff,0xff,0xff,0x00,0xff,0xff,0xff,0x00,0xff,0xff,0xff,0x00,0xff,0xff,0xff,0x00,
    0xff,0xff,0xff,0x00,0xff,0xff,0xff,0x00,0xff,0xff,0xff,0x00,0xff,0xff,0xff,0x00,
    0xff,0xff,0xff,0x00,0xff,0xff,0xff,0x00,0xff,0xff,0xff,0x00,0xff,0xff,0xff,0x00,
    0xff,0xff,0xff,0x00,0xff,0xff,0xff,0x00,0xff,0xff,0xff,0x00,0xff,0xff,0xff,0x00,
    0xff,0xff,0xff,0x00,0xff,0xff,0xff,0x00,0xff,0xff,0xff,0x00,0xff,0xff,0xff,0x00,
    0xff,0xff,0xff,0x00,0xff,0xff,0xff,0x00,0xff,0xff,0xff,0x00,0xff,0xff,0xff,0x00,
    0xff,0xff,0xff,0x00,0xff,0xff,0xff,0x00,0xff,0xff,0xff,0x00,0xff,0xff,0xff,0x00,
    0xff,0xff,0xff,0x00,0xff,0xff,0xff,0x00,0xff,0xff,0xff,0x00,0xff,0xff,0xff,0x00,
    0xff,0xff,0xff,0x00,0xff,0xff,0xff,0x00,0xff,0xff,0xff,0x00,0xff,0xff,0xff,0x00,
    0xff,0xff,0xff,0x00,0xff,0xff,0xff,0x00,0xff,0xff,0xff,0x00,0xff,0xff,0xff,0x00,
    0xff,0xff,0xff,0x00,0xff,0xff,0xff,0x00,0xff,0xff,0xff,0x00,0xff,0xff,0xff,0x00,
    0xff,0xff,0xff,0x00,0xff,0xff,0xff,0x00,0xff,0xff,0xff,0x00,0xff,0xff,0xff,0x00,
    0xff,0xff,0xff,0x00,0xff,0xff,0xff,0x00,0xff,0xff,0xff,0x00,0xff,0xff,0xff,0x00,
    0xff,0xff,0xff,0x00,0xff,0xff,0xff,0x00,0xff,0xff,0xff,0x00,0xff,0xff,0xff,0x00,
    0xff,0xff,0xff,0x00,0xff,0xff,0xff,0x00,0xff,0xff,0xff,0x00,0xff,0xff,0xff,0x00,
    0xff,0xff,0xff,0x00,0xff,0xff,0xff,0x00,0xff,0xff,0xff,0x00,0xff,0xff,0xff,0x00,
    0xff,0xff,0xff,0x00,0xff,0xff,0xff,0x00,0xff,0xff,0xff,0x00,0xff,0xff,0xff,0x00,
    0xff,0xff,0xff,0x00,0xff,0xff,0xff,0x00,0xff,0xff,0xff,0x00,0xff,0xff,0xff,0x00,
    0xff,0xff,0xff,0x00,0xff,0xff,0xff,0x00,0xff,0xff,0xff,0x00,0xff,0xff,0xff,0x00,
    0xff,0xff,0xff,0x00,0xff,0xff,0xff,0x00,0xff,0xff,0xff,0x00,0xff,0xff,0xff,0x00,
    0xff,0xff,0xff,0x00,0xff,0xff,0xff,0x00,0xff,0xff,0xff,0x00,0xff,0xff,0xff,0x00,
    0xff,0xff,0xff,0x00,0xff,0xff,0xff,0x00,0xff,0xff,0xff,0x00,0xff,0xff,0xff,0x00,
    0xff,0xff,0xff,0x00,0xff,0xff,0xff,0x00,0xff,0xff,0xff,0x00,0xff,0xff,0xff,0x00,
    0xff,0xff,0xff,0x00,0xff,0xff,0xff,0x00,0xff,0xff,0xff,0x00,0xff,0xff,0xff,0x00,
    0xff,0xff,0xff,0x00,0xff,0xff,0xff,0x00,0xff,0xff,0xff,0x00,0xff,0xff,0xff,0x00,
    0xff,0xff,0xff,0x00,0xff,0xff,0xff,0x00,0xff,0xff,0xff,0x00,0xff,0xff,0xff,0x00,
    0xff,0xff,0xff,0x00,0xff,0xff,0xff,0x00,0xff,0xff,0xff,0x00,0xff,0xff,0xff,0x00,
    0xff,0xff,0xff,0x00,0xff,0xff,0xff,0x00,0xff,0xff,0xff,0x00,0xff,0xff,0xff,0x00,
    0xff,0xff,0xff,0x00,0xff,0xff,0xff,0x00,0xff,0xff,0xff,0x00,0xff,0xff,0xff,0x00,
    0xff,0xff,0xff,0x00,0xff,0xff,0xff,0x00,0xff,0xff,0xff,0x00,0xff,0xff,0xff,0x00,
    0xff,0xff,0xff,0x00,0xff,0xff,0xff,0x00,0xff,0xff,0xff,0x00,0xff,0xff,0xff,0x00,
    0xff,0xff,0xff,0x00,0xff,0xff,0xff,0x00,0xff,0xff,0xff,0x00,0xff,0xff,0xff,0x00,
    0xff,0xff,0xff,0x00,0xff,0xff,0xff,0x00,0xff,0xff,0xff,0x00,0xff,0xff,0xff,0x00,
    0xff,0xff,0xff,0x00,0xff,0xff,0xff,0x00,0xff,0xff,0xff,0x00,0xff,0xff,0xff,0x00,
    0xff,0xff,0xff,0x00,0xff,0xff,0xff,0x00,0xff,0xff,0xff,0x00,0xff,0xff,0xff,0x00,
    0xff,0xff,0xff,0x00,0xff,0xff,0xff,0x00,0xff,0xff,0xff,0x00,0xff,0xff,0xff,0x00,
    0xff,0xff,0xff,0x00,0xff,0xff,0xff,0x00,0xff,0xff,0xff,0x00,0xff,0xff,0xff,0x00,
    0xff,0xff,0xff,0x00,0xff,0xff,0xff,0x00,0xff,0xff,0xff,0x00,0xff,0xff,0xff,0x00,
    0xff,0xff,0xff,0x00,0xff,0xff,0xff,0x00,0xff,0xff,0xff,0x00,0xff,0xff,0xff,0x00,
    0xff,0xff,0xff,0x00,0xff,0xff,0xff,0x00,0xff,0xff,0xff,0x00,0xff,0xff,0xff,0x00,
    0xff,0xff,0xff,0x00,0xff,0xff,0xff,0x00,0xff,0xff,0xff,0x00,0xff,0xff,0xff,0x00,
    0xff,0xff,0xff,0x00,0xff,0xff,0xff,0x00,0xff,0xff,0xff,0x00,0xff,0xff,0xff,0x00,
    0xff,0xff,0xff,0x00,0xff,0xff,0xff,0x00,0xff,0xff,0xff,0x00,0xff,0xff,0xff,0x00,
    0xff,0xff,0xff,0x00,0xff,0xff,0xff,0x00,0xff,0xff,0xff,0x00,0xff,0xff,0xff,0x00,
    0xff,0xff,0xff,0x00,0xff,0xff,0xff,0x00,0xff,0xff,0xff,0x00,0xff,0xff,0xff,0x00,
    0xff,0xff,0xff,0x00,0xff,0xff,0xff,0x00,0xff,0xff,0xff,0x00,0xff,0xff,0xff,0x00,
    0xff,0xff,0xff,0x00,0xff,0xff,0xff,0x00,0xff,0xff,0xff,0x00,0xff,0xff,0xff,0x00,
    0xff,0xff,0xff,0x00,0xff,0xff,0xff,0x00,0xff,0xff,0xff,0x00,0xff,0xff,0xff,0x00,
    0xff,0xff,0xff,0x00,0xff,0xff,0xff,0x00,0xff,0xff,0xff,0x00,0xff,0xff,0xff,0x00,
    0xff,0xff,0xff,0x00,0xff,0xff,0xff,0x00,0xff,0xff,0xff,0x00,0xff,0xff,0xff,0x00,
    0xff,0xff,0xff,0x00,0xff,0xff,0xff,0x00,0xff,0xff,0xff,0x00,0xff,0xff,0xff,0x00,
    0xff,0xff,0xff,0x00,0xff,0xff,0xff,0x00,0xff,0xff,0xff,0x00,0xff,0xff,0xff,0x00,
    0xff,0xff,0xff,0x00,0xff,0xff,0xff,0x00,0xff,0xff,0xff,0x00,0xff,0xff,0xff,0x00,
    0xff,0xff,0xff,0x00,0xff,0xff,0xff,0x00,0xff,0xff,0xff,0x00,0xff,0xff,0xff,0x00,
    0xff,0xff,0xff,0x00,0xff,0xff,0xff,0x00,0xff,0xff,0xff,0x00,0xff,0xff,0xff,0x00,
    0xff,0xff,0xff,0x00,0xff,0xff,0xff,0x00,0xff,0xff,0xff,0x00,0xff,0xff,0xff,0x00,
    0xff,0xff,0xff,0x00,0xff,0xff,0xff,0x00,0xff,0xff,0xff,0x00,0xff,0xff,0xff,0x00,
    0xff,0xff,0xff,0x00,0xff,0xff,0xff,0x00,0xff,0xff,0xff,0x00,0xff,0xff,0xff,0x00,
    0xff,0xff,0xff,0x00,0xff,0xff,0xff,0x00,0xff,0xff,0xff,0x00,0xff,0xff,0xff,0x00,
    0xff,0xff,0xff,0x00,0xff,0xff,0xff,0x00,0xff,0xff,0xff,0x00,0xff,0xff,0xff,0x00,
    0xff,0xff,0xff,0x00,0xff,0xff,0xff,0x00,0xff,0xff,0xff,0x00,0xff,0xff,0xff,0x00,
    0xff,0xff,0xff,0x00,0xff,0xff,0xff,0x00,0xff,0xff,0xff,0x00,0xff,0xff,0xff,0x00,
    0xff,0xff,0xff,0x00,0xff,0xff,0xff,0x00,0xff,0xff,0xff,0x00,0xff,0xff,0xff,0x00,
    0xff,0xff,0xff,0x00,0xff,0xff,0xff,0x00,0xff,0xff,0xff,0x00,0xff,0xff,0xff,0x00,
    0xff,0xff,0xff,0x00,0xff,0xff,0xff,0x00,0xff,0xff,0xff,0x00,0xff,0xff,0xff,0x00,
    0xff,0xff,0xff,0x00,0xff,0xff,0xff,0x00,0xff,0xff,0xff,0x00,0xff,0xff,0xff,0x00,
    0xff,0xff,0xff,0x00,0xff,0xff,0xff,0x00,0xff,0xff,0xff,0x00,0xff,0xff,0xff,0x00,
    0xff,0xff,0xff,0x00,0xff,0xff,0xff,0x00,0xff,0xff,0xff,0x00,0xff,0xff,0xff,0x00,
    0xff,0xff,0xff,0x00,0xff,0xff,0xff,0x00,0xff,0xff,0xff,0x00,0xff,0xff,0xff,0x00,
    0xff,0xff,0xff,0x00,0xff,0xff,0xff,0x00,0xff,0xff,0xff,0x00,0xff,0xff,0xff,0x00,
    0xff,0xff,0xff,0x00,0xff,0xff,0xff,0x00,0xff,0xff,0xff,0x00,0xff,0xff,0xff,0x00,
    0xff,0xff,0xff,0x00,0xff,0xff,0xff,0x00,0xff,0xff,0xff,0x00,0xff,0xff,0xff,0x00,
    0xff,0xff,0xff,0x00,0xff,0xff,0xff,0x00,0xff,0xff,0xff,0x00,0xff,0xff,0xff,0x00,
    0xff,0xff,0xff,0x00,0xff,0xff,0xff,0x00,0xff,0xff,0xff,0x00,0xff,0xff,0xff,0x00,
    0xff,0xff,0xff,0x00,0xff,0xff,0xff,0x00,0xff,0xff,0xff,0x00,0xff,0xff,0xff,0x00,
    0xff,0xff,0xff,0x00,0xff,0xff,0xff,0x00,0xff,0xff,0xff,0x00,0xff,0xff,0xff,0x00,
    0xff,0xff,0xff,0x00,0xff,0xff,0xff,0x00,0xff,0xff,0xff,0x00,0xff,0xff,0xff,0x00,
    0xff,0xff,0xff,0x00,0xff,0xff,0xff,0x00,0xff,0xff,0xff,0x00,0xff,0xff,0xff,0x00,
    0xff,0xff,0xff,0x00,0xff,0xff,0xff,0x00,0xff,0xff,0xff,0x00,0xff,0xff,0xff,0x00,
    0xff,0xff,0xff,0x00,0xff,0xff,0xff,0x00,0xff,0xff,0xff,0x00,0xff,0xff,0xff,0x00,
    0xff,0xff,0xff,0x00,0xff,0xff,0xff,0x00,0xff,0xff,0xff,0x00,0xff,0xff,0xff,0x00,
    0xff,0xff,0xff,0x00,0xff,0xff,0xff,0x00,0xff,0xff,0xff,0x00,0xff,0xff,0xff,0x00,
    0xff,0xff,0xff,0x00,0xff,0xff,0xff,0x00,0xff,0xff,0xff,0x00,0xff,0xff,0xff,0x00,
    0xff,0xff,0xff,0x00,0xff,0xff,0xff,0x00,0xff,0xff,0xff,0x00,0xff,0xff,0xff,0x00,
    0xff,0xff,0xff,0x00,0xff,0xff,0xff,0x00,0xff,0xff,0xff,0x00,0xff,0xff,0xff,0x00,
    0xff,0xff,0xff,0x00,0xff,0xff,0xff,0x00,0xff,0xff,0xff,0x00,0xff,0xff,0xff,0x00,
    0xff,0xff,0xff,0x00,0xff,0xff,0xff,0x00,0xff,0xff,0xff,0x00,0xff,0xff,0xff,0x00,
    0xff,0xff,0xff,0x00,0xff,0xff,0xff,0x00,0xff,0xff,0xff,0x00,0xff,0xff,0xff,0x00,
    0xff,0xff,0xff,0x00,0xff,0xff,0xff,0x00,0xff,0xff,0xff,0x00,0xff,0xff,0xff,0x00,
    0xff,0xff,0xff,0x00,0xff,0xff,0xff,0x00,0xff,0xff,0xff,0x00,0xff,0xff,0xff,0x00,
    0xff,0xff,0xff,0x00,0xff,0xff,0xff,0x00,0xff,0xff,0xff,0x00,0xff,0xff,0xff,0x00,
    0xff,0xff,0xff,0x00,0xff,0xff,0xff,0x00,0xff,0xff,0xff,0x00,0xff,0xff,0xff,0x00,
    0xff,0xff,0xff,0x00,0xff,0xff,0xff,0x00,0xff,0xff,0xff,0x00,0xff,0xff,0xff,0x00,
    0xff,0xff,0xff,0x00,0xff,0xff,0xff,0x00,0xff,0xff,0xff,0x00,0xff,0xff,0xff,0x00,
    0xff,0xff,0xff,0x00,0xff,0xff,0xff,0x00,0xff,0xff,0xff,0x00,0xff,0xff,0xff,0x00,
    0xff,0xff,0xff,0x00,0xff,0xff,0xff,0x00,0xff,0xff,0xff,0x00,0xff,0xff,0xff,0x00,
    0xff,0xff,0xff,0x00,0xff,0xff,0xff,0x00,0xff,0xff,0xff,0x00,0xff,0xff,0xff,0x00,
    0xff,0xff,0xff,0x00,0xff,0xff,0xff,0x00,0xff,0xff,0xff,0x00,0xff,0xff,0xff,0x00,
    0xff,0xff,0xff,0x00,0xff,0xff,0xff,0x00,0xff,0xff,0xff,0x00,0xff,0xff,0xff,0x00,
    0xff,0xff,0xff,0x00,0xff,0xff,0xff,0x00,0xff,0xff,0xff,0x00,0xff,0xff,0xff,0x00,
    0xff,0xff,0xff,0x00,0xff,0xff,0xff,0x00,0xff,0xff,0xff,0x00,0xff,0xff,0xff,0x00,
    0xff,0xff,0xff,0x00,0xff,0xff,0xff,0x00,0xff,0xff,0xff,0x00,0xff,0xff,0xff,0x00,
    0xff,0xff,0xff,0x00,0xff,0xff,0xff,0x00,0xff,0xff,0xff,0x00,0xff,0xff,0xff,0x00,
    0xff,0xff,0xff,0x00,0xff,0xff,0xff,0x00,0xff,0xff,0xff,0x00,0xff,0xff,0xff,0x00,
    0xff,0xff,0xff,0x00,0xff,0xff,0xff,0x00,0xff,0xff,0xff,0x00,0xff,0xff,0xff,0x00,
    0xff,0xff,0xff,0x00,0xff,0xff,0xff,0x00,0xff,0xff,0xff,0x00,0xff,0xff,0xff,0x00,
    0xff,0xff,0xff,0x00,0xff,0xff,0xff,0x00,0xff,0xff,0xff,0x00,0xff,0xff,0xff,0x00,
    0xff,0xff,0xff,0x00,0xff,0xff,0xff,0x00,0xff,0xff,0xff,0x00,0xff,0xff,0xff,0x00,
    0xff,0xff,0xff,0x00,0xff,0xff,0xff,0x00,0xff,0xff,0xff,0x00,0xff,0xff,0xff,0x00,
    0xff,0xff,0xff,0x00,0xff,0xff,0xff,0x00,0xff,0xff,0xff,0x00,0xff,0xff,0xff,0x00,
    0xff,0xff,0xff,0x00,0xff,0xff,0xff,0x00,0xff,0xff,0xff,0x00,0xff,0xff,0xff,0x00,
    0xff,0xff,0xff,0x00,0xff,0xff,0xff,0x00,0xff,0xff,0xff,0x00,0xff,0xff,0xff,0x00,
    0xff,0xff,0xff,0x00,0xff,0xff,0xff,0x00,0xff,0xff,0xff,0x00,0xff,0xff,0xff,0x00,
    0xff,0xff,0xff,0x00,0xff,0xff,0xff,0x00,0xff,0xff,0xff,0x00,0xff,0xff,0xff,0x00,
    0xff,0xff,0xff,0x00,0xff,0xff,0xff,0x00,0xff,0xff,0xff,0x00,0xff,0xff,0xff,0x00,
    0xff,0xff,0xff,0x00,0xff,0xff,0xff,0x00,0xff,0xff,0xff,0x00,0xff,0xff,0xff,0x00,
    0xff,0xff,0xff,0x00,0xff,0xff,0xff,0x00,0xff,0xff,0xff,0x00,0xff,0xff,0xff,0x00,
    0xff,0xff,0xff,0x00,0xff,0xff,0xff,0x00,0xff,0xff,0xff,0x00,0xff,0xff,0xff,0x00,
    0xff,0xff,0xff,0x00,0xff,0xff,0xff,0x00,0xff,0xff,0xff,0x00,0xff,0xff,0xff,0x00,
    0xff,0xff,0xff,0x00,0xff,0xff,0xff,0x00,0xff,0xff,0xff,0x00,0xff,0xff,0xff,0x00,
    0xff,0xff,0xff,0x00,0xff,0xff,0xff,0x00,0xff,0xff,0xff,0x00,0xff,0xff,0xff,0x00,
    0xff,0xff,0xff,0x00,0xff,0xff,0xff,0x00,0xff,0xff,0xff,0x00,0xff,0xff,0xff,0x00,
    0xff,0xff,0xff,0x00,0xff,0xff,0xff,0x00,0xff,0xff,0xff,0x00,0xff,0xff,0xff,0x00,
    0xff,0xff,0xff,0x00,0xff,0xff,0xff,0x00,0xff,0xff,0xff,0x00,0xff,0xff,0xff,0x00,
    0xff,0xff,0xff,0x00,0xff,0xff,0xff,0x00,0xff,0xff,0xff,0x00,0xff,0xff,0xff,0x00,
    0xff,0xff,0xff,0x00,0xff,0xff,0xff,0x00,0xff,0xff,0xff,0x00,0xff,0xff,0xff,0x00,
    0xff,0xff,0xff,0x00,0xff,0xff,0xff,0x00,0xff,0xff,0xff,0x00,0xff,0xff,0xff,0x00,
    0xff,0xff,0xff,0x00,0xff,0xff,0xff,0x00,0xff,0xff,0xff,0x00,0xff,0xff,0xff,0x00,
    0xff,0xff,0xff,0x00,0xff,0xff,0xff,0x00,0xff,0xff,0xff,0x00,0xff,0xff,0xff,0x00,
    0xff,0xff,0xff,0x00,0xff,0xff,0xff,0x00,0xff,0xff,0xff,0x00,0xff,0xff,0xff,0x00,
    0xff,0xff,0xff,0x00,0xff,0xff,0xff,0x00,0xff,0xff,0xff,0x00,0xff,0xff,0xff,0x00,
    0xff,0xff,0xff,0x00,0xff,0xff,0xff,0x00,0xff,0xff,0xff,0x00,0xff,0xff,0xff,0x00,
    0xff,0xff,0xff,0x00,0xff,0xff,0xff,0x00,0xff,0xff,0xff,0x00,0xff,0xff,0xff,0x00,
    0xff,0xff,0xff,0x00,0xff,0xff,0xff,0x00,0xff,0xff,0xff,0x00,0xff,0xff,0xff,0x00,
    0xff,0xff,0xff,0x00,0xff,0xff,0xff,0x00,0xff,0xff,0xff,0x00,0xff,0xff,0xff,0x00,
    0xff,0xff,0xff,0x00,0xff,0xff,0xff,0x00,0xff,0xff,0xff,0x00,0xff,0xff,0xff,0x00,
    0xff,0xff,0xff,0x00,0xff,0xff,0xff,0x00,0xff,0xff,0xff,0x00,0xff,0xff,0xff,0x00,
    0xff,0xff,0xff,0x00,0xff,0xff,0xff,0x00,0xff,0xff,0xff,0x00,0xff,0xff,0xff,0x00,
    0xff,0xff,0xff,0x00,0xff,0xff,0xff,0x00,0xff,0xff,0xff,0x00,0xff,0xff,0xff,0x00,
    0xff,0xff,0xff,0x00,0xff,0xff,0xff,0x00,0xff,0xff,0xff,0x00,0xff,0xff,0xff,0x00,
    0xff,0xff,0xff,0x00,0xff,0xff,0xff,0x00,0xff,0xff,0xff,0x00,0xff,0xff,0xff,0x00,
    0xff,0xff,0xff,0x00,0xff,0xff,0xff,0x00,0xff,0xff,0xff,0x00,0xff,0xff,0xff,0x00,
    0xff,0xff,0xff,0x00,0xff,0xff,0xff,0x00,0xff,0xff,0xff,0x00,0xff,0xff,0xff,0x00,
    0xff,0xff,0xff,0x00,0xff,0xff,0xff,0x00,0xff,0xff,0xff,0x00,0xff,0xff,0xff,0x00,
    0xff,0xff,0xff,0x00,0xff,0xff,0xff,0x00,0xff,0xff,0xff,0x00,0xff,0xff,0xff,0x00,
    0xff,0xff,0xff,0x00,0xff,0xff,0xff,0x00,0xff,0xff,0xff,0x00,0xff,0xff,0xff,0x00,
    0xff,0xff,0xff,0x00,0xff,0xff,0xff,0x00,0xff,0xff,0xff,0x00,0xff,0xff,0xff,0x00,
    0xff,0xff,0xff,0x00,0xff,0xff,0xff,0x00,0xff,0xff,0xff,0x00,0xff,0xff,0xff,0x00,
    0xff,0xff,0xff,0x00,0xff,0xff,0xff,0x00,0xff,0xff,0xff,0x00,0xff,0xff,0xff,0x00,
    0xff,0xff,0xff,0x00,0xff,0xff,0xff,0x00,0xff,0xff,0xff,0x00,0xff,0xff,0xff,0x00,
    0xff,0xff,0xff,0x00,0xff,0xff,0xff,0x00,0xff,0xff,0xff,0x00,0xff,0xff,0xff,0x00,
    0xff,0xff,0xff,0x00,0xff,0xff,0xff,0x00,0xff,0xff,0xff,0x00,0xff,0xff,0xff,0x00,
    0xff,0xff,0xff,0x00,0xff,0xff,0xff,0x00,0xff,0xff,0xff,0x00,0xff,0xff,0xff,0x00,
    0xff,0xff,0xff,0x00,0xff,0xff,0xff,0x00,0xff,0xff,0xff,0x00,0xff,0xff,0xff,0x00,
    0xff,0xff,0xff,0x00,0xff,0xff,0xff,0x00,0xff,0xff,0xff,0x00,0xff,0xff,0xff,0x00,
    0xff,0xff,0xff,0x00,0xff,0xff,0xff,0x00,0xff,0xff,0xff,0x00,0xff,0xff,0xff,0x00,
    0xff,0xff,0xff,0x00,0xff,0xff,0xff,0x00,0xff,0xff,0xff,0x00,0xff,0xff,0xff,0x00,
    0xff,0xff,0xff,0x00,0xff,0xff,0xff,0x00,0xff,0xff,0xff,0x00,0xff,0xff,0xff,0x00,
    0xff,0xff,0xff,0x00,0xff,0xff,0xff,0x00,0xff,0xff,0xff,0x00,0xff,0xff,0xff,0x00,
    0xff,0xff,0xff,0x00,0xff,0xff,0xff,0x00,0xff,0xff,0xff,0x00,0xff,0xff,0xff,0x00,
    0xff,0xff,0xff,0x00,0xff,0xff,0xff,0x00,0xff,0xff,0xff,0x00,0xff,0xff,0xff,0x00,
    0xff,0xff,0xff,0x00,0xff,0xff,0xff,0x00,0xff,0xff,0xff,0x00,0xff,0xff,0xff,0x00,
    0xff,0xff,0xff,0x00,0xff,0xff,0xff,0x00,0xff,0xff,0xff,0x00,0xff,0xff,0xff,0x00,
    0xff,0xff,0xff,0x00,0xff,0xff,0xff,0x00,0xff,0xff,0xff,0x00,0xff,0xff,0xff,0x00,
    0xff,0xff,0xff,0x00,0xff,0xff,0xff,0x00,0xff,0xff,0xff,0x00,0xff,0xff,0xff,0x00,
    0xff,0xff,0xff,0x00,0xff,0xff,0xff,0x00,0xff,0xff,0xff,0x00,0xff,0xff,0xff,0x00,
    0xff,0xff,0xff,0x00,0xff,0xff,0xff,0x00,0xff,0xff,0xff,0x00,0xff,0xff,0xff,0x00,
    0xff,0xff,0xff,0x00,0xff,0xff,0xff,0x00,0xff,0xff,0xff,0x00,0xff,0xff,0xff,0x00,
    0xff,0xff,0xff,0x00,0xff,0xff,0xff,0x00,0xff,0xff,0xff,0x00,0xff,0xff,0xff,0x00,
    0xff,0xff,0xff,0x00,0xff,0xff,0xff,0x00,0xff,0xff,0xff,0x00,0xff,0xff,0xff,0x00,
    0xff,0xff,0xff,0x00,0xff,0xff,0xff,0x00,0xff,0xff,0xff,0x00,0xff,0xff,0xff,0x00,
    0xff,0xff,0xff,0x00,0xff,0xff,0xff,0x00,0xff,0xff,0xff,0x00,0xff,0xff,0xff,0x00,
    0xff,0xff,0xff,0x00,0xff,0xff,0xff,0x00,0xff,0xff,0xff,0x00,0xff,0xff,0xff,0x00,
    0xff,0xff,0xff,0x00,0xff,0xff,0xff,0x00,0xff,0xff,0xff,0x00,0xff,0xff,0xff,0x00,
    0xff,0xff,0xff,0x00,0xff,0xff,0xff,0x00,0xff,0xff,0xff,0x00,0xff,0xff,0xff,0x00,
    0xff,0xff,0xff,0x00,0xff,0xff,0xff,0x00,0xff,0xff,0xff,0x00,0xff,0xff,0xff,0x00,
    0xff,0xff,0xff,0x00,0xff,0xff,0xff,0x00,0xff,0xff,0xff,0x00,0xff,0xff,0xff,0x00,
    0xff,0xff,0xff,0x00,0xff,0xff,0xff,0x00,0xff,0xff,0xff,0x00,0xff,0xff,0xff,0x00,
    0xff,0xff,0xff,0x00,0xff,0xff,0xff,0x00,0xff,0xff,0xff,0x00,0xff,0xff,0xff,0x00,
    0xff,0xff,0xff,0x00,0xff,0xff,0xff,0x00,0xff,0xff,0xff,0x00,0xff,0xff,0xff,0x00,
    0xff,0xff,0xff,0x00,0xff,0xff,0xff,0x00,0xff,0xff,0xff,0x00,0xff,0xff,0xff,0x00,
    0xff,0xff,0xff,0x00,0xff,0xff,0xff,0x00,0xff,0xff,0xff,0x00,0xff,0xff,0xff,0x00,
    0xff,0xff,0xff,0x00,0xff,0xff,0xff,0x00,0xff,0xff,0xff,0x00,0xff,0xff,0xff,0x00,
    0xff,0xff,0xff,0x00,0xff,0xff,0xff,0x00,0xff,0xff,0xff,0x00,0xff,0xff,0xff,0x00,
    0xff,0xff,0xff,0x00,0xff,0xff,0xff,0x00,0xff,0xff,0xff,0x00,0xff,0xff,0xff,0x00,
    0xff,0xff,0xff,0x00,0xff,0xff,0xff,0x00,0xff,0xff,0xff,0x00,0xff,0xff,0xff,0x00,
    0xff,0xff,0xff,0x00,0xff,0xff,0xff,0x00,0xff,0xff,0xff,0x00,0xff,0xff,0xff,0x00,
    0xff,0xff,0xff,0x00,0xff,0xff,0xff,0x00,0xff,0xff,0xff,0x00,0xff,0xff,0xff,0x00,
    0xff,0xff,0xff,0x00,0xff,0xff,0xff,0x00,0xff,0xff,0xff,0x00,0xff,0xff,0xff,0x00,
    0xff,0xff,0xff,0x00,0xff,0xff,0xff,0x00,0xff,0xff,0xff,0x00,0xff,0xff,0xff,0x00,
    0xff,0xff,0xff,0x00,0xff,0xff,0xff,0x00,0xff,0xff,0xff,0x00,0xff,0xff,0xff,0x00,
    0xff,0xff,0xff,0x00,0xff,0xff,0xff,0x00,0xff,0xff,0xff,0x00,0xff,0xff,0xff,0x00,
    0xff,0xff,0xff,0x00,0xff,0xff,0xff,0x00,0xff,0xff,0xff,0x00,0xff,0xff,0xff,0x00,
    0xff,0xff,0xff,0x00,0xff,0xff,0xff,0x00,0xff,0xff,0xff,0x00,0xff,0xff,0xff,0x00,
    0xff,0xff,0xff,0x00,0xff,0xff,0xff,0x00,0xff,0xff,0xff,0x00,0xff,0xff,0xff,0x00,
    0xff,0xff,0xff,0x00,0xff,0xff,0xff,0x00,0xff,0xff,0xff,0x00,0xff,0xff,0xff,0x00,
    0xff,0xff,0xff,0x00,0xff,0xff,0xff,0x00,0xff,0xff,0xff,0x00,0xff,0xff,0xff,0x00,
    0xff,0xff,0xff,0x00,0xff,0xff,0xff,0x00,0xff,0xff,0xff,0x00,0xff,0xff,0xff,0x00,
    0xff,0xff,0xff,0x00,0xff,0xff,0xff,0x00,0xff,0xff,0xff,0x00,0xff,0xff,0xff,0x00,
    0xff,0xff,0xff,0x00,0xff,0xff,0xff,0x00,0xff,0xff,0xff,0x00,0xff,0xff,0xff,0x00,
    0xff,0xff,0xff,0x00,0xff,0xff,0xff,0x00,0xff,0xff,0xff,0x00,0xff,0xff,0xff,0x00,
    0xff,0xff,0xff,0x00,0xff,0xff,0xff,0x00,0xff,0xff,0xff,0x00,0xff,0xff,0xff,0x00,
    0xff,0xff,0xff,0x00,0xff,0xff,0xff,0x00,0xff,0xff,0xff,0x00,0xff,0xff,0xff,0x00,
    0xff,0xff,0xff,0x00,0xff,0xff,0xff,0x00,0xff,0xff,0xff,0x00,0xff,0xff,0xff,0x00,
    0xff,0xff,0xff,0x00,0xff,0xff,0xff,0x00,0xff,0xff,0xff,0x00,0xff,0xff,0xff,0x00,
    0xff,0xff,0xff,0x00,0xff,0xff,0xff,0x00,0xff,0xff,0xff,0x00,0xff,0xff,0xff,0x00,
    0xff,0xff,0xff,0x00,0xff,0xff,0xff,0x00,0xff,0xff,0xff,0x00,0xff,0xff,0xff,0x00,
    0xff,0xff,0xff,0x00,0xff,0xff,0xff,0x00,0xff,0xff,0xff,0x00,0xff,0xff,0xff,0x00,
    0xff,0xff,0xff,0x00,0xff,0xff,0xff,0x00,0xff,0xff,0xff,0x00,0xff,0xff,0xff,0x00,
    0xff,0xff,0xff,0x00,0xff,0xff,0xff,0x00,0xff,0xff,0xff,0x00,0xff,0xff,0xff,0x00,
    0xff,0xff,0xff,0x00,0xff,0xff,0xff,0x00,0xff,0xff,0xff,0x00,0xff,0xff,0xff,0x00,
    0xff,0xff,0xff,0x00,0xff,0xff,0xff,0x00,0xff,0xff,0xff,0x00,0xff,0xff,0xff,0x00,
    0xff,0xff,0xff,0x00,0xff,0xff,0xff,0x00,0xff,0xff,0xff,0x00,0xff,0xff,0xff,0x00,
    0xff,0xff,0xff,0x00,0xff,0xff,0xff,0x00,0xff,0xff,0xff,0x00,0xff,0xff,0xff,0x00,
    0xff,0xff,0xff,0x00,0xff,0xff,0xff,0x00,0xff,0xff,0xff,0x00,0xff,0xff,0xff,0x00,
    0xff,0xff,0xff,0x00,0xff,0xff,0xff,0x00,0xff,0xff,0xff,0x00,0xff,0xff,0xff,0x00,
    0xff,0xff,0xff,0x00,0xff,0xff,0xff,0x00,0xff,0xff,0xff,0x00,0xff,0xff,0xff,0x00,
    0xff,0xff,0xff,0x00,0xff,0xff,0xff,0x00,0xff,0xff,0xff,0x00,0xff,0xff,0xff,0x00,
    0xff,0xff,0xff,0x00,0xff,0xff,0xff,0x00,0xff,0xff,0xff,0x00,0xff,0xff,0xff,0x00,
    0xff,0xff,0xff,0x00,0xff,0xff,0xff,0x00,0xff,0xff,0xff,0x00,0xff,0xff,0xff,0x00,
    0xff,0xff,0xff,0x00,0xff,0xff,0xff,0x00,0xff,0xff,0xff,0x00,0xff,0xff,0xff,0x00,
    0xff,0xff,0xff,0x00,0xff,0xff,0xff,0x00,0xff,0xff,0xff,0x00,0xff,0xff,0xff,0x00,
    0xff,0xff,0xff,0x00,0xff,0xff,0xff,0x00,0xff,0xff,0xff,0x00,0xff,0xff,0xff,0x00,
    0xff,0xff,0xff,0x00,0xff,0xff,0xff,0x00,0xff,0xff,0xff,0x00,0xff,0xff,0xff,0x00,
    0xff,0xff,0xff,0x00,0xff,0xff,0xff,0x00,0xff,0xff,0xff,0x00,0xff,0xff,0xff,0x00,
    0xff,0xff,0xff,0x00,0xff,0xff,0xff,0x00,0xff,0xff,0xff,0x00,0xff,0xff,0xff,0x00,
    0xff,0xff,0xff,0x00,0xff,0xff,0xff,0x00,0xff,0xff,0xff,0x00,0xff,0xff,0xff,0x00,
    0xff,0xff,0xff,0x00,0xff,0xff,0xff,0x00,0xff,0xff,0xff,0x00,0xff,0xff,0xff,0x00,
    0xff,0xff,0xff,0x00,0xff,0xff,0xff,0x00,0xff,0xff,0xff,0x00,0xff,0xff,0xff,0x00,
    0xff,0xff,0xff,0x00,0xff,0xff,0xff,0x00,0xff,0xff,0xff,0x00,0xff,0xff,0xff,0x00,
    0xff,0xff,0xff,0x00,0xff,0xff,0xff,0x00,0xff,0xff,0xff,0x00,0xff,0xff,0xff,0x00,
    0xff,0xff,0xff,0x00,0xff,0xff,0xff,0x00,0xff,0xff,0xff,0x00,0xff,0xff,0xff,0x00,
    0xff,0xff,0xff,0x00,0xff,0xff,0xff,0x00,0xff,0xff,0xff,0x00,0xff,0xff,0xff,0x00,
    0xff,0xff,0xff,0x00,0xff,0xff,0xff,0x00,0xff,0xff,0xff,0x00,0xff,0xff,0xff,0x00,
    0xff,0xff,0xff,0x00,0xff,0xff,0xff,0x00,0xff,0xff,0xff,0x00,0xff,0xff,0xff,0x00,
    0xff,0xff,0xff,0x00,0xff,0xff,0xff,0x00,0xff,0xff,0xff,0x00,0xff,0xff,0xff,0x00,
    0xff,0xff,0xff,0x00,0xff,0xff,0xff,0x00,0xff,0xff,0xff,0x00,0xff,0xff,0xff,0x00,
    0xff,0xff,0xff,0x00,0xff,0xff,0xff,0x00,0xff,0xff,0xff,0x00,0xff,0xff,0xff,0x00,
    0xff,0xff,0xff,0x00,0xff,0xff,0xff,0x00,0xff,0xff,0xff,0x00,0xff,0xff,0xff,0x00,
    0xff,0xff,0xff,0x00,0xff,0xff,0xff,0x00,0xff,0xff,0xff,0x00,0xff,0xff,0xff,0x00,
    0xff,0xff,0xff,0x00,0xff,0xff,0xff,0x00,0xff,0xff,0xff,0x00,0xff,0xff,0xff,0x00,
    0xff,0xff,0xff,0x00,0xff,0xff,0xff,0x00,0xff,0xff,0xff,0x00,0xff,0xff,0xff,0x00,
    0xff,0xff,0xff,0x00,0xff,0xff,0xff,0x00,0xff,0xff,0xff,0x00,0xff,0xff,0xff,0x00,
    0xff,0xff,0xff,0x00,0xff,0xff,0xff,0x00,0xff,0xff,0xff,0x00,0xff,0xff,0xff,0x00,
    0xff,0xff,0xff,0x00,0xff,0xff,0xff,0x00,0xff,0xff,0xff,0x00,0xff,0xff,0xff,0x00,
    0xff,0xff,0xff,0x00,0xff,0xff,0xff,0x00,0xff,0xff,0xff,0x00,0xff,0xff,0xff,0x00,
    0xff,0xff,0xff,0x00,0xff,0xff,0xff,0x00,0xff,0xff,0xff,0x00,0xff,0xff,0xff,0x00,
    0xff,0xff,0xff,0x00,0xff,0xff,0xff,0x00,0xff,0xff,0xff,0x00,0xff,0xff,0xff,0x00,
    0xff,0xff,0xff,0x00,0xff,0xff,0xff,0x00,0xff,0xff,0xff,0x00,0xff,0xff,0xff,0x00,
};

const lv_image_dsc_t timer_icon = {
  .header = {
    .magic = LV_IMAGE_HEADER_MAGIC,
    .cf = LV_COLOR_FORMAT_ARGB8888,
    .w = 120, .h = 120, .stride = 480,
  },
  .data_size = sizeof(timer_icon_map), .data = timer_icon_map,
};
